Customer ID,Age,Gender,Item Purchased,Category,Purchase Amount (USD),Location,Size,Color,Season,Review Rating,Subscription Status,Shipping Type,Discount Applied,Promo Code Used,Previous Purchases,Payment Method,Frequency of Purchases
1,48,Female,Dress,Clothing,33,Vermont,XL,Teal,Fall,3.6,No,Standard,No,No,23,Cash,Bi-Weekly
2,39,Male,Belt,Accessories,86,New York,XL,Lavender,Spring,3.9,No,2-Day Shipping,Yes,Yes,16,PayPal,Monthly
3,36,Female,Jacket,Outerwear,100,Nebraska,M,Purple,Winter,3.8,Yes,2-Day Shipping,Yes,Yes,4,Bank Transfer,Monthly
4,40,Female,Scarf,Accessories,54,Nebraska,L,Yellow,Fall,3.9,No,Next Day Air,No,No,23,Cash,Fortnightly
5,61,Male,Jacket,Outerwear,80,Nevada,L,Green,Spring,3.5,No,Store Pickup,No,No,6,Credit Card,Monthly
6,33,Female,Pants,Clothing,69,Vermont,S,Yellow,Winter,4.7,No,Store Pickup,Yes,Yes,14,Debit Card,Annually
7,43,Female,Gloves,Accessories,60,South Carolina,M,Lavender,Summer,3.8,No,Express,No,No,15,PayPal,Every 3 Months
8,47,Female,Shoes,Footwear,79,California,XL,Orange,Spring,3.5,No,Store Pickup,Yes,Yes,4,Venmo,Quarterly
9,67,Male,Hat,Accessories,37,Nebraska,M,Silver,Winter,4.8,No,Free Shipping,No,No,18,Debit Card,Monthly
10,39,Male,Pants,Clothing,55,Iowa,S,Black,Spring,3.2,No,Next Day Air,No,No,8,Bank Transfer,Quarterly
11,58,Male,Coat,Outerwear,35,Florida,XL,Purple,Spring,4.7,No,Express,Yes,Yes,2,Credit Card,Quarterly
12,62,Female,Pants,Clothing,42,Utah,M,Orange,Fall,2.5,No,Free Shipping,No,No,11,Cash,Annually
13,43,Female,Pants,Clothing,32,Texas,M,Pink,Summer,3.5,No,Store Pickup,No,No,24,Venmo,Monthly
14,41,Female,Shoes,Footwear,37,Washington,L,White,Spring,2.6,Yes,Store Pickup,Yes,Yes,6,Credit Card,Monthly
15,39,Male,Sandals,Footwear,58,Maryland,M,Maroon,Spring,2.8,Yes,Next Day Air,Yes,Yes,28,Cash,Fortnightly
16,40,Male,Jacket,Outerwear,80,Michigan,M,White,Spring,3.9,Yes,Next Day Air,No,No,30,PayPal,Quarterly
17,57,Female,Shoes,Footwear,49,Rhode Island,S,Orange,Winter,3.8,No,Express,No,No,26,Venmo,Quarterly
18,47,Male,Jeans,Clothing,55,Georgia,L,Cyan,Fall,3.3,Yes,Next Day Air,Yes,Yes,22,Debit Card,Quarterly
19,48,Female,Jacket,Outerwear,56,Arizona,M,Pink,Winter,4.6,No,Express,Yes,Yes,31,PayPal,Monthly
20,27,Female,T-shirt,Clothing,60,Michigan,L,Charcoal,Fall,4.4,No,Free Shipping,Yes,Yes,27,PayPal,Bi-Weekly
21,29,Female,Hat,Accessories,47,New York,L,Violet,Fall,3.7,No,2-Day Shipping,No,No,13,Cash,Annually
22,70,Male,Socks,Clothing,42,Minnesota,S,Brown,Spring,2.6,No,Store Pickup,No,No,33,Debit Card,Bi-Weekly
23,41,Female,Boots,Footwear,75,Hawaii,L,Maroon,Winter,4.2,No,Store Pickup,No,No,27,Venmo,Monthly
24,32,Female,Scarf,Accessories,43,Montana,L,Teal,Winter,3.5,No,Express,Yes,Yes,37,Cash,Weekly
25,65,Female,Boots,Footwear,40,West Virginia,XL,Beige,Fall,3.8,No,Store Pickup,No,No,13,Venmo,Every 3 Months
26,48,Male,Socks,Clothing,70,Indiana,M,Maroon,Spring,4.2,No,Express,No,No,21,Cash,Bi-Weekly
27,53,Male,Sweater,Clothing,31,Massachusetts,M,Maroon,Winter,3.5,No,Express,Yes,Yes,12,Debit Card,Quarterly
28,42,Male,Socks,Clothing,78,Kansas,L,Green,Summer,4.5,No,Next Day Air,No,No,8,Credit Card,Every 3 Months
29,39,Male,Blouse,Clothing,42,Iowa,XL,Pink,Spring,3.5,No,Next Day Air,No,No,16,Debit Card,Monthly
30,41,Female,Scarf,Accessories,58,North Carolina,XL,Green,Fall,4.1,No,2-Day Shipping,No,No,12,Bank Transfer,Every 3 Months
31,23,Female,Socks,Clothing,42,Maine,M,Indigo,Winter,4.2,No,Express,No,No,2,Credit Card,Quarterly
32,43,Female,Backpack,Accessories,57,New York,M,Gold,Fall,4.3,No,Express,Yes,Yes,14,Venmo,Monthly
33,48,Male,Jeans,Clothing,50,Alabama,M,Peach,Spring,4.7,No,Express,No,No,6,Cash,Every 3 Months
34,70,Male,Pants,Clothing,42,North Dakota,L,Violet,Fall,3.2,No,Express,No,No,14,Debit Card,Every 3 Months
35,45,Male,Sunglasses,Accessories,31,Colorado,L,Charcoal,Winter,3.1,No,Express,Yes,Yes,16,Debit Card,Bi-Weekly
36,18,Male,Jeans,Clothing,49,Maine,L,Lavender,Fall,3.5,No,Express,No,No,15,Cash,Annually
37,43,Male,Socks,Clothing,72,Utah,M,Cyan,Summer,5.0,Yes,Store Pickup,Yes,Yes,7,Debit Card,Annually
38,70,Male,Blouse,Clothing,75,Kentucky,XL,Gold,Fall,4.5,Yes,Express,No,No,11,Cash,Annually
39,57,Male,Socks,Clothing,47,Ohio,S,Yellow,Spring,3.4,No,Next Day Air,No,No,28,PayPal,Bi-Weekly
40,32,Female,Scarf,Accessories,46,Louisiana,M,Purple,Winter,3.5,No,2-Day Shipping,No,No,12,Cash,Every 3 Months
41,53,Male,Blouse,Clothing,55,Virginia,M,White,Winter,3.7,No,Store Pickup,No,No,19,Cash,Fortnightly
42,33,Female,Hoodie,Clothing,58,West Virginia,M,Peach,Fall,3.9,No,Free Shipping,Yes,Yes,5,Bank Transfer,Every 3 Months
43,24,Female,Handbag,Accessories,57,Virginia,L,Pink,Spring,4.1,No,Express,Yes,Yes,12,Debit Card,Annually
44,39,Male,Jewelry,Accessories,50,Maryland,M,Purple,Summer,4.2,No,Next Day Air,No,No,1,Cash,Annually
45,45,Female,Sunglasses,Accessories,51,Kansas,S,Pink,Spring,4.5,No,Free Shipping,No,No,29,Bank Transfer,Fortnightly
46,18,Female,Hoodie,Clothing,53,New Mexico,M,Teal,Winter,4.9,No,Express,Yes,Yes,15,PayPal,Annually
47,27,Male,Coat,Outerwear,35,South Dakota,M,Green,Fall,3.5,Yes,Free Shipping,No,No,33,Venmo,Fortnightly
48,44,Male,Pants,Clothing,52,Nebraska,L,Blue,Summer,3.6,No,Free Shipping,Yes,Yes,21,Bank Transfer,Fortnightly
49,38,Female,Blouse,Clothing,71,Oregon,M,Maroon,Winter,3.5,No,Express,No,No,5,Venmo,Quarterly
50,50,Male,Shoes,Footwear,88,Utah,M,Beige,Winter,3.5,Yes,Free Shipping,Yes,Yes,32,Debit Card,Fortnightly
51,26,Male,Backpack,Accessories,82,Pennsylvania,S,Black,Winter,4.0,Yes,Standard,No,No,3,Debit Card,Annually
52,55,Male,Jewelry,Accessories,58,Maine,L,Black,Summer,4.1,No,Store Pickup,No,No,17,PayPal,Bi-Weekly
53,26,Female,Boots,Footwear,47,Illinois,M,Black,Spring,4.7,Yes,2-Day Shipping,Yes,Yes,16,PayPal,Monthly
54,69,Female,Dress,Clothing,49,Michigan,M,Purple,Summer,3.3,No,Next Day Air,Yes,Yes,13,PayPal,Every 3 Months
55,18,Female,Shoes,Footwear,48,New Hampshire,M,Orange,Summer,3.9,No,2-Day Shipping,No,No,6,Bank Transfer,Quarterly
56,28,Female,Sunglasses,Accessories,34,Texas,M,White,Fall,3.2,No,Express,No,No,37,Cash,Bi-Weekly
57,50,Male,Socks,Clothing,43,Kansas,M,Gray,Summer,3.9,No,Standard,Yes,Yes,29,Bank Transfer,Bi-Weekly
58,69,Female,Jeans,Clothing,46,Florida,S,Green,Fall,5.0,No,Next Day Air,Yes,Yes,21,Debit Card,Bi-Weekly
59,49,Male,Skirt,Clothing,42,Kansas,L,Maroon,Spring,3.6,Yes,Store Pickup,Yes,Yes,28,Venmo,Fortnightly
60,52,Male,Coat,Outerwear,89,New Jersey,M,Silver,Spring,5.0,Yes,Standard,Yes,Yes,11,Bank Transfer,Quarterly
61,44,Female,Blouse,Clothing,68,Idaho,M,White,Winter,3.2,No,Next Day Air,No,No,12,Debit Card,Quarterly
62,29,Male,Sweater,Clothing,57,Maryland,XL,Red,Summer,3.4,No,2-Day Shipping,No,No,8,PayPal,Annually
63,37,Female,Gloves,Accessories,63,Illinois,M,Maroon,Spring,3.5,No,Express,Yes,Yes,29,Venmo,Bi-Weekly
64,26,Female,Sunglasses,Accessories,68,Wyoming,M,Yellow,Winter,3.9,Yes,Standard,Yes,Yes,24,Cash,Monthly
65,25,Female,T-shirt,Clothing,46,Montana,M,Charcoal,Spring,3.6,No,Standard,No,No,36,PayPal,Weekly
66,50,Female,Shoes,Footwear,95,Oregon,M,Magenta,Winter,4.1,Yes,2-Day Shipping,No,No,16,Credit Card,Monthly
67,27,Female,Handbag,Accessories,51,Nebraska,S,Gold,Summer,2.1,Yes,Next Day Air,No,No,12,Bank Transfer,Annually
68,49,Male,Sneakers,Footwear,33,Alabama,L,Charcoal,Summer,3.1,No,Store Pickup,Yes,Yes,8,Cash,Annually
69,24,Male,Dress,Clothing,67,Indiana,M,Indigo,Summer,4.8,Yes,Express,Yes,Yes,29,Debit Card,Monthly
70,48,Male,Jeans,Clothing,73,Tennessee,L,Silver,Spring,2.9,Yes,Free Shipping,No,No,3,Venmo,Quarterly
71,37,Male,Hat,Accessories,52,Montana,XL,Gray,Summer,3.5,No,Express,No,No,28,Debit Card,Quarterly
72,65,Male,T-shirt,Clothing,78,Oklahoma,S,Teal,Summer,4.1,No,Store Pickup,No,No,10,PayPal,Annually
73,49,Female,Gloves,Accessories,60,Rhode Island,L,Peach,Summer,3.7,No,Store Pickup,No,No,16,PayPal,Bi-Weekly
74,63,Male,Dress,Clothing,45,New Hampshire,S,Purple,Summer,3.2,No,Next Day Air,No,No,11,Bank Transfer,Annually
75,33,Male,Boots,Footwear,56,New Hampshire,M,Gold,Fall,3.9,Yes,Standard,No,No,15,Credit Card,Annually
76,45,Male,Boots,Footwear,62,Idaho,L,Turquoise,Spring,4.2,No,2-Day Shipping,Yes,Yes,25,Credit Card,Monthly
77,29,Male,Sandals,Footwear,61,Illinois,S,Cyan,Summer,3.3,No,Free Shipping,Yes,Yes,1,PayPal,Every 3 Months
78,38,Female,Jacket,Outerwear,93,Delaware,XL,Indigo,Winter,3.8,Yes,Next Day Air,Yes,Yes,13,Venmo,Annually
79,40,Female,Boots,Footwear,73,Iowa,M,Silver,Winter,4.2,No,Store Pickup,No,No,5,Debit Card,Every 3 Months
80,33,Female,Blouse,Clothing,33,New York,M,Purple,Fall,4.3,No,2-Day Shipping,Yes,Yes,5,Debit Card,Annually
81,26,Female,Skirt,Clothing,61,Washington,S,Gray,Summer,3.9,Yes,Next Day Air,Yes,Yes,19,Credit Card,Monthly
82,23,Male,Boots,Footwear,46,Michigan,M,Gold,Summer,4.7,Yes,Store Pickup,No,No,11,Debit Card,Every 3 Months
83,18,Female,Coat,Outerwear,91,New Mexico,M,Lavender,Winter,3.6,No,Store Pickup,No,No,3,Debit Card,Annually
84,28,Male,Jacket,Outerwear,52,Utah,M,Magenta,Summer,3.0,No,Standard,No,No,5,Bank Transfer,Every 3 Months
85,53,Male,Boots,Footwear,69,North Dakota,M,Black,Winter,3.5,Yes,Free Shipping,Yes,Yes,13,Venmo,Quarterly
86,20,Male,Skirt,Clothing,47,Indiana,S,Gold,Spring,4.4,No,Store Pickup,Yes,Yes,3,Debit Card,Every 3 Months
87,23,Female,Jacket,Outerwear,36,Iowa,XL,Brown,Fall,3.1,No,Free Shipping,Yes,Yes,23,Venmo,Monthly
88,70,Male,Jacket,Outerwear,48,New York,M,Brown,Fall,2.3,No,Next Day Air,Yes,Yes,37,Venmo,Weekly
89,34,Male,Scarf,Accessories,59,Iowa,M,Green,Summer,4.0,Yes,2-Day Shipping,No,No,6,Credit Card,Annually
90,49,Male,Sneakers,Footwear,69,Illinois,L,Beige,Summer,3.4,No,Free Shipping,No,No,7,Debit Card,Every 3 Months
91,54,Male,Hat,Accessories,65,New Jersey,L,Pink,Spring,5.0,No,2-Day Shipping,No,No,12,Bank Transfer,Every 3 Months
92,54,Female,Coat,Outerwear,47,New York,L,Pink,Summer,3.8,No,Free Shipping,Yes,Yes,4,Venmo,Every 3 Months
93,21,Male,T-shirt,Clothing,69,Illinois,XL,Cyan,Summer,4.4,Yes,Store Pickup,Yes,Yes,5,Bank Transfer,Annually
94,41,Male,Boots,Footwear,75,Arizona,M,Turquoise,Fall,3.4,No,Next Day Air,No,No,4,PayPal,Monthly
95,20,Male,Shirt,Clothing,66,Rhode Island,M,Orange,Fall,4.1,No,Next Day Air,Yes,Yes,6,Bank Transfer,Every 3 Months
96,70,Female,Dress,Clothing,52,Maryland,L,Gray,Summer,3.9,No,Store Pickup,No,No,23,Debit Card,Fortnightly
97,20,Male,Jeans,Clothing,59,New York,S,Charcoal,Fall,4.5,No,Free Shipping,No,No,16,Credit Card,Quarterly
98,28,Male,Sunglasses,Accessories,59,Florida,L,Lavender,Fall,3.9,No,Express,No,No,23,Bank Transfer,Monthly
99,28,Male,Shorts,Clothing,80,Kansas,S,Yellow,Spring,3.4,No,Store Pickup,No,No,13,Bank Transfer,Every 3 Months
100,22,Female,Coat,Outerwear,95,New Mexico,XL,Beige,Winter,4.2,No,Standard,No,No,13,Debit Card,Annually
101,64,Female,Belt,Accessories,67,Connecticut,L,Beige,Winter,3.3,No,Store Pickup,Yes,Yes,11,Bank Transfer,Quarterly
102,70,Female,Sandals,Footwear,61,Kansas,M,Lavender,Summer,3.2,No,Store Pickup,No,No,12,Venmo,Annually
103,37,Male,Shirt,Clothing,58,Oklahoma,M,Violet,Winter,3.7,No,Next Day Air,No,No,13,Cash,Quarterly
104,24,Female,Jeans,Clothing,59,Rhode Island,XL,Gray,Summer,3.5,No,Next Day Air,No,No,23,Bank Transfer,Quarterly
105,18,Female,Sandals,Footwear,63,Louisiana,L,Red,Spring,3.7,No,Next Day Air,Yes,Yes,8,Cash,Annually
106,40,Female,Jewelry,Accessories,55,Colorado,L,Orange,Winter,3.3,Yes,2-Day Shipping,Yes,Yes,11,PayPal,Annually
107,39,Male,Backpack,Accessories,88,Alaska,L,Charcoal,Summer,4.4,No,2-Day Shipping,No,No,11,PayPal,Quarterly
108,34,Male,Boots,Footwear,53,Nevada,S,Violet,Summer,4.3,Yes,Free Shipping,Yes,Yes,21,Venmo,Monthly
109,47,Male,Sandals,Footwear,81,Ohio,S,Charcoal,Fall,4.1,No,Next Day Air,No,No,26,PayPal,Bi-Weekly
110,50,Female,Sunglasses,Accessories,22,New Jersey,M,Maroon,Summer,4.2,No,Standard,Yes,Yes,14,Bank Transfer,Every 3 Months
111,49,Male,Coat,Outerwear,64,Massachusetts,L,Pink,Summer,2.5,No,Free Shipping,No,No,26,Bank Transfer,Fortnightly
112,39,Male,Jewelry,Accessories,58,Alaska,L,Pink,Winter,3.8,Yes,Free Shipping,Yes,Yes,17,PayPal,Monthly
113,27,Male,Belt,Accessories,61,Idaho,M,Turquoise,Summer,4.3,No,Next Day Air,Yes,Yes,6,Credit Card,Annually
114,54,Female,Jeans,Clothing,52,Alaska,XL,Purple,Fall,4.5,No,2-Day Shipping,No,No,11,Credit Card,Quarterly
115,44,Male,Shorts,Clothing,80,Mississippi,S,Pink,Fall,3.6,No,Express,Yes,Yes,20,Venmo,Fortnightly
116,57,Female,Skirt,Clothing,54,Kansas,L,Brown,Winter,4.5,No,Free Shipping,No,No,5,Credit Card,Monthly
117,56,Female,Sneakers,Footwear,44,Arkansas,M,Gray,Summer,3.8,No,Standard,Yes,Yes,16,Venmo,Bi-Weekly
118,23,Female,Hat,Accessories,42,New Mexico,M,Green,Summer,2.2,No,Express,No,No,13,Bank Transfer,Every 3 Months
119,22,Male,Hoodie,Clothing,50,Maine,S,Indigo,Winter,3.6,No,Next Day Air,No,No,24,Debit Card,Monthly
120,33,Female,Hat,Accessories,69,Wisconsin,L,Blue,Summer,3.2,No,Next Day Air,No,No,4,Bank Transfer,Every 3 Months
121,28,Female,Dress,Clothing,72,Massachusetts,L,Blue,Summer,3.3,No,Standard,No,No,6,Cash,Every 3 Months
122,55,Female,Socks,Clothing,45,California,M,Magenta,Spring,4.3,Yes,Express,Yes,Yes,15,Bank Transfer,Every 3 Months
123,49,Male,Jacket,Outerwear,61,Oklahoma,M,Red,Summer,3.8,Yes,2-Day Shipping,No,No,24,Venmo,Monthly
124,60,Male,Socks,Clothing,41,Oklahoma,M,Violet,Spring,3.4,No,Standard,No,No,17,Cash,Monthly
125,50,Male,Blouse,Clothing,53,Washington,M,White,Summer,3.3,No,2-Day Shipping,No,No,25,Credit Card,Monthly
126,47,Male,Belt,Accessories,72,Ohio,M,Maroon,Fall,4.0,No,Store Pickup,No,No,24,Venmo,Monthly
127,62,Male,T-shirt,Clothing,67,Maine,M,Violet,Fall,3.6,Yes,Free Shipping,No,No,35,Venmo,Fortnightly
128,51,Male,Belt,Accessories,72,North Dakota,L,Magenta,Spring,4.2,Yes,2-Day Shipping,No,No,6,PayPal,Quarterly
129,45,Male,Jacket,Outerwear,86,South Carolina,L,Magenta,Summer,3.1,Yes,Standard,No,No,20,Credit Card,Fortnightly
130,66,Female,Jewelry,Accessories,48,Montana,S,Cyan,Summer,3.5,No,Free Shipping,Yes,Yes,19,Bank Transfer,Monthly
131,46,Male,Backpack,Accessories,37,South Carolina,L,Peach,Spring,3.1,No,Store Pickup,Yes,Yes,12,PayPal,Every 3 Months
132,39,Female,Skirt,Clothing,49,Wisconsin,M,Gray,Summer,3.4,No,Next Day Air,No,No,6,Bank Transfer,Annually
133,31,Female,Belt,Accessories,70,Pennsylvania,XL,Maroon,Fall,5.0,No,Next Day Air,No,No,30,PayPal,Fortnightly
134,55,Male,Shirt,Clothing,74,Montana,M,White,Spring,3.3,Yes,2-Day Shipping,Yes,Yes,5,Debit Card,Annually
135,63,Female,Hoodie,Clothing,59,Missouri,S,Olive,Summer,3.4,No,Store Pickup,Yes,Yes,19,Credit Card,Quarterly
136,43,Male,Boots,Footwear,75,Tennessee,L,Gray,Summer,3.2,No,Free Shipping,No,No,5,PayPal,Every 3 Months
137,64,Female,T-shirt,Clothing,60,Utah,S,Pink,Spring,3.6,No,Store Pickup,Yes,Yes,6,Credit Card,Quarterly
138,18,Male,Sunglasses,Accessories,52,Indiana,L,Red,Fall,3.7,No,2-Day Shipping,No,No,13,Bank Transfer,Every 3 Months
139,43,Female,T-shirt,Clothing,33,Alabama,XL,Peach,Fall,4.4,No,Free Shipping,Yes,Yes,24,Credit Card,Quarterly
140,43,Male,Sandals,Footwear,80,South Dakota,L,Black,Summer,3.4,No,Standard,Yes,Yes,23,Bank Transfer,Bi-Weekly
141,33,Male,Socks,Clothing,62,Idaho,M,Cyan,Spring,3.8,Yes,Express,Yes,Yes,2,Debit Card,Annually
142,70,Male,Blouse,Clothing,51,Wyoming,M,Brown,Winter,2.6,No,Standard,Yes,Yes,26,Bank Transfer,Fortnightly
143,43,Female,Sandals,Footwear,58,Alaska,M,White,Spring,3.1,No,Store Pickup,No,No,22,Cash,Fortnightly
144,38,Female,Hat,Accessories,87,Virginia,S,Gray,Spring,4.4,Yes,Free Shipping,Yes,Yes,9,Debit Card,Every 3 Months
145,44,Male,Jacket,Outerwear,84,North Dakota,XL,Magenta,Spring,3.1,No,Free Shipping,No,No,12,PayPal,Quarterly
146,18,Male,Pants,Clothing,52,Kansas,M,Violet,Spring,4.2,No,Express,Yes,Yes,8,Cash,Annually
147,33,Male,Scarf,Accessories,71,Alaska,M,Yellow,Winter,3.2,Yes,Express,No,No,24,Debit Card,Monthly
148,59,Male,Coat,Outerwear,88,Texas,M,Cyan,Winter,3.5,No,Free Shipping,Yes,Yes,7,Cash,Quarterly
149,35,Male,Hat,Accessories,69,Colorado,XL,Turquoise,Fall,4.8,Yes,Next Day Air,Yes,Yes,16,Credit Card,Quarterly
150,32,Male,Hat,Accessories,65,California,XL,Red,Winter,4.2,Yes,Store Pickup,No,No,20,Cash,Monthly
151,64,Female,Dress,Clothing,31,South Carolina,M,Peach,Fall,2.5,Yes,Store Pickup,No,No,23,Bank Transfer,Monthly
152,64,Female,Scarf,Accessories,77,North Dakota,M,Charcoal,Summer,5.0,No,Express,No,No,16,Bank Transfer,Monthly
153,52,Male,Boots,Footwear,44,Connecticut,L,Purple,Fall,3.0,No,Next Day Air,Yes,Yes,37,Cash,Bi-Weekly
154,37,Female,Belt,Accessories,27,Louisiana,M,Peach,Summer,4.9,No,Free Shipping,No,No,18,PayPal,Bi-Weekly
155,40,Male,Coat,Outerwear,39,North Dakota,XL,Magenta,Winter,3.3,No,2-Day Shipping,No,No,12,PayPal,Every 3 Months
156,32,Female,Handbag,Accessories,49,North Carolina,XL,Orange,Winter,3.0,Yes,Standard,Yes,Yes,9,Debit Card,Quarterly
157,29,Male,Sunglasses,Accessories,65,Maine,L,Cyan,Winter,3.5,No,Next Day Air,No,No,12,Venmo,Annually
158,28,Female,Blouse,Clothing,77,Massachusetts,S,Peach,Fall,3.3,No,Free Shipping,Yes,Yes,23,Bank Transfer,Monthly
159,35,Female,Backpack,Accessories,62,Arkansas,L,Brown,Fall,3.4,No,Next Day Air,Yes,Yes,5,Debit Card,Every 3 Months
160,28,Female,Shoes,Footwear,88,Alabama,XL,Gray,Spring,3.7,No,Free Shipping,Yes,Yes,9,Credit Card,Monthly
161,21,Male,Scarf,Accessories,51,Wisconsin,M,Maroon,Fall,4.0,No,Standard,Yes,Yes,22,PayPal,Fortnightly
162,47,Female,Skirt,Clothing,54,Idaho,L,Charcoal,Spring,4.6,No,Store Pickup,No,No,9,Debit Card,Every 3 Months
163,48,Male,Belt,Accessories,27,Washington,M,Violet,Fall,3.9,No,Free Shipping,No,No,12,Credit Card,Annually
164,70,Male,Belt,Accessories,48,Arizona,XL,Violet,Spring,3.8,No,Store Pickup,Yes,Yes,7,Venmo,Monthly
165,34,Female,Coat,Outerwear,41,Wyoming,L,Magenta,Summer,3.2,Yes,Next Day Air,Yes,Yes,13,Debit Card,Every 3 Months
166,48,Male,Skirt,Clothing,37,Michigan,S,Orange,Winter,3.5,No,2-Day Shipping,No,No,31,Debit Card,Bi-Weekly
167,49,Female,Skirt,Clothing,68,South Dakota,M,Gray,Summer,3.4,No,Store Pickup,No,No,28,Venmo,Quarterly
168,40,Female,Socks,Clothing,31,Texas,S,Cyan,Fall,2.9,No,Express,No,No,5,Debit Card,Quarterly
169,55,Male,Hoodie,Clothing,33,Louisiana,M,Yellow,Summer,5.0,No,Standard,No,No,19,Debit Card,Quarterly
170,56,Female,Coat,Outerwear,40,Oregon,XL,Lavender,Summer,3.7,No,2-Day Shipping,No,No,19,Venmo,Bi-Weekly
171,49,Male,T-shirt,Clothing,76,Kentucky,M,White,Spring,3.9,Yes,2-Day Shipping,Yes,Yes,3,PayPal,Annually
172,40,Male,Scarf,Accessories,89,South Carolina,XL,Black,Spring,4.5,Yes,Express,No,No,5,PayPal,Quarterly
173,39,Male,Hoodie,Clothing,57,West Virginia,S,Blue,Summer,2.2,No,Standard,No,No,22,Cash,Monthly
174,23,Female,Gloves,Accessories,72,South Dakota,L,Magenta,Spring,5.0,No,2-Day Shipping,No,No,2,Venmo,Monthly
175,32,Male,Jacket,Outerwear,49,Oregon,XL,Silver,Winter,3.1,No,Store Pickup,No,No,9,Cash,Every 3 Months
176,35,Male,Handbag,Accessories,77,Maine,L,Lavender,Fall,3.2,No,Standard,No,No,15,Bank Transfer,Annually
177,27,Male,Jeans,Clothing,47,Colorado,XL,Teal,Spring,3.4,No,Store Pickup,Yes,Yes,2,Bank Transfer,Every 3 Months
178,51,Female,Hoodie,Clothing,69,Montana,XL,Brown,Winter,4.3,No,Standard,No,No,11,PayPal,Annually
179,62,Female,Coat,Outerwear,68,Connecticut,L,Turquoise,Summer,4.9,No,Store Pickup,Yes,Yes,13,Debit Card,Every 3 Months
180,30,Female,Coat,Outerwear,37,Montana,L,Magenta,Fall,4.6,No,Store Pickup,Yes,Yes,15,PayPal,Every 3 Months
181,48,Female,Jeans,Clothing,44,Utah,S,Gray,Fall,3.4,No,2-Day Shipping,No,No,8,Venmo,Annually
182,28,Female,Scarf,Accessories,66,Colorado,M,Peach,Winter,2.7,Yes,Store Pickup,Yes,Yes,7,PayPal,Monthly
183,39,Male,Sweater,Clothing,28,Virginia,M,Silver,Spring,3.5,No,Express,No,No,20,PayPal,Quarterly
184,34,Male,Sunglasses,Accessories,62,New Jersey,L,White,Summer,3.4,No,Express,No,No,18,Venmo,Monthly
185,53,Female,Shirt,Clothing,35,Arizona,L,Blue,Summer,2.7,No,2-Day Shipping,No,No,10,Cash,Quarterly
186,34,Female,Shoes,Footwear,69,Oregon,M,Purple,Fall,4.0,No,Next Day Air,Yes,Yes,2,Cash,Every 3 Months
187,59,Male,Jacket,Outerwear,46,Alabama,XL,Gray,Winter,3.6,No,Next Day Air,No,No,6,Cash,Every 3 Months
188,40,Male,Hoodie,Clothing,71,New Mexico,S,Maroon,Summer,4.0,Yes,2-Day Shipping,Yes,Yes,22,Cash,Monthly
189,34,Female,Gloves,Accessories,70,Montana,XL,Magenta,Summer,4.2,No,Express,No,No,13,Venmo,Quarterly
190,25,Male,Blouse,Clothing,55,Pennsylvania,S,Silver,Spring,4.1,No,Standard,Yes,Yes,7,Venmo,Every 3 Months
191,48,Female,Pants,Clothing,57,Maine,M,Indigo,Fall,3.7,No,Next Day Air,No,No,22,Bank Transfer,Quarterly
192,57,Male,Sweater,Clothing,82,Colorado,L,Gold,Summer,4.7,No,Next Day Air,Yes,Yes,17,Debit Card,Monthly
193,48,Male,Shirt,Clothing,45,Maryland,M,Maroon,Fall,3.4,No,Next Day Air,No,No,13,Bank Transfer,Monthly
194,70,Female,Coat,Outerwear,65,Rhode Island,L,Pink,Winter,3.2,Yes,Next Day Air,No,No,3,Debit Card,Annually
195,65,Male,Pants,Clothing,68,West Virginia,L,Turquoise,Fall,3.6,No,Store Pickup,No,No,12,PayPal,Annually
196,39,Male,Sneakers,Footwear,67,Hawaii,L,Beige,Spring,4.0,No,Free Shipping,No,No,8,Bank Transfer,Every 3 Months
197,39,Female,T-shirt,Clothing,54,Louisiana,M,Orange,Winter,4.1,No,Store Pickup,Yes,Yes,20,Cash,Quarterly
198,51,Female,Scarf,Accessories,38,Utah,M,Black,Summer,3.5,No,Express,Yes,Yes,14,Cash,Annually
199,31,Male,Belt,Accessories,73,Kansas,S,Peach,Summer,3.6,No,2-Day Shipping,No,No,19,Bank Transfer,Bi-Weekly
200,61,Male,Jacket,Outerwear,48,Illinois,M,Peach,Winter,4.4,No,Next Day Air,No,No,43,Bank Transfer,Fortnightly
201,49,Female,Dress,Clothing,94,Tennessee,S,Turquoise,Fall,2.9,No,Express,Yes,Yes,12,Bank Transfer,Every 3 Months
202,48,Female,Sweater,Clothing,39,Missouri,M,Charcoal,Winter,5.0,No,Standard,No,No,7,Debit Card,Every 3 Months
203,54,Male,Backpack,Accessories,39,New Jersey,L,Silver,Winter,3.6,No,Express,Yes,Yes,10,Cash,Annually
204,70,Male,Scarf,Accessories,68,Missouri,XL,Purple,Summer,3.6,Yes,Store Pickup,No,No,31,Cash,Bi-Weekly
205,47,Male,Jewelry,Accessories,72,New Mexico,L,Pink,Winter,4.0,Yes,Express,Yes,Yes,12,Cash,Annually
206,42,Male,Dress,Clothing,42,Indiana,S,Peach,Spring,4.0,No,Next Day Air,No,No,10,Credit Card,Annually
207,67,Male,Shirt,Clothing,91,Oregon,M,Olive,Winter,3.3,Yes,Express,Yes,Yes,16,Credit Card,Monthly
208,59,Female,Sneakers,Footwear,65,Maine,S,Black,Winter,3.9,No,Express,No,No,4,Venmo,Annually
209,39,Male,Gloves,Accessories,53,Nebraska,M,Teal,Spring,3.2,No,Next Day Air,Yes,Yes,27,Credit Card,Monthly
210,44,Male,Jewelry,Accessories,63,Georgia,M,Indigo,Spring,3.4,No,Store Pickup,No,No,10,Debit Card,Annually
211,47,Female,Dress,Clothing,77,Alabama,XL,Blue,Spring,2.7,No,Express,Yes,Yes,17,Credit Card,Monthly
212,49,Female,Pants,Clothing,84,New Hampshire,L,Peach,Summer,3.8,No,Express,Yes,Yes,15,Venmo,Annually
213,24,Male,Coat,Outerwear,71,Connecticut,M,White,Winter,3.5,No,Free Shipping,Yes,Yes,14,Cash,Monthly
214,21,Female,Hat,Accessories,37,Virginia,L,Purple,Spring,2.5,No,Standard,No,No,16,Debit Card,Quarterly
215,31,Female,T-shirt,Clothing,38,West Virginia,XL,Gold,Spring,3.3,No,Standard,Yes,Yes,13,Bank Transfer,Annually
216,30,Female,Jacket,Outerwear,51,Kansas,S,Teal,Summer,3.6,Yes,Standard,Yes,Yes,25,Bank Transfer,Quarterly
217,34,Male,Handbag,Accessories,53,Iowa,L,Turquoise,Summer,4.3,Yes,Express,Yes,Yes,9,Credit Card,Annually
218,54,Male,Shorts,Clothing,59,Montana,M,Green,Fall,2.9,No,Free Shipping,No,No,15,Credit Card,Monthly
219,41,Female,Blouse,Clothing,61,Hawaii,S,Olive,Fall,3.5,No,Standard,Yes,Yes,5,Debit Card,Quarterly
220,47,Male,Hat,Accessories,75,Utah,XL,Teal,Winter,3.1,No,Store Pickup,Yes,Yes,10,Venmo,Annually
221,26,Male,Shirt,Clothing,25,Colorado,S,Brown,Summer,4.1,No,Standard,No,No,9,Bank Transfer,Quarterly
222,37,Male,Gloves,Accessories,57,Minnesota,L,Green,Summer,3.3,No,Standard,No,No,18,Cash,Bi-Weekly
223,53,Female,Sunglasses,Accessories,64,Georgia,S,Magenta,Spring,4.1,No,Store Pickup,Yes,Yes,19,Debit Card,Monthly
224,53,Female,T-shirt,Clothing,20,Tennessee,M,Beige,Winter,3.5,No,Next Day Air,No,No,18,PayPal,Fortnightly
225,33,Male,Coat,Outerwear,75,Delaware,L,Charcoal,Spring,2.6,No,Store Pickup,No,No,7,Venmo,Quarterly
226,46,Female,Socks,Clothing,100,Minnesota,L,Peach,Fall,3.7,No,2-Day Shipping,No,No,5,Debit Card,Quarterly
227,70,Male,Jeans,Clothing,70,Tennessee,L,Gold,Winter,3.0,No,Store Pickup,Yes,Yes,12,Debit Card,Every 3 Months
228,44,Female,Jewelry,Accessories,68,Minnesota,L,Gold,Fall,4.4,Yes,2-Day Shipping,No,No,6,Credit Card,Every 3 Months
229,34,Female,Jewelry,Accessories,53,Georgia,M,Gray,Fall,4.8,No,Next Day Air,Yes,Yes,4,Cash,Monthly
230,41,Male,Socks,Clothing,68,Delaware,S,Brown,Spring,4.1,Yes,Store Pickup,No,No,13,PayPal,Every 3 Months
231,45,Male,Backpack,Accessories,88,New Mexico,L,Peach,Fall,3.4,Yes,Free Shipping,Yes,Yes,19,Cash,Monthly
232,42,Male,Boots,Footwear,60,Connecticut,M,Gold,Spring,3.7,Yes,Express,No,No,17,Cash,Quarterly
233,44,Female,Shoes,Footwear,79,Louisiana,S,Pink,Fall,3.8,No,Next Day Air,No,No,18,Cash,Fortnightly
234,22,Female,Boots,Footwear,67,New Mexico,XL,Teal,Fall,4.3,No,2-Day Shipping,Yes,Yes,28,Bank Transfer,Fortnightly
235,30,Female,Skirt,Clothing,84,Maine,M,Magenta,Summer,3.6,No,2-Day Shipping,Yes,Yes,7,Debit Card,Quarterly
236,42,Female,Pants,Clothing,75,Tennessee,S,Violet,Fall,3.9,No,Next Day Air,No,No,29,Bank Transfer,Quarterly
237,42,Male,Belt,Accessories,60,Ohio,XL,Charcoal,Fall,2.7,No,Standard,No,No,3,Credit Card,Annually
238,36,Female,Socks,Clothing,60,Connecticut,M,Yellow,Spring,3.8,No,Store Pickup,No,No,25,Bank Transfer,Monthly
239,41,Male,Shoes,Footwear,61,South Dakota,L,Green,Summer,3.1,Yes,Free Shipping,No,No,34,Debit Card,Bi-Weekly
240,45,Male,Shorts,Clothing,80,Virginia,S,Gray,Summer,3.7,Yes,Free Shipping,No,No,14,PayPal,Quarterly
241,57,Female,Pants,Clothing,49,Hawaii,M,Yellow,Spring,3.1,No,Store Pickup,No,No,7,Bank Transfer,Monthly
242,43,Female,Hoodie,Clothing,60,Louisiana,L,Magenta,Summer,3.9,No,Standard,Yes,Yes,9,PayPal,Annually
243,50,Male,Socks,Clothing,55,Maryland,M,Red,Spring,4.1,No,2-Day Shipping,Yes,Yes,17,Venmo,Quarterly
244,36,Male,Pants,Clothing,43,Michigan,L,Teal,Summer,3.6,Yes,2-Day Shipping,No,No,24,Credit Card,Bi-Weekly
245,53,Female,Gloves,Accessories,61,Mississippi,M,Magenta,Spring,3.2,No,Standard,No,No,13,Venmo,Annually
246,50,Female,Backpack,Accessories,33,Vermont,M,Gray,Spring,4.1,No,Standard,No,No,23,Venmo,Monthly
247,57,Female,Socks,Clothing,51,North Carolina,S,Maroon,Winter,4.6,No,Express,Yes,Yes,23,PayPal,Monthly
248,55,Male,Hoodie,Clothing,75,Vermont,M,Indigo,Spring,4.9,Yes,Standard,No,No,5,Bank Transfer,Quarterly
249,53,Male,Boots,Footwear,69,Louisiana,M,Lavender,Spring,3.9,Yes,Standard,Yes,Yes,8,Bank Transfer,Quarterly
250,43,Male,Jeans,Clothing,60,Nebraska,L,Cyan,Summer,3.9,No,Express,No,No,5,Cash,Quarterly
251,48,Female,Gloves,Accessories,43,Colorado,M,Violet,Spring,3.0,No,Store Pickup,Yes,Yes,37,Credit Card,Bi-Weekly
252,60,Female,Jewelry,Accessories,74,Indiana,M,Orange,Winter,4.5,No,2-Day Shipping,Yes,Yes,31,Debit Card,Quarterly
253,34,Male,Belt,Accessories,43,New Jersey,M,Silver,Winter,2.4,No,Next Day Air,Yes,Yes,8,Venmo,Monthly
254,35,Male,Sneakers,Footwear,71,Florida,M,Pink,Winter,4.4,No,Standard,Yes,Yes,27,PayPal,Bi-Weekly
255,47,Male,Scarf,Accessories,78,Wisconsin,M,Green,Winter,3.8,No,Free Shipping,No,No,22,PayPal,Quarterly
256,50,Female,Jacket,Outerwear,44,Indiana,L,Gray,Spring,2.1,No,Express,No,No,3,Debit Card,Annually
257,32,Female,Shoes,Footwear,53,Florida,L,Yellow,Fall,3.9,No,Store Pickup,No,No,23,Credit Card,Monthly
258,43,Male,Pants,Clothing,56,South Carolina,L,Beige,Spring,3.6,Yes,Store Pickup,Yes,Yes,5,Bank Transfer,Quarterly
259,43,Male,Blouse,Clothing,68,California,M,Gray,Summer,3.4,Yes,Express,Yes,Yes,13,Debit Card,Every 3 Months
260,18,Female,T-shirt,Clothing,43,Kentucky,S,Red,Summer,3.5,No,Standard,Yes,Yes,6,Debit Card,Annually
261,41,Male,Shorts,Clothing,39,Georgia,L,Olive,Fall,3.7,No,2-Day Shipping,No,No,7,Cash,Annually
262,42,Female,Belt,Accessories,56,Ohio,M,Peach,Summer,3.7,No,Next Day Air,No,No,14,Debit Card,Quarterly
263,42,Male,Shirt,Clothing,49,Texas,L,Beige,Summer,2.8,No,2-Day Shipping,Yes,Yes,14,Credit Card,Quarterly
264,65,Male,Skirt,Clothing,62,Georgia,XL,Cyan,Winter,3.9,Yes,Express,No,No,16,Cash,Fortnightly
265,26,Female,Skirt,Clothing,72,Massachusetts,M,Orange,Spring,3.5,No,Next Day Air,No,No,26,PayPal,Fortnightly
266,32,Male,Sunglasses,Accessories,31,Mississippi,L,Gray,Summer,4.7,No,Free Shipping,No,No,11,Cash,Every 3 Months
267,18,Male,Scarf,Accessories,55,Ohio,M,Magenta,Summer,4.3,No,Express,No,No,21,Venmo,Bi-Weekly
268,37,Male,Jacket,Outerwear,65,Louisiana,M,White,Winter,4.2,Yes,Free Shipping,No,No,2,Cash,Every 3 Months
269,38,Male,T-shirt,Clothing,58,Nebraska,S,Peach,Fall,4.8,No,Express,No,No,24,PayPal,Monthly
270,36,Male,T-shirt,Clothing,49,Montana,M,Peach,Spring,4.1,No,2-Day Shipping,No,No,32,Venmo,Monthly
271,61,Male,Coat,Outerwear,55,Alabama,M,Charcoal,Spring,3.5,Yes,Next Day Air,No,No,25,Credit Card,Bi-Weekly
272,57,Male,Backpack,Accessories,69,New Hampshire,L,Orange,Winter,2.2,Yes,2-Day Shipping,Yes,Yes,34,Debit Card,Weekly
273,45,Male,Sunglasses,Accessories,100,New Hampshire,L,Yellow,Winter,3.9,No,Next Day Air,Yes,Yes,18,Venmo,Bi-Weekly
274,38,Female,Gloves,Accessories,61,Wyoming,M,Peach,Winter,4.8,Yes,Next Day Air,Yes,Yes,8,Credit Card,Quarterly
275,59,Female,T-shirt,Clothing,52,Montana,M,Silver,Spring,4.2,Yes,Next Day Air,Yes,Yes,25,Credit Card,Quarterly
276,44,Male,Boots,Footwear,54,Vermont,L,White,Fall,3.3,Yes,Free Shipping,Yes,Yes,2,Debit Card,Annually
277,32,Male,Scarf,Accessories,78,Louisiana,M,Violet,Fall,3.8,Yes,Free Shipping,No,No,8,Cash,Annually
278,18,Male,Jewelry,Accessories,43,Ohio,L,Green,Winter,3.4,No,Free Shipping,No,No,5,PayPal,Every 3 Months
279,37,Female,Belt,Accessories,78,Virginia,S,Gray,Summer,3.9,No,2-Day Shipping,No,No,7,PayPal,Every 3 Months
280,55,Female,Pants,Clothing,32,Delaware,XL,Gray,Summer,3.4,No,Free Shipping,No,No,20,PayPal,Monthly
281,70,Male,Jeans,Clothing,61,New Hampshire,S,Silver,Fall,4.6,No,Next Day Air,Yes,Yes,10,Credit Card,Quarterly
282,45,Male,Hat,Accessories,74,Virginia,M,Indigo,Spring,3.8,Yes,Standard,Yes,Yes,12,PayPal,Every 3 Months
283,33,Male,Backpack,Accessories,75,Nevada,L,Teal,Fall,3.9,Yes,Store Pickup,Yes,Yes,12,Venmo,Quarterly
284,26,Male,Dress,Clothing,69,Vermont,S,Teal,Summer,3.2,No,Express,No,No,5,Bank Transfer,Monthly
285,52,Female,Shorts,Clothing,62,Massachusetts,M,Pink,Spring,3.4,No,2-Day Shipping,No,No,18,Venmo,Fortnightly
286,18,Male,Coat,Outerwear,86,Vermont,S,Brown,Winter,2.9,No,Free Shipping,No,No,10,Credit Card,Every 3 Months
287,52,Male,Shorts,Clothing,42,New York,L,Purple,Summer,4.6,No,Next Day Air,No,No,24,Cash,Quarterly
288,56,Male,Jeans,Clothing,48,Mississippi,M,Cyan,Winter,3.4,No,Free Shipping,No,No,15,Bank Transfer,Every 3 Months
289,51,Male,Jewelry,Accessories,57,Hawaii,S,Olive,Summer,3.8,Yes,Standard,Yes,Yes,12,PayPal,Monthly
290,41,Male,Sandals,Footwear,90,Florida,M,Cyan,Summer,2.7,Yes,Express,Yes,Yes,12,Cash,Annually
291,52,Female,Scarf,Accessories,64,Iowa,M,Black,Summer,3.0,No,Free Shipping,No,No,26,Cash,Fortnightly
292,47,Male,Shoes,Footwear,77,Pennsylvania,XL,Peach,Fall,3.5,Yes,Standard,Yes,Yes,24,Cash,Quarterly
293,32,Female,Shorts,Clothing,55,Mississippi,S,Magenta,Spring,3.5,No,Next Day Air,No,No,24,Bank Transfer,Bi-Weekly
294,70,Male,Coat,Outerwear,87,Maryland,M,Pink,Spring,3.7,Yes,Standard,No,No,6,Venmo,Quarterly
295,39,Female,Boots,Footwear,35,Mississippi,M,Maroon,Spring,4.9,No,Store Pickup,No,No,28,Bank Transfer,Monthly
296,56,Female,Scarf,Accessories,50,Louisiana,M,Indigo,Spring,2.5,No,Next Day Air,No,No,2,Credit Card,Every 3 Months
297,18,Female,Hat,Accessories,54,South Dakota,XL,Beige,Summer,4.3,No,2-Day Shipping,No,No,11,PayPal,Every 3 Months
298,63,Female,Dress,Clothing,50,Maryland,M,Gold,Fall,4.0,No,Free Shipping,No,No,9,Bank Transfer,Quarterly
299,66,Female,Hat,Accessories,58,Mississippi,L,Violet,Winter,3.4,Yes,Next Day Air,Yes,Yes,6,PayPal,Annually
300,44,Female,Shorts,Clothing,67,Nevada,M,Red,Summer,3.4,No,Next Day Air,No,No,18,Debit Card,Monthly
301,52,Female,Hoodie,Clothing,62,North Carolina,L,Magenta,Summer,4.4,No,Store Pickup,No,No,8,Bank Transfer,Annually
302,52,Male,Jacket,Outerwear,93,Kentucky,M,Beige,Spring,3.6,Yes,Free Shipping,Yes,Yes,16,PayPal,Fortnightly
303,34,Male,T-shirt,Clothing,25,Arkansas,M,Yellow,Spring,3.5,No,Express,No,No,12,Debit Card,Annually
304,52,Male,Scarf,Accessories,81,Ohio,S,Red,Winter,3.1,No,Standard,No,No,11,Bank Transfer,Quarterly
305,32,Female,Shirt,Clothing,48,New Hampshire,S,Beige,Fall,3.2,No,Free Shipping,No,No,14,Bank Transfer,Annually
306,35,Male,Blouse,Clothing,85,North Carolina,XL,Cyan,Fall,3.0,Yes,Store Pickup,No,No,17,Credit Card,Bi-Weekly
307,61,Male,Shorts,Clothing,51,Nevada,L,Charcoal,Summer,4.2,No,Standard,No,No,25,Credit Card,Quarterly
308,59,Female,Socks,Clothing,64,Montana,M,Violet,Fall,3.2,No,Next Day Air,No,No,3,Credit Card,Quarterly
309,33,Male,Jewelry,Accessories,46,West Virginia,M,White,Winter,3.0,Yes,Next Day Air,Yes,Yes,2,Debit Card,Annually
310,33,Male,Jacket,Outerwear,49,Arizona,L,Lavender,Spring,3.7,No,Standard,Yes,Yes,6,Bank Transfer,Every 3 Months
311,34,Male,Hoodie,Clothing,73,California,M,Charcoal,Summer,3.2,Yes,2-Day Shipping,No,No,11,Bank Transfer,Every 3 Months
312,55,Male,Jacket,Outerwear,25,Washington,M,Pink,Spring,4.5,No,2-Day Shipping,Yes,Yes,8,Credit Card,Annually
313,29,Male,Hat,Accessories,44,Vermont,L,Gold,Spring,3.8,Yes,Standard,No,No,11,Debit Card,Every 3 Months
314,49,Male,Belt,Accessories,69,Massachusetts,M,Brown,Fall,3.9,No,2-Day Shipping,No,No,30,Venmo,Quarterly
315,55,Male,Sweater,Clothing,51,Nevada,M,Gold,Fall,3.8,No,Standard,Yes,Yes,21,Venmo,Monthly
316,43,Male,Sweater,Clothing,50,Minnesota,M,Gold,Winter,4.0,Yes,Store Pickup,Yes,Yes,10,PayPal,Annually
317,59,Male,Sandals,Footwear,84,Wyoming,S,Black,Spring,4.1,No,Next Day Air,Yes,Yes,19,Bank Transfer,Bi-Weekly
318,39,Female,Belt,Accessories,87,Minnesota,L,Purple,Spring,3.8,No,Standard,No,No,7,Bank Transfer,Annually
319,41,Male,Shorts,Clothing,58,Pennsylvania,L,Green,Fall,3.1,No,Next Day Air,Yes,Yes,6,Debit Card,Every 3 Months
320,29,Female,Sandals,Footwear,80,Maine,XL,Olive,Winter,3.6,No,Free Shipping,No,No,2,Cash,Every 3 Months
321,59,Female,Blouse,Clothing,82,Maryland,M,Olive,Winter,3.7,No,Next Day Air,No,No,6,Venmo,Annually
322,33,Male,Sneakers,Footwear,60,North Dakota,L,Silver,Winter,2.7,No,2-Day Shipping,No,No,14,Credit Card,Every 3 Months
323,49,Male,Shorts,Clothing,56,Maryland,XL,Silver,Winter,2.4,Yes,Standard,No,No,21,Credit Card,Monthly
324,43,Male,Coat,Outerwear,75,Alabama,L,Orange,Winter,2.9,Yes,Free Shipping,Yes,Yes,11,Bank Transfer,Every 3 Months
325,28,Female,Blouse,Clothing,35,Florida,XL,Teal,Summer,2.5,No,Next Day Air,No,No,28,Cash,Quarterly
326,35,Female,Hoodie,Clothing,67,Utah,XL,Orange,Fall,3.4,No,Standard,No,No,29,Venmo,Quarterly
327,65,Female,Belt,Accessories,52,Maine,L,Beige,Fall,3.3,No,Express,No,No,18,Cash,Bi-Weekly
328,47,Male,Jeans,Clothing,59,Colorado,XL,Turquoise,Summer,3.8,No,Standard,No,No,17,Venmo,Quarterly
329,29,Female,Coat,Outerwear,69,Washington,L,Silver,Winter,4.0,No,Free Shipping,Yes,Yes,6,Venmo,Monthly
330,49,Male,Jewelry,Accessories,49,Wyoming,M,Lavender,Winter,3.9,Yes,Standard,Yes,Yes,8,Debit Card,Every 3 Months
331,42,Female,Shorts,Clothing,57,Missouri,XL,Indigo,Fall,4.0,No,Express,No,No,10,Cash,Monthly
332,70,Male,Sweater,Clothing,36,New York,L,Violet,Summer,4.3,No,Free Shipping,No,No,7,Venmo,Every 3 Months
333,48,Female,Jacket,Outerwear,60,Pennsylvania,S,Lavender,Winter,3.4,No,2-Day Shipping,No,No,20,Credit Card,Fortnightly
334,38,Female,Backpack,Accessories,45,Arkansas,M,Indigo,Spring,2.2,Yes,Standard,No,No,9,Credit Card,Quarterly
335,65,Male,Boots,Footwear,46,Iowa,M,Red,Spring,2.6,No,Standard,Yes,Yes,4,PayPal,Annually
336,18,Female,Shirt,Clothing,22,New Hampshire,L,Green,Summer,4.0,No,Express,No,No,7,Debit Card,Every 3 Months
337,45,Male,Jacket,Outerwear,61,Nevada,M,Lavender,Spring,3.7,No,2-Day Shipping,No,No,15,Debit Card,Every 3 Months
338,70,Female,Hat,Accessories,65,Kentucky,M,Silver,Summer,4.2,No,Standard,Yes,Yes,33,Cash,Bi-Weekly
339,42,Male,Sunglasses,Accessories,60,Alabama,M,Cyan,Summer,5.0,No,2-Day Shipping,No,No,27,Venmo,Fortnightly
340,18,Female,Shirt,Clothing,81,West Virginia,S,Beige,Fall,3.8,Yes,Express,Yes,Yes,25,Cash,Quarterly
341,38,Male,Hoodie,Clothing,43,New Mexico,XL,Green,Summer,3.6,No,Free Shipping,No,No,9,Credit Card,Quarterly
342,66,Female,Jacket,Outerwear,60,Pennsylvania,M,Charcoal,Winter,3.8,No,Store Pickup,Yes,Yes,10,PayPal,Quarterly
343,50,Female,Jacket,Outerwear,83,Michigan,M,Indigo,Summer,2.9,No,Standard,Yes,Yes,6,Bank Transfer,Quarterly
344,31,Female,Jeans,Clothing,57,Montana,M,Black,Summer,4.2,No,Free Shipping,Yes,Yes,19,Venmo,Monthly
345,34,Female,Jacket,Outerwear,77,Minnesota,L,Orange,Fall,3.5,Yes,2-Day Shipping,No,No,4,Cash,Annually
346,36,Female,Socks,Clothing,92,Michigan,L,Maroon,Summer,4.7,No,Express,Yes,Yes,11,Credit Card,Every 3 Months
347,49,Female,Blouse,Clothing,54,North Dakota,M,Gold,Fall,2.7,No,2-Day Shipping,Yes,Yes,5,Debit Card,Quarterly
348,64,Male,Shirt,Clothing,56,Wyoming,M,Peach,Winter,3.7,Yes,Next Day Air,No,No,17,Cash,Fortnightly
349,60,Female,Blouse,Clothing,42,Rhode Island,XL,Brown,Summer,3.3,No,Express,No,No,24,Cash,Monthly
350,51,Male,Sweater,Clothing,59,North Dakota,L,Beige,Spring,3.1,Yes,Next Day Air,Yes,Yes,9,Debit Card,Annually
351,24,Female,Socks,Clothing,80,Alabama,L,Magenta,Spring,4.1,Yes,Free Shipping,No,No,10,Credit Card,Annually
352,24,Male,Jeans,Clothing,67,Montana,M,Charcoal,Spring,3.5,No,Free Shipping,Yes,Yes,15,PayPal,Quarterly
353,52,Female,Sunglasses,Accessories,80,West Virginia,XL,Turquoise,Summer,4.5,No,2-Day Shipping,Yes,Yes,16,PayPal,Fortnightly
354,24,Female,Sandals,Footwear,66,Maryland,L,Gray,Winter,3.3,No,Next Day Air,No,No,23,Cash,Monthly
355,41,Male,Gloves,Accessories,27,Nevada,M,Lavender,Summer,3.5,Yes,Standard,No,No,17,Venmo,Fortnightly
356,49,Male,Dress,Clothing,68,Kentucky,XL,Gray,Winter,4.9,No,Express,No,No,7,Credit Card,Annually
357,27,Female,Boots,Footwear,62,Georgia,XL,Lavender,Winter,2.8,No,Next Day Air,Yes,Yes,13,Bank Transfer,Annually
358,29,Female,Jeans,Clothing,58,Oklahoma,L,Blue,Fall,3.2,No,2-Day Shipping,No,No,10,PayPal,Quarterly
359,43,Male,Backpack,Accessories,76,Kansas,L,White,Winter,1.9,No,Store Pickup,Yes,Yes,18,Bank Transfer,Bi-Weekly
360,52,Female,Gloves,Accessories,53,New Jersey,M,Charcoal,Summer,3.5,No,Express,No,No,8,Venmo,Monthly
361,60,Female,Pants,Clothing,73,New Jersey,M,Indigo,Winter,4.1,Yes,2-Day Shipping,No,No,19,PayPal,Bi-Weekly
362,53,Male,Dress,Clothing,41,Texas,M,Turquoise,Fall,3.9,No,Store Pickup,No,No,11,Debit Card,Every 3 Months
363,45,Male,Sandals,Footwear,36,Washington,M,Lavender,Spring,3.7,No,2-Day Shipping,No,No,13,Venmo,Monthly
364,33,Male,Coat,Outerwear,58,Nevada,M,Purple,Winter,3.1,No,Express,Yes,Yes,9,Cash,Quarterly
365,28,Female,Hat,Accessories,52,Arizona,M,Black,Winter,3.6,No,Free Shipping,No,No,7,Bank Transfer,Every 3 Months
366,36,Male,Coat,Outerwear,77,New Jersey,XL,Gray,Winter,3.4,No,Free Shipping,No,No,2,PayPal,Quarterly
367,50,Female,Coat,Outerwear,50,Vermont,S,Red,Summer,3.6,No,Free Shipping,No,No,15,Debit Card,Monthly
368,49,Female,Jeans,Clothing,88,Mississippi,L,Gold,Spring,3.8,Yes,Store Pickup,Yes,Yes,9,Debit Card,Quarterly
369,18,Male,Scarf,Accessories,48,New Hampshire,M,Lavender,Fall,3.5,Yes,Express,Yes,Yes,6,Debit Card,Annually
370,32,Female,Sweater,Clothing,57,Rhode Island,S,Blue,Winter,3.7,No,Express,No,No,32,Credit Card,Bi-Weekly
371,62,Female,Hat,Accessories,57,Michigan,S,Maroon,Winter,3.7,No,Express,No,No,23,Cash,Monthly
372,45,Male,Shirt,Clothing,63,Massachusetts,M,Green,Fall,3.3,No,Store Pickup,No,No,21,PayPal,Quarterly
373,23,Male,Coat,Outerwear,75,Missouri,M,Turquoise,Winter,3.6,No,Free Shipping,No,No,16,PayPal,Monthly
374,70,Male,Handbag,Accessories,99,Texas,M,Indigo,Spring,3.0,Yes,Free Shipping,Yes,Yes,7,Debit Card,Annually
375,44,Male,Dress,Clothing,48,Missouri,L,Teal,Fall,3.8,No,Free Shipping,Yes,Yes,22,Venmo,Fortnightly
376,50,Male,Jeans,Clothing,63,Kentucky,M,Violet,Spring,3.0,No,Free Shipping,No,No,3,Venmo,Every 3 Months
377,50,Female,Skirt,Clothing,57,New Jersey,S,Teal,Fall,3.7,No,2-Day Shipping,Yes,Yes,12,Bank Transfer,Annually
378,38,Male,Gloves,Accessories,73,Ohio,M,Red,Spring,4.0,No,Standard,No,No,29,PayPal,Quarterly
379,33,Male,Jacket,Outerwear,75,Virginia,S,Orange,Fall,3.0,No,Standard,No,No,12,Cash,Annually
380,70,Female,Pants,Clothing,62,Vermont,S,Magenta,Winter,4.3,No,Express,Yes,Yes,25,PayPal,Monthly
381,59,Female,Belt,Accessories,33,South Carolina,M,Blue,Spring,4.8,No,Standard,No,No,8,Cash,Every 3 Months
382,56,Female,Gloves,Accessories,56,Rhode Island,L,Brown,Summer,3.4,Yes,Express,Yes,Yes,5,Venmo,Annually
383,53,Female,Pants,Clothing,48,Minnesota,L,Indigo,Spring,3.6,Yes,Store Pickup,Yes,Yes,29,Debit Card,Monthly
384,29,Male,Jewelry,Accessories,50,Louisiana,L,Pink,Fall,4.5,No,Express,No,No,27,Credit Card,Fortnightly
385,63,Male,Dress,Clothing,45,New Hampshire,L,Beige,Winter,2.6,No,Standard,No,No,7,PayPal,Annually
386,31,Female,T-shirt,Clothing,50,Oklahoma,M,White,Spring,3.7,No,2-Day Shipping,No,No,6,PayPal,Quarterly
387,48,Female,Pants,Clothing,51,Montana,M,Yellow,Fall,3.5,No,Express,Yes,Yes,27,Cash,Fortnightly
388,19,Female,Sneakers,Footwear,54,Hawaii,S,Black,Winter,4.2,No,Standard,No,No,31,Bank Transfer,Fortnightly
389,18,Male,Sweater,Clothing,53,Alabama,L,Blue,Spring,3.6,No,Next Day Air,No,No,38,Cash,Weekly
390,49,Female,Sweater,Clothing,49,Arizona,M,Turquoise,Summer,4.0,Yes,Express,Yes,Yes,17,Credit Card,Monthly
391,32,Female,Scarf,Accessories,58,Michigan,M,Charcoal,Spring,3.3,No,2-Day Shipping,Yes,Yes,13,Credit Card,Annually
392,18,Male,Jacket,Outerwear,60,South Carolina,XL,Charcoal,Winter,4.2,Yes,Store Pickup,Yes,Yes,23,Venmo,Bi-Weekly
393,52,Female,Hat,Accessories,47,South Carolina,M,Charcoal,Fall,3.1,No,2-Day Shipping,No,No,8,Credit Card,Every 3 Months
394,70,Female,Blouse,Clothing,57,South Dakota,S,Purple,Fall,4.2,No,Express,No,No,23,Venmo,Quarterly
395,65,Male,Gloves,Accessories,20,Oklahoma,XL,Brown,Winter,3.8,No,Store Pickup,No,No,25,PayPal,Bi-Weekly
396,40,Male,Shorts,Clothing,98,Alaska,M,Charcoal,Winter,2.3,No,Express,Yes,Yes,6,Credit Card,Every 3 Months
397,44,Female,Scarf,Accessories,65,Vermont,M,Indigo,Summer,3.8,No,Next Day Air,No,No,9,Credit Card,Monthly
398,57,Male,T-shirt,Clothing,63,West Virginia,S,Peach,Fall,4.1,No,2-Day Shipping,No,No,39,Cash,Weekly
399,61,Male,Shorts,Clothing,56,Texas,M,Yellow,Summer,3.0,Yes,Free Shipping,Yes,Yes,15,Cash,Annually
400,39,Male,Skirt,Clothing,66,Minnesota,XL,Cyan,Fall,3.2,Yes,Express,No,No,15,Debit Card,Annually
401,45,Male,Gloves,Accessories,44,Hawaii,L,Gold,Winter,3.8,Yes,Express,No,No,22,Credit Card,Fortnightly
402,49,Female,Dress,Clothing,66,Virginia,M,Olive,Winter,3.4,No,Free Shipping,No,No,27,Credit Card,Monthly
403,52,Female,Skirt,Clothing,31,Georgia,M,Lavender,Winter,3.9,No,Next Day Air,Yes,Yes,9,Debit Card,Every 3 Months
404,42,Male,Jewelry,Accessories,37,South Carolina,M,Peach,Summer,3.6,No,Express,Yes,Yes,10,Credit Card,Every 3 Months
405,42,Female,Gloves,Accessories,46,Wisconsin,M,Gold,Winter,3.0,No,2-Day Shipping,No,No,14,Bank Transfer,Quarterly
406,65,Female,Blouse,Clothing,82,Virginia,M,Peach,Winter,5.0,No,Free Shipping,No,No,5,Bank Transfer,Annually
407,62,Male,Jewelry,Accessories,39,Nebraska,S,White,Fall,3.5,No,Standard,No,No,16,Credit Card,Quarterly
408,51,Female,Gloves,Accessories,62,Tennessee,L,Purple,Spring,3.8,No,Next Day Air,Yes,Yes,28,Credit Card,Monthly
409,70,Male,Dress,Clothing,25,Tennessee,L,Red,Spring,4.8,No,Next Day Air,No,No,12,Bank Transfer,Annually
410,38,Female,Coat,Outerwear,68,Wisconsin,XL,Black,Fall,4.1,No,Free Shipping,Yes,Yes,10,Venmo,Annually
411,68,Female,Sneakers,Footwear,88,Maine,L,Violet,Winter,4.0,No,Express,Yes,Yes,9,Cash,Quarterly
412,52,Female,Jeans,Clothing,66,New York,M,Purple,Winter,4.3,No,Store Pickup,No,No,17,Debit Card,Quarterly
413,70,Male,Dress,Clothing,25,South Dakota,L,Peach,Spring,4.0,No,Store Pickup,No,No,4,Credit Card,Annually
414,26,Female,Jeans,Clothing,59,Idaho,XL,Brown,Winter,4.0,No,Express,No,No,2,Debit Card,Annually
415,34,Male,Shorts,Clothing,57,Idaho,S,Olive,Winter,4.0,Yes,Next Day Air,Yes,Yes,16,Bank Transfer,Monthly
416,50,Male,Gloves,Accessories,77,Maryland,M,Pink,Summer,3.6,No,Standard,Yes,Yes,9,Cash,Every 3 Months
417,50,Male,Coat,Outerwear,72,Maine,M,Peach,Summer,4.2,Yes,Store Pickup,Yes,Yes,30,Cash,Monthly
418,70,Female,Boots,Footwear,37,Pennsylvania,XL,Brown,Summer,4.1,No,Free Shipping,No,No,16,Debit Card,Monthly
419,34,Male,Blouse,Clothing,62,Washington,XL,Black,Fall,2.3,Yes,2-Day Shipping,No,No,13,Venmo,Annually
420,58,Female,Dress,Clothing,47,Delaware,L,Magenta,Winter,4.2,No,Standard,No,No,41,Debit Card,Weekly
421,61,Female,Pants,Clothing,29,Kentucky,M,Purple,Spring,3.2,Yes,Store Pickup,No,No,27,Cash,Monthly
422,55,Male,Gloves,Accessories,54,Washington,XL,Indigo,Summer,3.9,No,Standard,No,No,18,Cash,Quarterly
423,30,Male,Jeans,Clothing,58,New Jersey,S,Purple,Spring,2.7,No,Store Pickup,Yes,Yes,3,PayPal,Annually
424,65,Male,Coat,Outerwear,74,Hawaii,M,Yellow,Winter,3.3,No,Standard,No,No,8,Venmo,Annually
425,62,Female,Boots,Footwear,76,New Mexico,M,Violet,Summer,3.4,No,Free Shipping,No,No,10,Cash,Quarterly
426,53,Female,T-shirt,Clothing,54,Utah,L,Peach,Summer,4.0,No,Express,No,No,3,Bank Transfer,Every 3 Months
427,47,Male,Hat,Accessories,33,Maine,L,Red,Spring,3.4,No,Store Pickup,Yes,Yes,14,Cash,Every 3 Months
428,47,Female,Handbag,Accessories,44,Missouri,M,Blue,Spring,2.5,No,Express,No,No,12,Credit Card,Every 3 Months
429,43,Male,Shoes,Footwear,60,New Mexico,M,Blue,Summer,3.4,No,Standard,Yes,Yes,2,Bank Transfer,Monthly
430,54,Female,Scarf,Accessories,76,Texas,M,Purple,Winter,3.5,No,Next Day Air,No,No,5,PayPal,Annually
431,44,Female,Shorts,Clothing,58,New Hampshire,S,Teal,Summer,4.1,No,Standard,No,No,23,Venmo,Bi-Weekly
432,31,Female,Handbag,Accessories,55,West Virginia,L,Charcoal,Summer,3.8,No,Standard,No,No,4,Venmo,Annually
433,28,Female,Shirt,Clothing,54,Pennsylvania,M,Orange,Fall,3.2,No,2-Day Shipping,Yes,Yes,12,Credit Card,Quarterly
434,33,Female,Gloves,Accessories,57,Michigan,M,Gray,Summer,3.9,No,Next Day Air,No,No,5,Credit Card,Every 3 Months
435,47,Male,Blouse,Clothing,89,Missouri,M,Blue,Fall,4.8,No,Free Shipping,Yes,Yes,9,Credit Card,Monthly
436,44,Male,Gloves,Accessories,56,Ohio,L,Indigo,Summer,4.5,No,2-Day Shipping,No,No,5,Bank Transfer,Quarterly
437,47,Male,Shoes,Footwear,56,Arkansas,L,Magenta,Summer,2.5,No,Express,Yes,Yes,16,Cash,Fortnightly
438,52,Male,Skirt,Clothing,65,Idaho,M,Silver,Winter,5.0,Yes,Store Pickup,Yes,Yes,11,PayPal,Quarterly
439,35,Female,Socks,Clothing,47,Idaho,M,Turquoise,Winter,4.4,No,Standard,No,No,14,Cash,Every 3 Months
440,66,Female,Sunglasses,Accessories,32,South Dakota,XL,White,Fall,4.7,No,Store Pickup,Yes,Yes,18,PayPal,Quarterly
441,40,Female,Socks,Clothing,30,Tennessee,M,Blue,Summer,2.8,No,Express,No,No,16,Debit Card,Bi-Weekly
442,37,Male,Jewelry,Accessories,45,South Dakota,M,White,Winter,3.5,No,Store Pickup,No,No,19,Credit Card,Fortnightly
443,51,Female,Jewelry,Accessories,82,Colorado,M,Maroon,Summer,4.1,Yes,Standard,Yes,Yes,13,Credit Card,Annually
444,18,Male,Shorts,Clothing,83,Iowa,XL,Charcoal,Summer,3.0,Yes,Standard,Yes,Yes,7,PayPal,Monthly
445,32,Male,Shoes,Footwear,42,Kansas,L,Pink,Fall,4.0,No,2-Day Shipping,No,No,14,PayPal,Every 3 Months
446,59,Female,Jewelry,Accessories,60,Alaska,M,Black,Summer,4.7,Yes,Standard,Yes,Yes,17,Venmo,Quarterly
447,18,Female,Belt,Accessories,59,Illinois,S,Magenta,Winter,3.6,No,Next Day Air,No,No,3,Bank Transfer,Annually
448,61,Female,Blouse,Clothing,46,Michigan,M,Teal,Spring,4.7,No,Express,Yes,Yes,10,Cash,Annually
449,67,Male,Pants,Clothing,85,Vermont,M,Yellow,Spring,4.1,Yes,Free Shipping,Yes,Yes,11,PayPal,Every 3 Months
450,38,Female,Pants,Clothing,70,Florida,S,Gray,Summer,2.6,No,Free Shipping,Yes,Yes,6,Bank Transfer,Annually
451,48,Male,Shoes,Footwear,72,Utah,M,Charcoal,Winter,3.1,Yes,Standard,Yes,Yes,27,Cash,Bi-Weekly
452,61,Female,Shoes,Footwear,67,South Dakota,S,Orange,Spring,4.3,Yes,Next Day Air,Yes,Yes,28,Cash,Fortnightly
453,37,Female,Shoes,Footwear,35,Delaware,M,Brown,Winter,3.0,No,2-Day Shipping,No,No,34,Venmo,Fortnightly
454,57,Male,T-shirt,Clothing,80,Indiana,M,Yellow,Spring,4.3,No,Store Pickup,No,No,6,Venmo,Annually
455,34,Male,Sunglasses,Accessories,66,Minnesota,M,Green,Fall,4.1,No,Standard,Yes,Yes,4,Venmo,Annually
456,37,Male,Sneakers,Footwear,73,West Virginia,L,Charcoal,Summer,3.8,Yes,Standard,No,No,21,Venmo,Bi-Weekly
457,32,Female,Hat,Accessories,45,South Carolina,M,Cyan,Spring,3.4,No,Express,Yes,Yes,28,PayPal,Monthly
458,49,Male,Shirt,Clothing,48,Wisconsin,L,Indigo,Fall,3.9,No,Next Day Air,Yes,Yes,10,Credit Card,Quarterly
459,61,Female,Boots,Footwear,68,Kansas,XL,Red,Spring,4.7,No,Next Day Air,No,No,4,Venmo,Every 3 Months
460,41,Female,Dress,Clothing,76,Virginia,XL,Turquoise,Summer,3.5,No,Standard,No,No,13,Bank Transfer,Annually
461,25,Female,Skirt,Clothing,86,West Virginia,M,Red,Fall,4.1,No,Next Day Air,No,No,20,Debit Card,Monthly
462,28,Male,Sandals,Footwear,48,New Jersey,M,Pink,Fall,4.9,No,Standard,No,No,10,Cash,Annually
463,50,Female,Scarf,Accessories,54,Delaware,L,Gold,Spring,3.9,No,2-Day Shipping,Yes,Yes,18,Bank Transfer,Monthly
464,70,Male,Skirt,Clothing,24,Indiana,S,White,Summer,3.4,No,Next Day Air,No,No,12,Debit Card,Quarterly
465,50,Female,Scarf,Accessories,20,Connecticut,S,Yellow,Fall,3.4,No,Free Shipping,No,No,21,PayPal,Bi-Weekly
466,38,Female,Jacket,Outerwear,76,South Dakota,S,Peach,Fall,2.3,No,Next Day Air,No,No,24,Cash,Bi-Weekly
467,55,Female,Sweater,Clothing,44,Kansas,M,Silver,Fall,3.0,No,Free Shipping,No,No,24,Bank Transfer,Monthly
468,40,Female,Sunglasses,Accessories,25,Oklahoma,L,Gray,Winter,,No,2-Day Shipping,No,No,21,Cash,Quarterly
469,38,Male,Shirt,Clothing,39,Indiana,M,Magenta,Spring,4.3,No,Store Pickup,Yes,Yes,32,Debit Card,Quarterly
470,30,Male,Shirt,Clothing,69,Wisconsin,XL,Teal,Winter,3.4,Yes,Express,Yes,Yes,13,PayPal,Quarterly
471,65,Male,Hoodie,Clothing,64,Rhode Island,L,Lavender,Winter,4.3,No,2-Day Shipping,No,No,13,Debit Card,Annually
472,18,Male,Belt,Accessories,31,Maine,S,Red,Winter,4.3,No,Store Pickup,No,No,11,Credit Card,Monthly
473,56,Male,Dress,Clothing,78,Mississippi,M,Turquoise,Winter,3.2,No,Free Shipping,No,No,12,PayPal,Annually
474,37,Male,Dress,Clothing,47,Arizona,S,White,Spring,3.3,No,Free Shipping,Yes,Yes,30,Bank Transfer,Bi-Weekly
475,38,Male,Jewelry,Accessories,61,Connecticut,XL,Gray,Fall,2.9,No,Standard,No,No,15,Cash,Annually
476,69,Male,Hat,Accessories,64,Wyoming,L,Magenta,Summer,4.2,Yes,Standard,Yes,Yes,22,Venmo,Monthly
477,33,Male,Backpack,Accessories,57,South Dakota,L,Indigo,Winter,3.8,No,Express,No,No,8,Venmo,Annually
478,34,Female,Shoes,Footwear,51,Tennessee,L,Maroon,Winter,,Yes,Free Shipping,Yes,Yes,23,Bank Transfer,Monthly
479,42,Female,Socks,Clothing,64,North Carolina,M,Red,Spring,3.7,Yes,Express,Yes,Yes,18,Cash,Quarterly
480,50,Male,Skirt,Clothing,62,Idaho,XL,Green,Winter,3.1,No,Standard,No,No,7,Venmo,Monthly
481,37,Male,Jewelry,Accessories,60,Colorado,XL,Cyan,Fall,4.2,Yes,Free Shipping,Yes,Yes,26,Bank Transfer,Monthly
482,20,Male,Handbag,Accessories,59,Oregon,L,Gold,Fall,2.6,No,Free Shipping,No,No,5,Debit Card,Quarterly
483,31,Female,Pants,Clothing,76,Kentucky,M,Silver,Summer,3.5,No,Express,No,No,5,Debit Card,Every 3 Months
484,63,Male,Hoodie,Clothing,50,Alabama,S,Yellow,Summer,3.2,No,Express,No,No,23,Bank Transfer,Bi-Weekly
485,45,Male,Skirt,Clothing,68,Alaska,S,Blue,Winter,4.6,No,2-Day Shipping,No,No,9,Cash,Every 3 Months
486,51,Male,Socks,Clothing,61,Nevada,S,Yellow,Winter,4.7,Yes,Next Day Air,Yes,Yes,16,Debit Card,Quarterly
487,40,Male,Coat,Outerwear,91,Texas,M,Beige,Fall,,No,Next Day Air,Yes,Yes,5,Venmo,Annually
488,34,Male,Handbag,Accessories,41,Maine,L,Olive,Winter,3.4,Yes,Free Shipping,Yes,Yes,6,Bank Transfer,Annually
489,69,Female,Skirt,Clothing,79,Wyoming,XL,Brown,Spring,4.7,No,Free Shipping,No,No,10,Venmo,Annually
490,41,Female,Handbag,Accessories,48,Maryland,M,White,Summer,3.3,No,Next Day Air,No,No,6,Cash,Quarterly
491,37,Female,Handbag,Accessories,91,Oregon,M,Silver,Fall,2.9,No,Next Day Air,Yes,Yes,7,Venmo,Quarterly
492,60,Female,Pants,Clothing,65,Illinois,S,Green,Spring,2.5,No,Express,Yes,Yes,15,Debit Card,Every 3 Months
493,33,Female,Scarf,Accessories,71,New Mexico,XL,Purple,Summer,3.8,No,Next Day Air,Yes,Yes,28,Cash,Quarterly
494,35,Male,Hat,Accessories,54,Indiana,L,Turquoise,Winter,2.7,No,Free Shipping,No,No,10,Cash,Monthly
495,44,Female,Hoodie,Clothing,69,Rhode Island,M,Cyan,Fall,4.6,No,Next Day Air,No,No,9,Venmo,Annually
496,44,Male,Scarf,Accessories,74,Minnesota,M,Peach,Fall,3.4,Yes,Free Shipping,Yes,Yes,20,PayPal,Fortnightly
497,48,Male,Hat,Accessories,55,Arizona,M,Gray,Spring,3.0,No,2-Day Shipping,No,No,14,Bank Transfer,Annually
498,70,Female,Hat,Accessories,69,Illinois,M,Purple,Spring,4.4,No,Store Pickup,No,No,12,Credit Card,Every 3 Months
499,49,Male,Jacket,Outerwear,20,Louisiana,M,Orange,Summer,4.1,Yes,Store Pickup,Yes,Yes,7,Venmo,Monthly
500,18,Male,Shoes,Footwear,50,Mississippi,M,Purple,Summer,4.6,No,Free Shipping,Yes,Yes,10,Bank Transfer,Annually
501,49,Female,Scarf,Accessories,57,Indiana,M,Peach,Spring,2.7,No,Standard,No,No,20,Credit Card,Monthly
502,45,Female,Dress,Clothing,66,New Hampshire,M,Peach,Fall,2.6,No,Free Shipping,Yes,Yes,12,Debit Card,Annually
503,45,Female,Hat,Accessories,73,Wisconsin,M,Blue,Winter,4.7,No,Free Shipping,Yes,Yes,5,Debit Card,Annually
504,48,Male,Sandals,Footwear,62,Oklahoma,L,Turquoise,Fall,2.0,Yes,Next Day Air,No,No,23,PayPal,Monthly
505,44,Male,Coat,Outerwear,68,Kansas,M,Charcoal,Spring,2.9,Yes,Store Pickup,No,No,15,Debit Card,Monthly
506,43,Female,Sandals,Footwear,74,North Dakota,M,Indigo,Winter,3.7,No,Next Day Air,No,No,7,Bank Transfer,Annually
507,53,Male,Jeans,Clothing,82,Wisconsin,XL,Maroon,Summer,2.9,Yes,Express,No,No,9,Bank Transfer,Quarterly
508,36,Female,Scarf,Accessories,69,Illinois,M,Turquoise,Spring,3.9,No,Express,Yes,Yes,21,Bank Transfer,Fortnightly
509,30,Male,Boots,Footwear,64,Idaho,L,Peach,Summer,3.0,Yes,2-Day Shipping,No,No,6,Cash,Quarterly
510,70,Male,Gloves,Accessories,98,Alaska,S,Charcoal,Spring,4.5,No,Free Shipping,No,No,12,Venmo,Quarterly
511,33,Male,Belt,Accessories,58,Texas,L,Gray,Fall,4.2,No,Free Shipping,No,No,19,Credit Card,Bi-Weekly
512,46,Female,Hat,Accessories,60,Tennessee,M,Charcoal,Fall,3.9,No,2-Day Shipping,No,No,14,Credit Card,Annually
513,22,Male,Sunglasses,Accessories,83,Massachusetts,M,Orange,Fall,3.5,No,2-Day Shipping,No,No,13,Bank Transfer,Annually
514,46,Male,Shirt,Clothing,88,Utah,S,Purple,Spring,3.1,Yes,Free Shipping,Yes,Yes,6,Credit Card,Annually
515,30,Male,Hoodie,Clothing,69,North Carolina,L,Purple,Summer,3.6,No,Free Shipping,Yes,Yes,16,Venmo,Monthly
516,37,Male,Boots,Footwear,46,Wisconsin,L,Red,Summer,2.9,No,Standard,No,No,15,Bank Transfer,Quarterly
517,60,Male,Jacket,Outerwear,70,Washington,L,Purple,Winter,4.8,No,Next Day Air,No,No,3,Debit Card,Quarterly
518,51,Female,Sneakers,Footwear,68,West Virginia,M,Violet,Fall,3.8,No,Free Shipping,No,No,17,PayPal,Bi-Weekly
519,53,Male,Dress,Clothing,95,Maryland,L,Violet,Fall,3.2,Yes,Store Pickup,Yes,Yes,27,Bank Transfer,Quarterly
520,18,Female,Dress,Clothing,100,New York,M,Gold,Summer,4.6,No,Standard,Yes,Yes,28,Credit Card,Bi-Weekly
521,70,Female,Blouse,Clothing,48,Florida,M,Gray,Summer,3.7,No,2-Day Shipping,Yes,Yes,13,Bank Transfer,Annually
522,26,Male,Sandals,Footwear,80,Vermont,M,Black,Winter,4.5,Yes,Express,Yes,Yes,10,PayPal,Every 3 Months
523,67,Male,Handbag,Accessories,44,Kansas,M,Gold,Winter,4.6,No,Next Day Air,Yes,Yes,23,Cash,Bi-Weekly
524,59,Female,Jacket,Outerwear,66,Minnesota,L,Maroon,Spring,3.9,No,Free Shipping,Yes,Yes,12,Venmo,Annually
525,53,Male,Jeans,Clothing,44,New Jersey,M,Pink,Fall,2.9,No,Standard,No,No,9,PayPal,Every 3 Months
526,31,Male,Backpack,Accessories,84,South Carolina,M,Turquoise,Winter,3.4,No,Standard,No,No,32,Cash,Monthly
527,46,Female,Sneakers,Footwear,64,Oregon,XL,Orange,Spring,5.0,No,2-Day Shipping,No,No,3,Bank Transfer,Every 3 Months
528,37,Female,Hoodie,Clothing,63,West Virginia,XL,Yellow,Fall,3.4,No,Next Day Air,Yes,Yes,26,Bank Transfer,Bi-Weekly
529,44,Female,Coat,Outerwear,69,Oklahoma,M,Olive,Summer,3.4,No,Store Pickup,No,No,10,Debit Card,Monthly
530,40,Male,Jewelry,Accessories,63,South Carolina,XL,Turquoise,Fall,3.5,No,Free Shipping,No,No,18,Venmo,Monthly
531,18,Female,Jeans,Clothing,65,New Hampshire,S,Teal,Fall,3.1,No,Express,No,No,13,Venmo,Every 3 Months
532,61,Female,Shorts,Clothing,47,Massachusetts,L,Maroon,Winter,4.1,No,Next Day Air,No,No,21,Bank Transfer,Quarterly
533,43,Male,Shoes,Footwear,33,Virginia,M,Turquoise,Spring,2.8,No,Standard,No,No,12,Cash,Annually
534,37,Female,Sunglasses,Accessories,36,Maine,M,Turquoise,Spring,3.3,No,2-Day Shipping,Yes,Yes,11,Credit Card,Every 3 Months
535,36,Male,Shoes,Footwear,34,New York,XL,Gray,Summer,3.8,No,Express,Yes,Yes,16,Bank Transfer,Quarterly
536,49,Male,Boots,Footwear,69,Iowa,S,Cyan,Winter,3.5,Yes,Free Shipping,No,No,19,Cash,Fortnightly
537,31,Male,Blouse,Clothing,51,Missouri,L,Brown,Fall,3.8,Yes,Free Shipping,Yes,Yes,9,Debit Card,Monthly
538,18,Male,Sandals,Footwear,76,Maine,M,White,Spring,3.6,No,Free Shipping,Yes,Yes,9,Debit Card,Every 3 Months
539,50,Male,Jacket,Outerwear,72,Illinois,S,Magenta,Spring,2.9,No,Standard,Yes,Yes,23,Venmo,Quarterly
540,52,Female,Pants,Clothing,29,Tennessee,XL,Orange,Winter,4.6,No,Store Pickup,No,No,9,Bank Transfer,Quarterly
541,41,Female,Boots,Footwear,53,Rhode Island,M,Gold,Spring,4.3,No,2-Day Shipping,Yes,Yes,12,Cash,Every 3 Months
542,27,Female,Pants,Clothing,24,Oklahoma,L,Indigo,Spring,3.1,No,2-Day Shipping,No,No,21,Cash,Fortnightly
543,45,Female,Pants,Clothing,40,California,L,Lavender,Summer,4.0,No,2-Day Shipping,Yes,Yes,20,Bank Transfer,Monthly
544,22,Female,Sweater,Clothing,50,Illinois,S,Orange,Fall,3.4,No,2-Day Shipping,Yes,Yes,26,Credit Card,Quarterly
545,29,Male,Shoes,Footwear,45,Hawaii,M,Charcoal,Summer,4.3,No,Free Shipping,No,No,8,Debit Card,Every 3 Months
546,33,Male,Shorts,Clothing,94,Oklahoma,M,Silver,Spring,4.2,Yes,Express,Yes,Yes,14,Debit Card,Every 3 Months
547,57,Male,T-shirt,Clothing,70,Vermont,M,Indigo,Spring,4.5,No,2-Day Shipping,No,No,16,Cash,Bi-Weekly
548,39,Male,Handbag,Accessories,58,Maine,S,Gold,Summer,3.2,Yes,Next Day Air,Yes,Yes,23,Debit Card,Monthly
549,37,Female,Blouse,Clothing,81,Kentucky,M,Beige,Winter,2.9,No,2-Day Shipping,No,No,5,Venmo,Quarterly
550,70,Male,Shoes,Footwear,50,Nevada,L,Blue,Spring,2.5,Yes,Store Pickup,Yes,Yes,4,Credit Card,Every 3 Months
551,49,Male,Jacket,Outerwear,69,Wyoming,M,Gold,Fall,5.0,Yes,Express,Yes,Yes,4,Credit Card,Every 3 Months
552,49,Male,Socks,Clothing,72,Maine,L,Red,Spring,4.2,No,Express,No,No,20,Cash,Fortnightly
553,38,Male,Skirt,Clothing,40,Indiana,M,Turquoise,Fall,4.4,No,Standard,No,No,20,Bank Transfer,Bi-Weekly
554,35,Female,Coat,Outerwear,85,Nebraska,S,White,Spring,2.7,Yes,Express,Yes,Yes,14,Cash,Quarterly
555,18,Male,Shirt,Clothing,63,Virginia,M,Gray,Spring,4.1,No,Store Pickup,Yes,Yes,4,Cash,Annually
556,59,Male,Socks,Clothing,73,Oregon,S,Peach,Spring,2.7,Yes,Standard,Yes,Yes,33,Cash,Fortnightly
557,51,Male,Coat,Outerwear,100,Montana,M,Gold,Fall,3.9,Yes,Free Shipping,Yes,Yes,15,Venmo,Annually
558,41,Male,Sandals,Footwear,73,Oregon,S,Brown,Fall,3.7,Yes,Express,No,No,13,PayPal,Annually
559,42,Female,Hat,Accessories,59,Alabama,L,Olive,Spring,3.6,No,Express,No,No,20,Debit Card,Monthly
560,55,Male,Scarf,Accessories,33,Pennsylvania,L,Pink,Summer,3.4,No,Express,Yes,Yes,12,Debit Card,Every 3 Months
561,21,Male,Coat,Outerwear,77,California,S,Silver,Summer,4.3,Yes,2-Day Shipping,Yes,Yes,8,Credit Card,Quarterly
562,35,Male,Gloves,Accessories,49,Maryland,L,Blue,Spring,3.4,No,2-Day Shipping,Yes,Yes,6,Credit Card,Every 3 Months
563,27,Female,Jewelry,Accessories,55,Louisiana,XL,Red,Spring,4.6,No,Standard,Yes,Yes,20,Venmo,Quarterly
564,70,Female,Boots,Footwear,52,Ohio,S,Gray,Winter,3.6,No,Express,No,No,13,PayPal,Every 3 Months
565,57,Female,Sunglasses,Accessories,65,Illinois,XL,Gold,Fall,4.0,No,Standard,Yes,Yes,18,Credit Card,Monthly
566,18,Female,Jewelry,Accessories,41,Idaho,M,Beige,Fall,4.1,No,Express,No,No,20,Cash,Fortnightly
567,21,Female,Blouse,Clothing,61,Vermont,L,Cyan,Summer,4.0,No,Store Pickup,Yes,Yes,20,PayPal,Monthly
568,42,Male,Backpack,Accessories,46,Mississippi,M,Maroon,Summer,3.9,Yes,2-Day Shipping,No,No,26,PayPal,Bi-Weekly
569,37,Male,Belt,Accessories,34,Pennsylvania,L,Charcoal,Winter,5.0,Yes,Free Shipping,No,No,15,Debit Card,Annually
570,24,Male,T-shirt,Clothing,53,New Jersey,L,Green,Summer,4.4,No,Standard,No,No,17,Debit Card,Bi-Weekly
571,70,Male,Sunglasses,Accessories,64,New Mexico,XL,Olive,Spring,2.2,No,Next Day Air,No,No,28,Bank Transfer,Fortnightly
572,49,Female,Boots,Footwear,48,Ohio,XL,Blue,Summer,3.5,No,Next Day Air,Yes,Yes,8,Debit Card,Monthly
573,51,Male,Sweater,Clothing,66,North Dakota,S,Turquoise,Fall,4.6,Yes,2-Day Shipping,Yes,Yes,5,PayPal,Annually
574,34,Female,Skirt,Clothing,52,Virginia,L,Gray,Fall,3.2,No,2-Day Shipping,No,No,22,Debit Card,Fortnightly
575,55,Female,Pants,Clothing,47,South Carolina,M,Red,Fall,3.7,Yes,Standard,No,No,20,PayPal,Fortnightly
576,38,Male,Sweater,Clothing,67,Kansas,S,Pink,Winter,3.7,No,Next Day Air,No,No,3,PayPal,Annually
577,40,Female,Sandals,Footwear,50,Florida,S,Red,Spring,4.6,No,Express,Yes,Yes,11,Credit Card,Quarterly
578,53,Female,Handbag,Accessories,63,Texas,XL,Gray,Fall,3.1,No,2-Day Shipping,Yes,Yes,13,PayPal,Quarterly
579,20,Female,Pants,Clothing,35,Maine,L,Charcoal,Winter,3.2,No,Store Pickup,No,No,23,Bank Transfer,Monthly
580,68,Male,Shoes,Footwear,62,Kansas,S,Brown,Winter,4.0,No,Free Shipping,Yes,Yes,17,Debit Card,Fortnightly
581,47,Male,Sweater,Clothing,68,Colorado,XL,Cyan,Winter,3.9,No,Store Pickup,No,No,7,Debit Card,Annually
582,63,Male,Dress,Clothing,64,Nevada,L,Olive,Fall,4.0,No,Standard,No,No,26,PayPal,Quarterly
583,28,Male,Boots,Footwear,74,Montana,M,Peach,Spring,3.8,No,Free Shipping,No,No,23,PayPal,Bi-Weekly
584,30,Male,Sunglasses,Accessories,73,Tennessee,M,Red,Winter,3.7,Yes,Standard,Yes,Yes,5,PayPal,Every 3 Months
585,27,Female,Shoes,Footwear,65,Pennsylvania,L,Yellow,Spring,4.0,No,Standard,Yes,Yes,34,Debit Card,Weekly
586,48,Female,Sneakers,Footwear,74,Oregon,L,Teal,Fall,3.8,No,Free Shipping,No,No,18,Venmo,Monthly
587,45,Male,Coat,Outerwear,68,Nebraska,M,Green,Summer,3.5,Yes,Express,Yes,Yes,22,Debit Card,Fortnightly
588,37,Male,Shorts,Clothing,66,Utah,M,Magenta,Fall,3.7,No,Next Day Air,No,No,16,Credit Card,Quarterly
589,29,Male,Sneakers,Footwear,66,Wyoming,S,White,Winter,3.3,Yes,Free Shipping,Yes,Yes,16,Credit Card,Fortnightly
590,25,Male,Scarf,Accessories,93,South Dakota,M,Purple,Fall,3.3,Yes,Store Pickup,Yes,Yes,19,Cash,Quarterly
591,43,Female,Jeans,Clothing,62,Louisiana,M,Lavender,Spring,4.0,No,2-Day Shipping,Yes,Yes,20,Cash,Bi-Weekly
592,37,Male,Coat,Outerwear,47,Indiana,M,Teal,Winter,2.8,No,Standard,No,No,25,PayPal,Monthly
593,34,Male,Skirt,Clothing,62,Alabama,M,Brown,Winter,4.1,No,Standard,Yes,Yes,18,Cash,Monthly
594,67,Female,Sneakers,Footwear,45,Wyoming,L,Pink,Spring,3.5,No,Express,No,No,15,Credit Card,Quarterly
595,43,Male,Backpack,Accessories,75,Oregon,M,White,Fall,3.7,Yes,Store Pickup,Yes,Yes,9,Credit Card,Annually
596,63,Male,Handbag,Accessories,69,Washington,M,Olive,Spring,3.6,No,Express,No,No,4,Bank Transfer,Monthly
597,36,Female,Sweater,Clothing,48,South Carolina,S,Peach,Fall,4.0,No,Standard,No,No,22,PayPal,Fortnightly
598,48,Female,Boots,Footwear,43,Michigan,XL,Black,Spring,4.5,No,Free Shipping,Yes,Yes,21,Venmo,Bi-Weekly
599,43,Female,Scarf,Accessories,59,Delaware,M,Peach,Summer,4.8,No,Next Day Air,Yes,Yes,25,PayPal,Monthly
600,19,Female,Skirt,Clothing,44,Arizona,M,Gray,Summer,4.3,No,Store Pickup,No,No,30,Credit Card,Quarterly
601,65,Male,Hoodie,Clothing,51,South Carolina,M,Yellow,Winter,3.7,Yes,2-Day Shipping,No,No,10,Bank Transfer,Annually
602,42,Female,Sandals,Footwear,52,Kansas,L,Gray,Winter,4.1,No,Express,Yes,Yes,3,Credit Card,Every 3 Months
603,55,Female,Socks,Clothing,68,Maine,M,Gray,Winter,2.5,No,Store Pickup,Yes,Yes,10,PayPal,Annually
604,33,Female,Scarf,Accessories,33,Tennessee,M,Indigo,Fall,4.1,No,Free Shipping,No,No,8,Cash,Annually
605,42,Female,Gloves,Accessories,45,Missouri,L,Purple,Summer,4.0,No,Next Day Air,No,No,28,Credit Card,Bi-Weekly
606,31,Female,Shorts,Clothing,96,West Virginia,L,White,Spring,2.8,No,Express,No,No,13,Debit Card,Annually
607,63,Female,Scarf,Accessories,88,Nevada,M,Green,Fall,3.4,No,Standard,Yes,Yes,41,Debit Card,Weekly
608,49,Male,Skirt,Clothing,77,Tennessee,M,Cyan,Summer,3.9,No,Next Day Air,No,No,15,Debit Card,Annually
609,50,Female,Coat,Outerwear,69,Connecticut,XL,Silver,Summer,3.8,No,Free Shipping,Yes,Yes,19,PayPal,Quarterly
610,64,Male,Shoes,Footwear,78,Maryland,XL,Olive,Spring,4.2,Yes,Express,No,No,22,Credit Card,Quarterly
611,61,Female,Socks,Clothing,52,Georgia,L,Magenta,Spring,4.7,No,2-Day Shipping,No,No,2,PayPal,Monthly
612,55,Female,Backpack,Accessories,20,Arizona,L,Yellow,Winter,3.7,Yes,Standard,Yes,Yes,1,Bank Transfer,Every 3 Months
613,23,Female,Handbag,Accessories,48,Wyoming,XL,Maroon,Summer,3.1,No,Express,Yes,Yes,7,PayPal,Annually
614,34,Female,Jacket,Outerwear,66,Montana,XL,Peach,Winter,4.1,Yes,Express,Yes,Yes,18,Bank Transfer,Fortnightly
615,29,Male,Blouse,Clothing,64,Louisiana,S,Yellow,Fall,4.5,Yes,Standard,No,No,12,Bank Transfer,Every 3 Months
616,55,Female,Handbag,Accessories,65,Maine,XL,Cyan,Spring,4.5,No,Standard,No,No,9,Debit Card,Annually
617,47,Female,Coat,Outerwear,100,Illinois,L,Violet,Spring,3.9,Yes,Store Pickup,No,No,25,Venmo,Monthly
618,23,Male,Shirt,Clothing,59,Connecticut,M,Yellow,Summer,4.9,No,2-Day Shipping,No,No,9,Bank Transfer,Every 3 Months
619,41,Male,Handbag,Accessories,41,Virginia,M,Magenta,Spring,3.6,No,Store Pickup,No,No,3,Bank Transfer,Every 3 Months
620,22,Male,Blouse,Clothing,55,Colorado,M,Green,Winter,4.7,No,Standard,No,No,11,Credit Card,Every 3 Months
621,43,Female,Belt,Accessories,67,Maryland,L,Charcoal,Winter,3.1,No,Standard,No,No,6,Venmo,Quarterly
622,19,Male,Dress,Clothing,62,Delaware,L,Black,Fall,2.3,Yes,Standard,No,No,16,Credit Card,Bi-Weekly
623,52,Female,Coat,Outerwear,55,Washington,M,Yellow,Summer,2.9,No,Next Day Air,No,No,7,PayPal,Every 3 Months
624,50,Male,Shorts,Clothing,66,Hawaii,M,Lavender,Winter,3.4,No,Express,No,No,26,Credit Card,Quarterly
625,70,Female,Pants,Clothing,40,Maryland,S,Pink,Fall,3.7,No,Standard,Yes,Yes,23,Bank Transfer,Bi-Weekly
626,57,Male,Shoes,Footwear,52,Pennsylvania,M,Gold,Summer,3.1,Yes,Store Pickup,Yes,Yes,6,PayPal,Quarterly
627,38,Female,Sneakers,Footwear,67,New Hampshire,M,Green,Winter,3.7,No,Store Pickup,Yes,Yes,4,Debit Card,Every 3 Months
628,56,Male,Sunglasses,Accessories,50,Maryland,L,Teal,Spring,4.1,Yes,Standard,Yes,Yes,17,PayPal,Monthly
629,23,Female,Gloves,Accessories,51,New Hampshire,S,Pink,Fall,4.0,No,Store Pickup,No,No,5,Cash,Annually
630,30,Female,Skirt,Clothing,58,Michigan,S,Cyan,Fall,3.6,No,Free Shipping,No,No,15,Bank Transfer,Annually
631,49,Female,Gloves,Accessories,56,Iowa,M,Beige,Winter,4.5,No,Store Pickup,No,No,4,Bank Transfer,Annually
632,18,Female,Shirt,Clothing,49,New Jersey,M,Teal,Spring,3.2,Yes,Express,Yes,Yes,17,Bank Transfer,Monthly
633,43,Male,Sweater,Clothing,63,Maine,XL,Blue,Summer,3.6,No,Store Pickup,No,No,27,Bank Transfer,Fortnightly
634,29,Male,Coat,Outerwear,59,Wisconsin,L,Beige,Winter,3.3,Yes,Store Pickup,Yes,Yes,13,Debit Card,Monthly
635,46,Male,Jewelry,Accessories,83,Mississippi,L,Gray,Summer,4.1,No,Next Day Air,Yes,Yes,5,PayPal,Quarterly
636,28,Male,Pants,Clothing,52,Pennsylvania,M,White,Winter,3.4,No,Store Pickup,No,No,4,Debit Card,Monthly
637,50,Female,Pants,Clothing,74,Idaho,S,Pink,Winter,3.9,Yes,Store Pickup,Yes,Yes,17,Cash,Fortnightly
638,44,Female,Coat,Outerwear,80,North Carolina,XL,Black,Summer,4.1,No,Standard,No,No,3,Credit Card,Quarterly
639,65,Female,Skirt,Clothing,52,Nevada,M,Violet,Summer,3.4,No,Express,Yes,Yes,10,Venmo,Monthly
640,44,Female,Shirt,Clothing,43,Pennsylvania,S,White,Summer,2.7,No,Next Day Air,No,No,3,PayPal,Every 3 Months
641,32,Female,Skirt,Clothing,70,Mississippi,M,Purple,Spring,3.6,No,Free Shipping,No,No,3,PayPal,Every 3 Months
642,40,Female,Shorts,Clothing,35,Oklahoma,L,Black,Winter,3.2,No,Next Day Air,No,No,1,Cash,Every 3 Months
643,24,Male,Dress,Clothing,38,Arizona,M,Beige,Spring,3.3,No,Store Pickup,Yes,Yes,18,Credit Card,Fortnightly
644,50,Male,Jacket,Outerwear,84,Ohio,S,Turquoise,Winter,2.1,Yes,Free Shipping,Yes,Yes,5,Venmo,Quarterly
645,53,Female,Shirt,Clothing,55,Pennsylvania,L,Teal,Winter,2.7,No,Next Day Air,Yes,Yes,11,Venmo,Monthly
646,70,Female,Sunglasses,Accessories,46,Missouri,S,Teal,Summer,4.2,No,Free Shipping,No,No,18,Venmo,Bi-Weekly
647,35,Male,Backpack,Accessories,55,Alaska,M,Maroon,Spring,3.2,Yes,Standard,No,No,15,PayPal,Quarterly
648,40,Male,Gloves,Accessories,44,New Hampshire,L,Orange,Winter,4.4,No,Next Day Air,Yes,Yes,19,Debit Card,Monthly
649,35,Female,Scarf,Accessories,92,South Carolina,XL,Charcoal,Summer,3.3,No,Next Day Air,No,No,10,Bank Transfer,Quarterly
650,47,Male,Gloves,Accessories,73,Mississippi,M,Beige,Spring,4.0,No,Standard,Yes,Yes,15,Bank Transfer,Quarterly
651,50,Male,Sunglasses,Accessories,44,California,S,Cyan,Summer,3.6,No,2-Day Shipping,No,No,32,PayPal,Bi-Weekly
652,43,Female,Belt,Accessories,58,Maryland,M,Peach,Winter,4.1,Yes,2-Day Shipping,Yes,Yes,26,Credit Card,Quarterly
653,60,Female,Boots,Footwear,70,Wyoming,M,Lavender,Fall,3.5,No,Free Shipping,No,No,17,Credit Card,Monthly
654,35,Male,Jewelry,Accessories,41,Indiana,XL,Peach,Fall,3.9,No,Standard,No,No,5,Credit Card,Annually
655,59,Female,Sandals,Footwear,51,Nebraska,L,Magenta,Fall,4.4,No,Free Shipping,Yes,Yes,18,Bank Transfer,Monthly
656,52,Male,Pants,Clothing,59,Louisiana,M,Olive,Spring,4.0,Yes,Free Shipping,Yes,Yes,11,PayPal,Every 3 Months
657,44,Female,Belt,Accessories,43,Oklahoma,L,White,Winter,3.3,No,Store Pickup,No,No,8,Debit Card,Quarterly
658,39,Male,Handbag,Accessories,81,Michigan,M,Peach,Fall,2.6,Yes,Free Shipping,No,No,8,Bank Transfer,Every 3 Months
659,70,Female,Pants,Clothing,47,Maryland,M,White,Fall,3.6,No,2-Day Shipping,Yes,Yes,17,Venmo,Monthly
660,32,Male,Boots,Footwear,58,New Hampshire,XL,Yellow,Fall,3.9,No,Express,No,No,11,Cash,Every 3 Months
661,48,Male,Blouse,Clothing,66,New Hampshire,M,Peach,Summer,3.8,Yes,Free Shipping,No,No,19,Debit Card,Monthly
662,33,Female,Dress,Clothing,83,Missouri,M,Yellow,Fall,3.2,No,Standard,Yes,Yes,9,Cash,Every 3 Months
663,70,Male,Sandals,Footwear,65,Illinois,L,Gold,Winter,3.7,Yes,Express,Yes,Yes,22,Venmo,Monthly
664,57,Male,Sweater,Clothing,98,Colorado,M,Olive,Summer,4.1,Yes,Standard,Yes,Yes,5,Bank Transfer,Annually
665,34,Male,Dress,Clothing,52,Ohio,M,Black,Spring,4.5,No,Store Pickup,Yes,Yes,19,Debit Card,Bi-Weekly
666,52,Female,Shirt,Clothing,60,Kentucky,S,Blue,Fall,3.6,Yes,Free Shipping,No,No,20,Cash,Fortnightly
667,48,Female,Sandals,Footwear,75,New Mexico,M,Brown,Winter,5.0,No,2-Day Shipping,No,No,28,Bank Transfer,Quarterly
668,36,Female,Belt,Accessories,88,Maine,M,Brown,Winter,4.6,No,Free Shipping,No,No,8,Cash,Monthly
669,55,Male,Sunglasses,Accessories,59,Texas,M,Lavender,Winter,3.9,Yes,Free Shipping,Yes,Yes,22,PayPal,Monthly
670,50,Male,Boots,Footwear,80,Oklahoma,M,Red,Summer,3.8,No,Standard,Yes,Yes,24,Credit Card,Monthly
671,47,Male,Sunglasses,Accessories,71,Massachusetts,M,Yellow,Winter,4.6,No,Store Pickup,No,No,10,Debit Card,Quarterly
672,43,Female,Jacket,Outerwear,56,Kentucky,L,Yellow,Spring,3.0,No,Store Pickup,Yes,Yes,9,Cash,Every 3 Months
673,50,Female,Shoes,Footwear,60,Pennsylvania,XL,Charcoal,Fall,3.2,No,Express,No,No,19,Bank Transfer,Bi-Weekly
674,47,Female,Dress,Clothing,63,Alabama,L,Lavender,Winter,2.9,Yes,Next Day Air,Yes,Yes,10,Venmo,Annually
675,45,Female,Coat,Outerwear,51,Arizona,L,Lavender,Winter,3.4,No,Free Shipping,Yes,Yes,33,Debit Card,Monthly
676,34,Male,Belt,Accessories,66,California,L,Blue,Fall,3.2,Yes,Free Shipping,Yes,Yes,7,Bank Transfer,Annually
677,69,Female,Blouse,Clothing,59,Louisiana,S,Beige,Fall,3.5,No,Standard,Yes,Yes,21,Venmo,Bi-Weekly
678,28,Male,T-shirt,Clothing,64,Missouri,M,Green,Summer,3.7,No,Store Pickup,No,No,5,Credit Card,Every 3 Months
679,50,Male,Backpack,Accessories,58,Iowa,S,Turquoise,Winter,2.9,No,Express,No,No,17,Venmo,Monthly
680,39,Male,Hoodie,Clothing,47,Georgia,M,Indigo,Winter,4.5,No,2-Day Shipping,No,No,15,Venmo,Annually
681,70,Male,Scarf,Accessories,96,Kansas,XL,Indigo,Spring,4.5,No,Standard,Yes,Yes,19,Bank Transfer,Bi-Weekly
682,30,Male,Shorts,Clothing,61,Missouri,M,Yellow,Spring,3.4,No,Express,No,No,13,PayPal,Annually
683,33,Male,Hat,Accessories,84,Iowa,L,Indigo,Winter,4.6,Yes,Standard,No,No,26,PayPal,Bi-Weekly
684,29,Male,Pants,Clothing,65,New Hampshire,S,Purple,Winter,3.9,No,2-Day Shipping,No,No,28,Venmo,Monthly
685,49,Female,Boots,Footwear,90,Maryland,M,Yellow,Spring,4.3,Yes,Next Day Air,No,No,5,Bank Transfer,Annually
686,23,Male,T-shirt,Clothing,52,Washington,M,Blue,Summer,2.9,Yes,Free Shipping,Yes,Yes,23,Credit Card,Fortnightly
687,37,Male,Blouse,Clothing,57,Wyoming,M,Maroon,Fall,3.5,No,Free Shipping,No,No,3,Bank Transfer,Annually
688,18,Female,Sweater,Clothing,51,North Carolina,M,Green,Spring,4.1,No,Store Pickup,Yes,Yes,5,PayPal,Annually
689,48,Female,Gloves,Accessories,48,Nevada,L,Blue,Fall,3.7,No,Store Pickup,No,No,7,Venmo,Quarterly
690,36,Male,Scarf,Accessories,67,Alaska,M,Black,Winter,3.6,Yes,Standard,No,No,9,Cash,Every 3 Months
691,22,Male,Hat,Accessories,53,New York,L,Pink,Spring,3.7,No,Free Shipping,No,No,16,Debit Card,Quarterly
692,60,Female,Blouse,Clothing,35,Maryland,XL,Pink,Winter,3.9,No,2-Day Shipping,Yes,Yes,8,Bank Transfer,Every 3 Months
693,24,Male,Sandals,Footwear,55,Iowa,M,Orange,Spring,3.7,No,Express,No,No,11,Debit Card,Monthly
694,56,Male,Scarf,Accessories,51,South Carolina,XL,Pink,Spring,4.7,No,2-Day Shipping,Yes,Yes,24,Credit Card,Monthly
695,33,Female,Pants,Clothing,72,Arizona,S,Purple,Fall,3.1,No,Standard,Yes,Yes,18,Bank Transfer,Quarterly
696,68,Male,Boots,Footwear,37,Indiana,M,Black,Winter,3.7,No,Next Day Air,No,No,15,Credit Card,Every 3 Months
697,55,Female,Gloves,Accessories,49,Rhode Island,M,Beige,Winter,4.2,No,Next Day Air,No,No,16,Debit Card,Quarterly
698,29,Female,Sunglasses,Accessories,45,Washington,M,Green,Winter,3.0,No,Standard,Yes,Yes,5,Credit Card,Quarterly
699,30,Female,Jeans,Clothing,76,Montana,M,Orange,Winter,3.5,Yes,Next Day Air,No,No,13,Bank Transfer,Annually
700,53,Male,Dress,Clothing,55,Nebraska,M,Violet,Winter,3.8,Yes,Next Day Air,Yes,Yes,2,Bank Transfer,Annually
701,40,Male,Hat,Accessories,74,Wisconsin,XL,Yellow,Summer,4.7,No,2-Day Shipping,No,No,1,Cash,Annually
702,41,Male,Blouse,Clothing,57,California,M,Teal,Spring,3.8,No,2-Day Shipping,No,No,15,Cash,Monthly
703,63,Male,Shorts,Clothing,66,Missouri,L,Gray,Winter,4.2,No,2-Day Shipping,No,No,12,Cash,Monthly
704,33,Female,Jacket,Outerwear,92,Illinois,M,Orange,Spring,4.1,Yes,Next Day Air,No,No,21,Bank Transfer,Fortnightly
705,45,Male,Sunglasses,Accessories,44,Mississippi,M,Blue,Fall,2.1,Yes,Free Shipping,Yes,Yes,15,Debit Card,Every 3 Months
706,58,Female,T-shirt,Clothing,54,Virginia,M,Maroon,Winter,3.7,No,Express,No,No,10,PayPal,Quarterly
707,56,Female,Shorts,Clothing,65,New Jersey,M,Blue,Spring,3.4,No,Store Pickup,No,No,9,Venmo,Annually
708,42,Female,Hat,Accessories,60,Wyoming,M,Yellow,Winter,4.7,No,Express,Yes,Yes,2,Cash,Every 3 Months
709,40,Male,Pants,Clothing,43,Montana,L,Magenta,Summer,4.1,Yes,Express,Yes,Yes,14,PayPal,Annually
710,18,Male,Pants,Clothing,75,Utah,M,Red,Spring,4.2,Yes,Free Shipping,Yes,Yes,13,Cash,Every 3 Months
711,28,Female,Pants,Clothing,59,Florida,S,Blue,Summer,4.0,No,Standard,No,No,10,PayPal,Annually
712,49,Female,Handbag,Accessories,59,Kentucky,L,White,Summer,3.8,No,Express,Yes,Yes,25,Credit Card,Monthly
713,42,Female,Jewelry,Accessories,53,Indiana,L,Olive,Summer,4.3,No,Next Day Air,No,No,13,Venmo,Every 3 Months
714,45,Female,T-shirt,Clothing,20,Rhode Island,XL,Black,Spring,3.7,No,Standard,Yes,Yes,11,Cash,Every 3 Months
715,60,Female,Blouse,Clothing,67,Montana,M,Indigo,Spring,4.5,No,2-Day Shipping,No,No,7,Cash,Every 3 Months
716,26,Male,Backpack,Accessories,72,Idaho,L,Cyan,Summer,3.1,Yes,2-Day Shipping,Yes,Yes,21,Cash,Fortnightly
717,40,Female,Hat,Accessories,50,Florida,M,Black,Spring,4.4,No,Standard,No,No,3,Bank Transfer,Annually
718,47,Male,Handbag,Accessories,33,Maryland,L,Beige,Fall,3.5,No,Standard,No,No,5,Credit Card,Every 3 Months
719,33,Female,Sweater,Clothing,55,Delaware,M,Purple,Winter,4.1,Yes,Standard,Yes,Yes,26,Bank Transfer,Bi-Weekly
720,65,Female,Gloves,Accessories,73,Ohio,S,Turquoise,Spring,2.8,No,Next Day Air,Yes,Yes,13,Cash,Annually
721,58,Male,Coat,Outerwear,67,Texas,XL,Pink,Spring,3.8,Yes,Express,No,No,12,Cash,Annually
722,48,Male,Handbag,Accessories,57,Wisconsin,L,Purple,Fall,3.7,No,Standard,No,No,8,Debit Card,Every 3 Months
723,70,Male,Blouse,Clothing,53,Idaho,M,Beige,Spring,3.7,No,Free Shipping,No,No,20,Venmo,Bi-Weekly
724,22,Female,Backpack,Accessories,62,Michigan,M,Charcoal,Fall,2.7,No,Free Shipping,Yes,Yes,26,Cash,Monthly
725,44,Male,Socks,Clothing,37,Montana,L,Beige,Summer,3.7,No,Standard,Yes,Yes,22,Debit Card,Monthly
726,49,Male,Sweater,Clothing,55,Missouri,S,Yellow,Summer,3.8,No,Express,No,No,17,Cash,Fortnightly
727,30,Male,Hoodie,Clothing,82,Minnesota,M,Red,Fall,2.6,Yes,Store Pickup,No,No,23,Venmo,Quarterly
728,49,Male,Shoes,Footwear,45,Idaho,S,White,Winter,3.0,No,Express,No,No,5,Bank Transfer,Annually
729,27,Male,Jeans,Clothing,60,Colorado,S,Violet,Spring,3.8,Yes,2-Day Shipping,No,No,5,Bank Transfer,Every 3 Months
730,54,Male,Sandals,Footwear,77,Massachusetts,S,Cyan,Spring,3.9,No,2-Day Shipping,Yes,Yes,21,Debit Card,Fortnightly
731,60,Male,Scarf,Accessories,75,California,L,Maroon,Fall,3.7,Yes,Standard,No,No,12,Credit Card,Annually
732,48,Male,Handbag,Accessories,64,Arkansas,M,Pink,Spring,3.8,No,Next Day Air,Yes,Yes,11,Debit Card,Every 3 Months
733,18,Male,Sweater,Clothing,64,Nebraska,L,Red,Summer,3.7,No,Express,Yes,Yes,8,Debit Card,Every 3 Months
734,29,Male,Scarf,Accessories,63,Texas,XL,Pink,Summer,3.4,No,Standard,No,No,14,Credit Card,Annually
735,52,Male,Hoodie,Clothing,54,Nevada,S,Magenta,Summer,3.6,No,Express,Yes,Yes,5,Bank Transfer,Annually
736,44,Female,Gloves,Accessories,75,Alaska,L,Beige,Fall,2.9,No,Standard,Yes,Yes,27,Venmo,Quarterly
737,18,Male,Skirt,Clothing,51,Texas,M,White,Spring,3.3,No,Next Day Air,Yes,Yes,10,Cash,Every 3 Months
738,63,Male,Shirt,Clothing,42,Ohio,XL,Purple,Summer,3.7,No,Store Pickup,Yes,Yes,7,PayPal,Quarterly
739,46,Male,Jewelry,Accessories,35,Kansas,M,Teal,Spring,4.5,No,Store Pickup,No,No,15,Venmo,Annually
740,32,Male,Skirt,Clothing,54,Indiana,M,Cyan,Winter,3.6,Yes,Standard,Yes,Yes,19,Credit Card,Quarterly
741,59,Male,Sweater,Clothing,48,Vermont,M,Blue,Winter,4.9,No,Store Pickup,No,No,10,Venmo,Annually
742,34,Male,Jacket,Outerwear,63,Mississippi,XL,Violet,Summer,4.8,Yes,Store Pickup,No,No,9,Cash,Quarterly
743,34,Female,Hoodie,Clothing,39,Delaware,M,Teal,Spring,3.7,No,Standard,No,No,31,Venmo,Fortnightly
744,49,Male,T-shirt,Clothing,70,Iowa,L,Teal,Summer,3.5,Yes,Standard,Yes,Yes,2,Bank Transfer,Annually
745,70,Male,Blouse,Clothing,43,Indiana,M,Magenta,Winter,5.0,No,Store Pickup,Yes,Yes,17,PayPal,Bi-Weekly
746,68,Male,Shirt,Clothing,67,Massachusetts,L,Violet,Winter,4.1,No,2-Day Shipping,No,No,3,PayPal,Annually
747,49,Male,Jewelry,Accessories,69,Louisiana,M,Cyan,Fall,4.0,No,Next Day Air,No,No,32,Venmo,Quarterly
748,51,Male,Skirt,Clothing,99,Nevada,S,Red,Winter,3.3,No,Free Shipping,Yes,Yes,12,Cash,Annually
749,56,Female,Sunglasses,Accessories,50,Kentucky,S,Maroon,Spring,3.5,No,Free Shipping,Yes,Yes,7,Venmo,Monthly
750,25,Female,Gloves,Accessories,54,North Carolina,M,Charcoal,Fall,3.1,No,Express,No,No,5,PayPal,Every 3 Months
751,54,Male,Socks,Clothing,46,Missouri,L,Purple,Winter,4.6,No,Next Day Air,No,No,18,Bank Transfer,Fortnightly
752,33,Male,Coat,Outerwear,49,West Virginia,L,Indigo,Spring,3.9,No,Next Day Air,No,No,9,Credit Card,Annually
753,49,Male,Coat,Outerwear,61,Tennessee,M,Brown,Summer,3.4,No,Store Pickup,Yes,Yes,2,PayPal,Every 3 Months
754,41,Male,Shorts,Clothing,46,Kentucky,M,Purple,Summer,3.4,No,Next Day Air,No,No,35,Cash,Fortnightly
755,52,Female,Blouse,Clothing,39,Arizona,S,Silver,Spring,3.1,No,Next Day Air,No,No,26,Venmo,Monthly
756,46,Male,T-shirt,Clothing,62,New Jersey,L,Green,Spring,3.7,No,Next Day Air,No,No,2,PayPal,Annually
757,18,Male,Hoodie,Clothing,47,Kentucky,L,Yellow,Winter,3.8,Yes,2-Day Shipping,No,No,20,Debit Card,Quarterly
758,47,Female,Jewelry,Accessories,66,Virginia,XL,Purple,Fall,2.4,No,2-Day Shipping,No,No,9,Venmo,Annually
759,54,Male,Hat,Accessories,77,Massachusetts,L,Beige,Spring,3.2,Yes,2-Day Shipping,Yes,Yes,11,Debit Card,Monthly
760,51,Male,Shorts,Clothing,50,Iowa,M,Green,Fall,3.3,Yes,Express,Yes,Yes,11,PayPal,Every 3 Months
761,42,Female,Jeans,Clothing,80,Kentucky,M,Yellow,Fall,4.4,No,Express,Yes,Yes,12,Credit Card,Quarterly
762,69,Male,Shirt,Clothing,64,Utah,XL,Charcoal,Summer,3.4,No,Standard,No,No,6,Debit Card,Quarterly
763,49,Male,Coat,Outerwear,67,Colorado,S,White,Summer,2.5,No,2-Day Shipping,No,No,1,Debit Card,Annually
764,51,Male,Jacket,Outerwear,40,West Virginia,S,Maroon,Fall,2.9,No,Standard,No,No,6,PayPal,Annually
765,60,Female,Pants,Clothing,31,Idaho,M,Pink,Winter,4.7,No,Free Shipping,No,No,15,Cash,Annually
766,49,Male,Gloves,Accessories,82,Texas,L,Purple,Winter,3.5,No,Express,Yes,Yes,14,PayPal,Quarterly
767,31,Male,Handbag,Accessories,78,Nevada,L,Maroon,Summer,3.1,No,Store Pickup,No,No,9,Debit Card,Every 3 Months
768,18,Male,Backpack,Accessories,83,New Hampshire,XL,Maroon,Spring,2.7,No,Store Pickup,Yes,Yes,9,Cash,Every 3 Months
769,37,Male,Hat,Accessories,87,Hawaii,M,Orange,Spring,3.8,No,Next Day Air,Yes,Yes,9,Debit Card,Annually
770,55,Female,Shoes,Footwear,82,Oregon,M,Pink,Spring,3.7,No,Express,No,No,19,Cash,Monthly
771,39,Male,Socks,Clothing,62,North Carolina,M,Red,Spring,4.0,No,Free Shipping,Yes,Yes,16,Bank Transfer,Fortnightly
772,56,Female,Shorts,Clothing,67,Missouri,L,Lavender,Winter,5.0,No,Store Pickup,Yes,Yes,20,PayPal,Fortnightly
773,46,Female,Coat,Outerwear,63,Minnesota,M,Lavender,Fall,2.9,Yes,Express,Yes,Yes,17,Credit Card,Fortnightly
774,63,Female,Blouse,Clothing,62,New Jersey,XL,Silver,Spring,3.5,No,Express,Yes,Yes,8,PayPal,Annually
775,40,Male,Dress,Clothing,70,Mississippi,M,Red,Winter,3.9,No,Next Day Air,No,No,3,Bank Transfer,Every 3 Months
776,51,Female,Sunglasses,Accessories,69,Wisconsin,L,Pink,Spring,3.5,No,Store Pickup,No,No,5,Credit Card,Annually
777,52,Female,Sandals,Footwear,58,Arizona,L,Magenta,Fall,2.4,No,Store Pickup,Yes,Yes,2,PayPal,Quarterly
778,67,Male,Sunglasses,Accessories,25,Illinois,M,Orange,Spring,4.1,No,Store Pickup,Yes,Yes,22,Venmo,Quarterly
779,18,Female,Sneakers,Footwear,36,Texas,L,Orange,Fall,3.3,No,Standard,No,No,29,Bank Transfer,Bi-Weekly
780,37,Female,Handbag,Accessories,65,South Carolina,M,Lavender,Fall,3.1,No,2-Day Shipping,Yes,Yes,20,Bank Transfer,Monthly
781,57,Male,Dress,Clothing,56,Louisiana,L,Charcoal,Winter,3.2,Yes,Standard,No,No,6,Credit Card,Monthly
782,67,Female,Backpack,Accessories,68,Montana,L,Olive,Fall,4.7,No,Store Pickup,No,No,21,PayPal,Quarterly
783,48,Male,Sneakers,Footwear,41,Alaska,M,Magenta,Summer,4.4,No,Express,No,No,16,Credit Card,Fortnightly
784,40,Female,Sandals,Footwear,82,Florida,M,Black,Fall,3.0,No,Standard,No,No,24,Credit Card,Monthly
785,55,Female,Skirt,Clothing,43,West Virginia,XL,White,Fall,2.7,No,2-Day Shipping,No,No,34,Venmo,Fortnightly
786,57,Male,Blouse,Clothing,82,North Carolina,XL,Pink,Summer,4.2,No,Next Day Air,No,No,10,Cash,Monthly
787,39,Female,Shoes,Footwear,35,Alaska,M,Blue,Fall,4.9,No,Free Shipping,No,No,4,Cash,Every 3 Months
788,49,Male,Shorts,Clothing,68,South Carolina,XL,Cyan,Fall,5.0,No,Free Shipping,No,No,13,Debit Card,Annually
789,62,Female,Shorts,Clothing,43,Massachusetts,M,Orange,Winter,2.9,No,Standard,No,No,12,Cash,Every 3 Months
790,70,Female,Sandals,Footwear,66,New Hampshire,M,Turquoise,Spring,4.5,Yes,Standard,No,No,9,Credit Card,Annually
791,55,Male,Jewelry,Accessories,74,Texas,M,Maroon,Fall,3.7,No,Free Shipping,No,No,11,Credit Card,Monthly
792,45,Male,Sweater,Clothing,78,Tennessee,S,Teal,Winter,2.5,Yes,Next Day Air,Yes,Yes,19,Credit Card,Monthly
793,43,Male,Skirt,Clothing,51,Connecticut,M,Brown,Fall,3.2,Yes,Next Day Air,No,No,3,PayPal,Quarterly
794,52,Male,Sweater,Clothing,54,Maine,L,Olive,Winter,3.2,Yes,Free Shipping,Yes,Yes,12,Debit Card,Annually
795,42,Male,Shoes,Footwear,35,Indiana,S,Teal,Summer,3.9,No,Express,No,No,19,Credit Card,Bi-Weekly
796,47,Male,Jewelry,Accessories,28,Virginia,M,Turquoise,Fall,2.9,No,Store Pickup,No,No,28,Venmo,Bi-Weekly
797,28,Male,Skirt,Clothing,45,South Carolina,L,Gold,Spring,4.3,No,Next Day Air,No,No,13,Cash,Quarterly
798,63,Male,Dress,Clothing,44,North Carolina,L,Pink,Summer,4.0,No,Next Day Air,No,No,11,Cash,Annually
799,27,Female,Skirt,Clothing,34,Arizona,XL,Beige,Spring,4.3,No,2-Day Shipping,No,No,9,Bank Transfer,Quarterly
800,38,Female,Hoodie,Clothing,55,South Dakota,M,Brown,Winter,3.3,No,Standard,Yes,Yes,1,Venmo,Every 3 Months
801,45,Female,Skirt,Clothing,57,New Hampshire,L,Violet,Winter,3.9,No,Free Shipping,No,No,4,Credit Card,Quarterly
802,70,Male,Belt,Accessories,63,Indiana,M,Red,Spring,3.1,Yes,Standard,Yes,Yes,23,PayPal,Quarterly
803,38,Female,Jeans,Clothing,45,Minnesota,S,Cyan,Winter,4.1,No,Express,No,No,19,Venmo,Bi-Weekly
804,34,Female,Hoodie,Clothing,55,Minnesota,L,Yellow,Summer,3.6,Yes,Express,No,No,6,Credit Card,Monthly
805,36,Male,Jewelry,Accessories,58,Iowa,M,Yellow,Fall,3.7,Yes,Standard,No,No,14,PayPal,Annually
806,69,Male,Skirt,Clothing,77,Virginia,L,Black,Winter,3.7,Yes,2-Day Shipping,Yes,Yes,11,Debit Card,Every 3 Months
807,18,Female,Dress,Clothing,47,Virginia,M,Beige,Winter,2.7,No,Express,Yes,Yes,1,Venmo,Annually
808,29,Male,T-shirt,Clothing,31,Arizona,M,Gold,Spring,4.4,No,Standard,No,No,12,Debit Card,Quarterly
809,70,Male,Jeans,Clothing,53,Washington,M,Silver,Spring,3.7,No,2-Day Shipping,Yes,Yes,20,Venmo,Fortnightly
810,53,Female,Dress,Clothing,51,Massachusetts,S,Orange,Spring,4.4,No,Standard,No,No,17,Credit Card,Monthly
811,27,Male,Sunglasses,Accessories,31,South Carolina,M,Maroon,Winter,4.4,No,Free Shipping,Yes,Yes,30,Bank Transfer,Fortnightly
812,43,Male,Skirt,Clothing,52,South Carolina,S,Lavender,Fall,3.2,No,2-Day Shipping,No,No,10,Credit Card,Every 3 Months
813,45,Female,Sandals,Footwear,46,New Jersey,M,Magenta,Spring,3.5,No,Store Pickup,No,No,16,Debit Card,Quarterly
814,57,Female,Scarf,Accessories,56,Pennsylvania,L,Peach,Fall,2.8,No,2-Day Shipping,No,No,13,Credit Card,Monthly
815,70,Male,Blouse,Clothing,65,Ohio,S,Black,Fall,4.4,No,2-Day Shipping,No,No,10,Debit Card,Quarterly
816,50,Female,Shirt,Clothing,49,Texas,M,Orange,Fall,3.9,No,2-Day Shipping,No,No,5,Bank Transfer,Annually
817,36,Female,Dress,Clothing,66,Michigan,M,Cyan,Fall,3.8,No,Express,No,No,12,Bank Transfer,Annually
818,56,Male,Shirt,Clothing,59,Oregon,M,Silver,Spring,3.5,Yes,Free Shipping,Yes,Yes,18,Credit Card,Quarterly
819,34,Female,Scarf,Accessories,53,Wisconsin,M,Charcoal,Summer,3.2,No,Next Day Air,Yes,Yes,28,Cash,Monthly
820,28,Male,Sweater,Clothing,59,West Virginia,L,Black,Fall,4.5,Yes,2-Day Shipping,Yes,Yes,14,Bank Transfer,Every 3 Months
821,18,Male,Shoes,Footwear,63,Delaware,L,Lavender,Winter,4.9,Yes,Express,Yes,Yes,32,Credit Card,Quarterly
822,21,Female,Belt,Accessories,35,Missouri,S,Magenta,Spring,4.5,No,2-Day Shipping,No,No,13,Bank Transfer,Annually
823,31,Male,Scarf,Accessories,28,Montana,L,Maroon,Fall,3.6,No,Express,No,No,18,Debit Card,Bi-Weekly
824,26,Female,Handbag,Accessories,81,New York,S,Turquoise,Winter,4.0,Yes,Standard,Yes,Yes,9,Debit Card,Annually
825,49,Female,Handbag,Accessories,60,North Carolina,M,Purple,Fall,4.4,No,Express,No,No,7,Bank Transfer,Every 3 Months
826,26,Male,Jacket,Outerwear,59,Texas,M,Indigo,Spring,3.7,No,Next Day Air,No,No,30,Bank Transfer,Quarterly
827,18,Female,Jacket,Outerwear,91,Nebraska,M,Red,Fall,4.8,Yes,Next Day Air,No,No,13,Bank Transfer,Every 3 Months
828,28,Male,T-shirt,Clothing,100,Oklahoma,S,Maroon,Spring,4.4,No,Standard,Yes,Yes,5,PayPal,Every 3 Months
829,37,Female,Shorts,Clothing,34,Vermont,S,Cyan,Summer,5.0,No,Free Shipping,Yes,Yes,33,PayPal,Monthly
830,35,Male,Dress,Clothing,57,Colorado,S,Beige,Fall,3.8,No,Store Pickup,Yes,Yes,13,PayPal,Annually
831,67,Female,Sweater,Clothing,75,North Carolina,M,Beige,Spring,2.3,Yes,Standard,No,No,11,Debit Card,Annually
832,35,Female,Handbag,Accessories,31,Maine,S,Cyan,Spring,3.8,No,Next Day Air,No,No,3,Cash,Annually
833,57,Male,Hoodie,Clothing,34,Virginia,L,Teal,Winter,3.5,No,Standard,No,No,21,Credit Card,Monthly
834,44,Female,Scarf,Accessories,72,Nevada,XL,Magenta,Fall,3.9,No,Free Shipping,No,No,25,Venmo,Fortnightly
835,43,Female,Sneakers,Footwear,59,New Mexico,M,Magenta,Summer,4.7,No,Free Shipping,Yes,Yes,23,Credit Card,Quarterly
836,31,Female,Shirt,Clothing,47,Pennsylvania,S,Indigo,Spring,3.4,No,2-Day Shipping,No,No,17,Bank Transfer,Monthly
837,43,Female,Jewelry,Accessories,37,Illinois,M,Gold,Spring,3.3,Yes,Free Shipping,Yes,Yes,11,Cash,Quarterly
838,33,Female,Socks,Clothing,63,Nevada,L,Purple,Summer,3.3,No,2-Day Shipping,No,No,14,Cash,Every 3 Months
839,47,Male,Boots,Footwear,38,Rhode Island,M,Beige,Fall,4.9,No,Next Day Air,No,No,10,PayPal,Every 3 Months
840,40,Male,Backpack,Accessories,41,Rhode Island,S,Peach,Spring,3.5,No,2-Day Shipping,Yes,Yes,14,PayPal,Monthly
841,30,Male,Shorts,Clothing,43,Idaho,XL,White,Winter,3.9,No,2-Day Shipping,No,No,18,PayPal,Fortnightly
842,59,Female,Backpack,Accessories,58,Tennessee,M,Violet,Summer,4.9,Yes,Free Shipping,Yes,Yes,16,Credit Card,Monthly
843,50,Male,Shirt,Clothing,40,Florida,M,Indigo,Spring,,No,Next Day Air,No,No,20,PayPal,Bi-Weekly
844,37,Male,Hat,Accessories,42,Indiana,XL,Turquoise,Spring,2.4,No,Express,Yes,Yes,5,Cash,Monthly
845,46,Male,Sunglasses,Accessories,78,Texas,XL,Cyan,Winter,3.5,Yes,Next Day Air,Yes,Yes,3,Venmo,Annually
846,43,Female,Pants,Clothing,61,New Mexico,M,Gold,Summer,3.3,No,2-Day Shipping,No,No,24,Venmo,Monthly
847,31,Male,Handbag,Accessories,57,Nevada,M,Green,Summer,2.7,No,Standard,No,No,29,Venmo,Monthly
848,45,Female,Shoes,Footwear,67,Nevada,M,Beige,Spring,3.4,No,Free Shipping,No,No,17,Debit Card,Monthly
849,35,Male,Shoes,Footwear,49,Wisconsin,M,Gold,Winter,2.0,Yes,2-Day Shipping,No,No,12,PayPal,Quarterly
850,30,Female,Handbag,Accessories,63,Idaho,M,Turquoise,Winter,3.9,No,Next Day Air,Yes,Yes,17,Bank Transfer,Fortnightly
851,20,Male,Hat,Accessories,64,Iowa,M,Silver,Spring,3.8,No,2-Day Shipping,No,No,21,Bank Transfer,Bi-Weekly
852,39,Male,Jeans,Clothing,42,Missouri,L,Green,Fall,3.3,No,Standard,Yes,Yes,22,Credit Card,Monthly
853,53,Female,Sneakers,Footwear,70,Texas,L,Gray,Summer,2.6,No,Free Shipping,Yes,Yes,9,Bank Transfer,Annually
854,34,Female,Sandals,Footwear,64,Nevada,XL,Green,Spring,4.5,No,Express,Yes,Yes,11,Debit Card,Quarterly
855,70,Male,Pants,Clothing,62,Oregon,L,Blue,Winter,3.4,No,Express,Yes,Yes,13,Cash,Annually
856,57,Male,Dress,Clothing,91,South Dakota,S,Brown,Spring,4.4,Yes,Next Day Air,No,No,30,PayPal,Bi-Weekly
857,64,Female,Shirt,Clothing,60,Vermont,M,Yellow,Winter,3.6,No,Free Shipping,No,No,26,Bank Transfer,Fortnightly
858,56,Female,T-shirt,Clothing,43,Mississippi,M,Purple,Spring,4.6,No,2-Day Shipping,Yes,Yes,15,Debit Card,Annually
859,70,Male,Pants,Clothing,60,Minnesota,M,Pink,Summer,4.1,No,Standard,No,No,11,Cash,Monthly
860,32,Male,Skirt,Clothing,64,California,S,Gray,Spring,3.8,Yes,Store Pickup,Yes,Yes,6,Venmo,Every 3 Months
861,18,Female,Sunglasses,Accessories,39,California,L,Turquoise,Spring,3.2,No,Free Shipping,No,No,24,Venmo,Quarterly
862,37,Female,Dress,Clothing,26,Missouri,M,Charcoal,Summer,4.5,No,Express,Yes,Yes,3,Debit Card,Annually
863,52,Female,Pants,Clothing,57,Pennsylvania,S,Yellow,Winter,3.6,No,Express,Yes,Yes,33,Credit Card,Quarterly
864,46,Female,Gloves,Accessories,78,Tennessee,M,Maroon,Summer,3.3,Yes,Standard,Yes,Yes,18,Cash,Quarterly
865,48,Male,Skirt,Clothing,73,Massachusetts,XL,Green,Fall,3.6,No,Free Shipping,No,No,24,Debit Card,Monthly
866,64,Female,Sweater,Clothing,69,New Hampshire,L,Red,Winter,3.7,Yes,Next Day Air,Yes,Yes,26,Credit Card,Fortnightly
867,50,Female,Shoes,Footwear,91,South Dakota,S,Lavender,Summer,4.2,Yes,Next Day Air,No,No,30,PayPal,Bi-Weekly
868,56,Female,Coat,Outerwear,71,Kansas,M,Gold,Winter,2.5,No,2-Day Shipping,Yes,Yes,11,Bank Transfer,Quarterly
869,30,Male,Jewelry,Accessories,54,Delaware,XL,Purple,Summer,5.0,No,Standard,No,No,13,Debit Card,Annually
870,28,Male,Socks,Clothing,61,Washington,S,Red,Spring,4.0,No,Express,Yes,Yes,24,Debit Card,Fortnightly
871,68,Female,Hoodie,Clothing,52,Nevada,L,Peach,Summer,3.7,Yes,2-Day Shipping,Yes,Yes,18,Cash,Fortnightly
872,46,Male,Jacket,Outerwear,54,Delaware,L,Magenta,Spring,3.9,Yes,2-Day Shipping,Yes,Yes,17,Venmo,Bi-Weekly
873,35,Female,Jewelry,Accessories,41,Illinois,L,Green,Winter,2.8,No,Free Shipping,Yes,Yes,5,Cash,Annually
874,35,Male,Backpack,Accessories,55,Kentucky,S,Lavender,Spring,3.8,Yes,Next Day Air,No,No,16,PayPal,Bi-Weekly
875,34,Female,Backpack,Accessories,71,Hawaii,XL,Turquoise,Winter,4.1,No,Store Pickup,No,No,3,Venmo,Every 3 Months
876,33,Female,Jeans,Clothing,35,Michigan,M,Green,Spring,3.5,No,Next Day Air,No,No,3,Credit Card,Quarterly
877,25,Male,Gloves,Accessories,47,South Dakota,S,Yellow,Spring,4.1,Yes,Express,Yes,Yes,23,Venmo,Fortnightly
878,21,Male,Boots,Footwear,73,Oregon,S,Brown,Fall,4.1,No,2-Day Shipping,Yes,Yes,15,Cash,Quarterly
879,41,Female,Sandals,Footwear,60,Virginia,M,Charcoal,Spring,3.2,Yes,Store Pickup,Yes,Yes,17,Cash,Bi-Weekly
880,35,Female,Hoodie,Clothing,55,Tennessee,S,Green,Spring,4.4,No,Standard,Yes,Yes,18,Debit Card,Fortnightly
881,61,Male,Scarf,Accessories,51,Kansas,L,Beige,Winter,3.7,No,Standard,Yes,Yes,29,Cash,Fortnightly
882,48,Female,Pants,Clothing,95,Arizona,L,Turquoise,Spring,4.8,Yes,Express,Yes,Yes,12,Cash,Every 3 Months
883,48,Female,Jacket,Outerwear,77,Delaware,S,Green,Fall,4.4,No,Store Pickup,No,No,9,Credit Card,Every 3 Months
884,33,Male,Jeans,Clothing,62,South Carolina,L,Blue,Spring,3.9,No,Express,No,No,24,Cash,Monthly
885,42,Male,Handbag,Accessories,60,Louisiana,XL,Peach,Spring,3.3,No,Standard,Yes,Yes,4,Credit Card,Every 3 Months
886,49,Male,Dress,Clothing,71,Oregon,S,White,Fall,3.6,Yes,Express,Yes,Yes,18,Cash,Quarterly
887,55,Male,Belt,Accessories,87,Minnesota,L,Yellow,Summer,4.4,No,Express,No,No,10,Bank Transfer,Every 3 Months
888,43,Male,Belt,Accessories,51,Vermont,XL,Blue,Spring,3.4,No,Store Pickup,Yes,Yes,8,Cash,Annually
889,60,Male,Shirt,Clothing,67,Montana,L,Silver,Fall,4.0,Yes,2-Day Shipping,Yes,Yes,16,Debit Card,Bi-Weekly
890,44,Female,Boots,Footwear,66,Virginia,M,Indigo,Winter,4.0,Yes,Store Pickup,No,No,11,PayPal,Annually
891,56,Male,Sneakers,Footwear,80,Illinois,L,Teal,Fall,3.6,Yes,Next Day Air,No,No,5,PayPal,Quarterly
892,37,Female,Shoes,Footwear,93,Rhode Island,L,Peach,Summer,3.2,Yes,Free Shipping,Yes,Yes,6,Venmo,Quarterly
893,18,Male,Shirt,Clothing,55,Nebraska,M,Red,Winter,4.7,Yes,Next Day Air,Yes,Yes,13,Venmo,Every 3 Months
894,48,Male,Hat,Accessories,64,Georgia,M,Teal,Summer,4.0,No,2-Day Shipping,Yes,Yes,35,Venmo,Monthly
895,55,Female,Hat,Accessories,60,Idaho,M,Violet,Fall,3.6,No,Next Day Air,No,No,9,Debit Card,Annually
896,53,Female,Backpack,Accessories,35,Kansas,M,Brown,Summer,3.3,No,Store Pickup,No,No,15,Credit Card,Every 3 Months
897,50,Male,Scarf,Accessories,79,Delaware,M,Red,Fall,4.3,Yes,Next Day Air,Yes,Yes,16,PayPal,Monthly
898,39,Male,Hat,Accessories,88,Washington,M,Brown,Fall,3.7,Yes,Next Day Air,Yes,Yes,8,Bank Transfer,Annually
899,32,Male,Pants,Clothing,71,Hawaii,L,White,Summer,4.3,No,Standard,Yes,Yes,24,Credit Card,Quarterly
900,52,Male,Shorts,Clothing,48,New Jersey,L,Peach,Summer,3.1,No,Standard,No,No,13,Bank Transfer,Every 3 Months
901,50,Male,Dress,Clothing,36,New Hampshire,M,Charcoal,Summer,3.9,No,2-Day Shipping,No,No,14,Credit Card,Every 3 Months
902,36,Male,Blouse,Clothing,74,Nebraska,M,Gray,Summer,3.4,Yes,Next Day Air,Yes,Yes,22,Debit Card,Monthly
903,61,Male,T-shirt,Clothing,47,New York,S,Violet,Spring,4.7,Yes,2-Day Shipping,No,No,13,PayPal,Every 3 Months
904,31,Male,Sweater,Clothing,42,Virginia,S,Pink,Summer,3.9,No,Store Pickup,No,No,32,Venmo,Monthly
905,35,Female,Boots,Footwear,63,Wisconsin,L,Cyan,Spring,3.1,No,2-Day Shipping,No,No,17,Cash,Quarterly
906,69,Female,Belt,Accessories,75,Utah,S,Teal,Summer,4.3,Yes,Next Day Air,Yes,Yes,20,Debit Card,Monthly
907,57,Male,Socks,Clothing,59,Minnesota,XL,Purple,Summer,4.4,Yes,2-Day Shipping,No,No,36,PayPal,Fortnightly
908,39,Male,Sandals,Footwear,63,Oregon,M,Black,Spring,3.4,Yes,Express,Yes,Yes,33,Credit Card,Bi-Weekly
909,48,Male,Sandals,Footwear,58,Georgia,S,Gray,Summer,3.2,No,2-Day Shipping,No,No,2,Cash,Annually
910,46,Male,Sandals,Footwear,45,Vermont,L,Turquoise,Fall,2.3,No,Next Day Air,Yes,Yes,15,PayPal,Monthly
911,18,Female,Sneakers,Footwear,54,Georgia,M,Green,Winter,4.3,No,Express,No,No,16,Venmo,Bi-Weekly
912,30,Female,Jacket,Outerwear,42,Colorado,M,Beige,Fall,2.5,No,Free Shipping,No,No,25,Cash,Monthly
913,43,Female,Belt,Accessories,69,Tennessee,S,Peach,Fall,3.7,No,Next Day Air,Yes,Yes,26,Venmo,Monthly
914,39,Female,Jacket,Outerwear,100,Pennsylvania,L,Violet,Fall,2.6,No,Express,No,No,21,Credit Card,Monthly
915,48,Female,Jacket,Outerwear,69,Connecticut,M,Olive,Winter,4.7,No,Express,No,No,18,PayPal,Quarterly
916,61,Female,Blouse,Clothing,77,Wisconsin,L,Yellow,Winter,4.5,No,Next Day Air,No,No,19,Bank Transfer,Bi-Weekly
917,39,Male,Boots,Footwear,56,Colorado,L,Blue,Spring,3.8,No,2-Day Shipping,Yes,Yes,3,Credit Card,Annually
918,28,Male,Sneakers,Footwear,44,Arizona,L,Pink,Summer,4.3,Yes,Standard,Yes,Yes,9,Bank Transfer,Annually
919,49,Male,Shoes,Footwear,96,West Virginia,L,Pink,Winter,3.6,No,Express,No,No,14,Venmo,Every 3 Months
920,39,Female,Boots,Footwear,46,Idaho,L,Yellow,Winter,3.2,No,Standard,Yes,Yes,23,Debit Card,Bi-Weekly
921,42,Male,Pants,Clothing,73,Idaho,L,Olive,Fall,2.7,No,Standard,No,No,5,Debit Card,Quarterly
922,40,Female,Shorts,Clothing,61,South Carolina,M,Teal,Summer,4.2,No,Express,Yes,Yes,23,Debit Card,Monthly
923,70,Female,Hat,Accessories,76,New Mexico,L,Brown,Spring,3.1,No,Express,No,No,6,Cash,Quarterly
924,18,Male,Scarf,Accessories,56,Nebraska,L,Black,Summer,5.0,No,2-Day Shipping,No,No,4,Bank Transfer,Every 3 Months
925,38,Male,Shoes,Footwear,47,Wyoming,S,Purple,Fall,3.0,Yes,Store Pickup,No,No,22,PayPal,Quarterly
926,44,Male,Sneakers,Footwear,49,California,L,Beige,Fall,4.3,No,Express,No,No,26,Venmo,Fortnightly
927,32,Male,Scarf,Accessories,100,Washington,M,Turquoise,Fall,4.5,Yes,Express,Yes,Yes,13,Debit Card,Every 3 Months
928,57,Female,Coat,Outerwear,73,Indiana,M,Beige,Spring,2.8,No,2-Day Shipping,No,No,15,PayPal,Every 3 Months
929,56,Female,Shorts,Clothing,93,New York,S,Purple,Winter,3.4,No,Standard,No,No,7,Debit Card,Annually
930,43,Female,Jacket,Outerwear,62,Kentucky,S,Magenta,Spring,3.5,No,Store Pickup,No,No,30,Bank Transfer,Fortnightly
931,40,Male,T-shirt,Clothing,69,Iowa,S,Pink,Summer,5.0,No,Express,No,No,13,Credit Card,Annually
932,42,Male,Handbag,Accessories,42,Kentucky,S,Peach,Fall,3.6,Yes,Store Pickup,Yes,Yes,27,Debit Card,Bi-Weekly
933,42,Male,Jeans,Clothing,58,Nevada,S,Magenta,Summer,3.0,No,2-Day Shipping,No,No,4,Cash,Every 3 Months
934,43,Female,Hat,Accessories,99,Utah,S,Maroon,Spring,4.0,Yes,Express,No,No,22,PayPal,Monthly
935,41,Female,Pants,Clothing,51,Colorado,M,Maroon,Fall,3.1,Yes,Free Shipping,No,No,22,PayPal,Monthly
936,48,Male,Sweater,Clothing,47,North Dakota,M,Pink,Spring,3.7,No,Store Pickup,No,No,10,Credit Card,Every 3 Months
937,55,Female,Jewelry,Accessories,70,Utah,XL,Purple,Winter,3.5,No,Next Day Air,No,No,4,Debit Card,Quarterly
938,26,Male,Handbag,Accessories,65,Oregon,L,Magenta,Winter,4.1,Yes,Express,No,No,12,Venmo,Monthly
939,28,Female,Blouse,Clothing,88,Wyoming,S,Green,Summer,3.4,No,Next Day Air,Yes,Yes,21,PayPal,Quarterly
940,18,Male,Sunglasses,Accessories,59,Alabama,M,Black,Summer,3.3,Yes,Next Day Air,No,No,11,PayPal,Every 3 Months
941,57,Male,Hoodie,Clothing,59,Maine,M,Silver,Winter,4.3,No,Next Day Air,No,No,6,Bank Transfer,Quarterly
942,48,Female,T-shirt,Clothing,63,Michigan,M,Cyan,Spring,3.9,No,Free Shipping,No,No,14,Bank Transfer,Monthly
943,52,Male,Dress,Clothing,47,Nebraska,M,Lavender,Summer,3.7,Yes,Store Pickup,No,No,23,Debit Card,Quarterly
944,23,Male,Sunglasses,Accessories,36,Kansas,L,Yellow,Spring,2.6,No,Standard,No,No,3,Venmo,Annually
945,70,Male,Boots,Footwear,38,Illinois,L,Silver,Spring,4.0,No,Store Pickup,Yes,Yes,8,Credit Card,Every 3 Months
946,35,Male,Jewelry,Accessories,20,Texas,M,Green,Winter,3.5,No,Standard,No,No,15,PayPal,Quarterly
947,47,Female,Sandals,Footwear,59,Idaho,L,Magenta,Spring,3.8,No,2-Day Shipping,No,No,6,Bank Transfer,Every 3 Months
948,57,Female,Sunglasses,Accessories,36,West Virginia,M,Green,Winter,2.6,No,Free Shipping,No,No,14,Credit Card,Quarterly
949,29,Female,Sneakers,Footwear,51,Alaska,L,Peach,Winter,3.8,No,Standard,Yes,Yes,38,Cash,Weekly
950,36,Male,Jacket,Outerwear,84,Michigan,XL,Brown,Fall,3.7,No,Store Pickup,Yes,Yes,41,Debit Card,Weekly
951,47,Male,Shorts,Clothing,43,New Mexico,M,White,Fall,3.6,No,Next Day Air,No,No,19,Debit Card,Bi-Weekly
952,70,Male,Shorts,Clothing,69,Wisconsin,L,Yellow,Spring,3.2,No,Standard,No,No,13,PayPal,Every 3 Months
953,49,Male,Shirt,Clothing,39,Rhode Island,L,Gray,Spring,4.4,Yes,Express,Yes,Yes,28,Debit Card,Monthly
954,68,Male,Gloves,Accessories,52,Alabama,M,Cyan,Summer,3.3,Yes,Free Shipping,No,No,14,Debit Card,Monthly
955,62,Female,Backpack,Accessories,85,Pennsylvania,S,Olive,Winter,4.3,No,Free Shipping,Yes,Yes,16,Venmo,Fortnightly
956,50,Female,Pants,Clothing,51,Kentucky,L,Pink,Summer,4.3,No,Standard,Yes,Yes,2,Bank Transfer,Annually
957,29,Female,Sneakers,Footwear,81,Texas,M,Pink,Spring,3.2,No,Standard,Yes,Yes,27,Venmo,Bi-Weekly
958,60,Male,Jacket,Outerwear,100,Rhode Island,M,Black,Winter,4.0,No,Next Day Air,Yes,Yes,8,Debit Card,Quarterly
959,22,Male,T-shirt,Clothing,51,Georgia,L,Purple,Fall,3.4,No,Express,No,No,28,Bank Transfer,Fortnightly
960,68,Male,Pants,Clothing,47,Maine,M,Black,Fall,4.1,No,Express,No,No,7,Cash,Annually
961,47,Male,Hoodie,Clothing,23,Tennessee,S,Green,Summer,3.1,No,Standard,No,No,10,PayPal,Annually
962,18,Male,Blouse,Clothing,69,Washington,XL,Purple,Winter,3.6,Yes,Store Pickup,No,No,7,Bank Transfer,Annually
963,39,Male,Boots,Footwear,66,New Mexico,M,Violet,Fall,3.7,No,Standard,No,No,12,Bank Transfer,Every 3 Months
964,54,Male,Gloves,Accessories,75,Hawaii,M,Peach,Summer,3.7,Yes,Next Day Air,No,No,10,Bank Transfer,Annually
965,40,Female,Pants,Clothing,86,Maryland,L,Brown,Spring,3.9,Yes,Standard,No,No,16,Bank Transfer,Fortnightly
966,55,Male,Gloves,Accessories,41,South Carolina,S,Purple,Winter,3.3,No,Next Day Air,No,No,18,Bank Transfer,Quarterly
967,31,Female,Skirt,Clothing,94,New Jersey,L,Beige,Spring,3.4,Yes,Express,Yes,Yes,18,Venmo,Bi-Weekly
968,24,Male,Shirt,Clothing,53,Hawaii,L,Cyan,Summer,4.1,No,Next Day Air,Yes,Yes,11,PayPal,Annually
969,43,Female,Skirt,Clothing,64,Iowa,M,Brown,Winter,3.5,No,Free Shipping,Yes,Yes,5,Venmo,Every 3 Months
970,44,Male,Backpack,Accessories,56,Georgia,M,Yellow,Summer,3.5,No,2-Day Shipping,Yes,Yes,27,PayPal,Fortnightly
971,39,Male,Sunglasses,Accessories,51,Mississippi,XL,Indigo,Winter,3.2,Yes,Store Pickup,No,No,14,PayPal,Every 3 Months
972,62,Male,Sandals,Footwear,41,Minnesota,XL,Olive,Summer,3.4,No,Next Day Air,Yes,Yes,26,Debit Card,Monthly
973,31,Male,Shirt,Clothing,61,Nevada,S,Silver,Fall,3.1,No,Express,No,No,22,Bank Transfer,Monthly
974,49,Female,Shoes,Footwear,45,West Virginia,M,Yellow,Fall,4.1,No,Next Day Air,No,No,1,Credit Card,Every 3 Months
975,45,Male,Sweater,Clothing,54,North Carolina,M,Yellow,Summer,3.4,No,2-Day Shipping,No,No,30,PayPal,Monthly
976,21,Female,Hoodie,Clothing,51,New Jersey,XL,Charcoal,Winter,3.0,No,2-Day Shipping,No,No,26,Debit Card,Quarterly
977,24,Male,Sandals,Footwear,54,Maine,L,Indigo,Summer,3.5,No,Next Day Air,Yes,Yes,21,Cash,Bi-Weekly
978,44,Male,Gloves,Accessories,28,New York,M,Lavender,Summer,2.9,No,Next Day Air,No,No,13,Bank Transfer,Every 3 Months
979,70,Male,Pants,Clothing,20,West Virginia,L,Silver,Fall,3.2,No,Store Pickup,Yes,Yes,18,Credit Card,Monthly
980,53,Male,Jewelry,Accessories,76,Alabama,M,Green,Winter,,Yes,Store Pickup,No,No,23,Bank Transfer,Quarterly
981,18,Female,Jewelry,Accessories,75,Louisiana,M,Cyan,Winter,3.1,No,Free Shipping,Yes,Yes,6,Credit Card,Quarterly
982,18,Female,Jacket,Outerwear,27,Arizona,M,Red,Summer,3.5,No,Express,No,No,36,Cash,Weekly
983,55,Female,Handbag,Accessories,64,Hawaii,M,Maroon,Spring,5.0,No,Free Shipping,No,No,25,Venmo,Bi-Weekly
984,43,Male,Pants,Clothing,67,Arkansas,L,Red,Summer,3.8,Yes,Standard,Yes,Yes,8,Bank Transfer,Quarterly
985,61,Male,Hat,Accessories,36,New Jersey,M,Indigo,Summer,3.4,No,Next Day Air,Yes,Yes,16,Cash,Fortnightly
986,31,Female,Jeans,Clothing,72,South Dakota,L,Maroon,Summer,2.5,No,Express,No,No,22,Debit Card,Monthly
987,49,Male,T-shirt,Clothing,76,West Virginia,XL,Beige,Summer,3.8,No,Free Shipping,No,No,24,Debit Card,Bi-Weekly
988,57,Male,Backpack,Accessories,74,Idaho,M,Beige,Spring,3.3,No,Express,No,No,13,Debit Card,Every 3 Months
989,37,Male,Sandals,Footwear,88,Ohio,M,Beige,Fall,4.0,No,Free Shipping,Yes,Yes,14,Venmo,Quarterly
990,38,Female,Pants,Clothing,80,Kentucky,L,Charcoal,Winter,3.3,Yes,Next Day Air,Yes,Yes,15,PayPal,Quarterly
991,44,Female,Sneakers,Footwear,47,Kansas,S,Green,Summer,3.8,No,Express,No,No,12,Bank Transfer,Every 3 Months
992,52,Female,Belt,Accessories,63,New Mexico,L,Black,Spring,4.6,Yes,Standard,Yes,Yes,7,PayPal,Annually
993,44,Female,Scarf,Accessories,63,North Dakota,M,Charcoal,Summer,4.2,No,Store Pickup,No,No,2,Credit Card,Annually
994,59,Male,Socks,Clothing,82,New Jersey,S,Turquoise,Summer,2.9,No,Next Day Air,Yes,Yes,29,Venmo,Fortnightly
995,37,Female,Socks,Clothing,54,California,L,Turquoise,Fall,3.8,No,Next Day Air,No,No,6,Credit Card,Every 3 Months
996,24,Male,Blouse,Clothing,48,Massachusetts,M,Gray,Summer,4.3,No,Express,No,No,15,Debit Card,Monthly
997,70,Female,Shorts,Clothing,32,Iowa,M,White,Summer,2.8,No,2-Day Shipping,No,No,13,PayPal,Annually
998,35,Male,Jeans,Clothing,78,Alabama,M,Blue,Fall,4.7,Yes,Store Pickup,No,No,13,Venmo,Every 3 Months
999,35,Female,Shorts,Clothing,61,Arizona,L,Beige,Spring,3.8,No,Next Day Air,Yes,Yes,10,Credit Card,Annually
1000,43,Male,Sweater,Clothing,50,Minnesota,XL,Green,Winter,4.0,Yes,2-Day Shipping,No,No,16,PayPal,Quarterly
1001,45,Male,Dress,Clothing,70,Colorado,M,Gold,Summer,3.5,No,Next Day Air,Yes,Yes,28,PayPal,Quarterly
1002,38,Male,Sandals,Footwear,55,Oregon,S,Black,Winter,3.7,No,Free Shipping,No,No,18,Credit Card,Monthly
1003,44,Male,Shoes,Footwear,39,Arizona,S,Turquoise,Spring,3.1,No,Standard,Yes,Yes,20,Venmo,Bi-Weekly
1004,43,Male,Shorts,Clothing,79,Idaho,L,Yellow,Summer,4.6,No,Next Day Air,No,No,4,PayPal,Every 3 Months
1005,47,Female,Jacket,Outerwear,35,Wyoming,M,Gold,Summer,4.7,No,2-Day Shipping,No,No,31,Debit Card,Fortnightly
1006,18,Male,T-shirt,Clothing,60,Oklahoma,M,Gray,Summer,5.0,No,Standard,Yes,Yes,17,Debit Card,Monthly
1007,70,Female,Skirt,Clothing,56,Nevada,M,Purple,Spring,2.6,No,Standard,No,No,22,Credit Card,Fortnightly
1008,42,Male,Sneakers,Footwear,40,Alabama,M,White,Spring,3.8,Yes,Next Day Air,No,No,12,Debit Card,Quarterly
1009,53,Female,Pants,Clothing,63,Arizona,L,Gray,Winter,4.0,No,Free Shipping,No,No,41,Credit Card,Fortnightly
1010,23,Male,Pants,Clothing,47,Virginia,M,Purple,Winter,3.3,No,2-Day Shipping,No,No,18,Cash,Monthly
1011,37,Female,Sweater,Clothing,85,South Carolina,S,Beige,Summer,3.9,No,2-Day Shipping,No,No,8,PayPal,Quarterly
1012,34,Female,Scarf,Accessories,73,West Virginia,M,Orange,Spring,2.9,No,Next Day Air,Yes,Yes,5,PayPal,Monthly
1013,66,Male,Gloves,Accessories,61,South Dakota,M,Yellow,Summer,4.6,No,Store Pickup,No,No,2,PayPal,Every 3 Months
1014,35,Female,Shirt,Clothing,20,Alabama,M,Magenta,Winter,2.8,No,Store Pickup,Yes,Yes,20,PayPal,Fortnightly
1015,55,Male,Blouse,Clothing,49,South Dakota,S,Pink,Winter,3.9,No,Next Day Air,No,No,10,Cash,Quarterly
1016,34,Male,T-shirt,Clothing,54,Minnesota,S,Purple,Winter,4.2,Yes,2-Day Shipping,No,No,23,Credit Card,Quarterly
1017,37,Female,Gloves,Accessories,76,Ohio,M,Peach,Winter,3.4,No,Express,No,No,26,Credit Card,Quarterly
1018,40,Female,Pants,Clothing,61,Massachusetts,M,Purple,Fall,4.5,No,Store Pickup,No,No,11,PayPal,Quarterly
1019,63,Male,Shoes,Footwear,65,Oregon,L,Violet,Fall,2.6,No,Next Day Air,No,No,4,Venmo,Quarterly
1020,18,Male,Jewelry,Accessories,73,Texas,M,Beige,Winter,3.7,No,Next Day Air,No,No,32,Bank Transfer,Fortnightly
1021,24,Female,Shirt,Clothing,90,Wisconsin,M,Violet,Fall,2.7,Yes,Free Shipping,No,No,11,Venmo,Monthly
1022,18,Female,Gloves,Accessories,80,Nevada,L,Violet,Summer,3.3,No,Standard,Yes,Yes,24,Credit Card,Bi-Weekly
1023,28,Female,T-shirt,Clothing,67,Indiana,M,Violet,Fall,3.4,No,Standard,No,No,8,Venmo,Annually
1024,32,Male,Dress,Clothing,54,New Mexico,S,Indigo,Summer,3.4,No,Next Day Air,No,No,4,Credit Card,Annually
1025,20,Female,Shirt,Clothing,65,Missouri,L,Orange,Fall,4.5,No,2-Day Shipping,No,No,17,Credit Card,Monthly
1026,33,Male,Sunglasses,Accessories,56,Hawaii,M,Green,Summer,3.0,No,Express,No,No,14,Venmo,Annually
1027,18,Female,Handbag,Accessories,70,Oregon,XL,Turquoise,Summer,,No,Next Day Air,No,No,17,Credit Card,Bi-Weekly
1028,29,Male,Coat,Outerwear,59,Arkansas,M,Lavender,Spring,3.3,No,Next Day Air,No,No,7,Bank Transfer,Quarterly
1029,62,Female,Skirt,Clothing,72,Massachusetts,L,Gray,Winter,3.8,No,Store Pickup,No,No,8,Bank Transfer,Annually
1030,50,Male,Pants,Clothing,59,Ohio,L,Purple,Fall,4.0,No,Standard,Yes,Yes,32,Debit Card,Monthly
1031,47,Female,Belt,Accessories,63,Washington,S,Black,Spring,4.4,No,2-Day Shipping,No,No,31,Debit Card,Fortnightly
1032,29,Female,Shorts,Clothing,39,New York,M,Indigo,Summer,,No,Free Shipping,Yes,Yes,12,Credit Card,Quarterly
1033,21,Male,Sweater,Clothing,54,Wisconsin,L,Cyan,Summer,4.7,No,2-Day Shipping,No,No,3,Debit Card,Every 3 Months
1034,27,Female,Jacket,Outerwear,75,Tennessee,M,Indigo,Winter,3.1,No,Standard,No,No,8,Cash,Quarterly
1035,43,Male,Boots,Footwear,57,Idaho,M,Magenta,Winter,3.5,No,Express,Yes,Yes,11,Debit Card,Quarterly
1036,57,Female,Jacket,Outerwear,30,Texas,XL,Black,Winter,3.6,No,2-Day Shipping,No,No,24,PayPal,Monthly
1037,58,Male,Blouse,Clothing,38,Kentucky,L,Turquoise,Summer,2.4,No,2-Day Shipping,No,No,12,Cash,Every 3 Months
1038,53,Male,Dress,Clothing,63,New York,XL,Lavender,Spring,3.4,No,2-Day Shipping,No,No,15,PayPal,Annually
1039,33,Male,Skirt,Clothing,88,Hawaii,L,Green,Fall,4.3,Yes,Next Day Air,No,No,9,Cash,Every 3 Months
1040,44,Male,Jacket,Outerwear,64,Nebraska,L,Brown,Spring,4.0,No,Next Day Air,Yes,Yes,6,Venmo,Monthly
1041,39,Male,Dress,Clothing,56,North Dakota,L,Yellow,Fall,3.4,Yes,Free Shipping,No,No,26,PayPal,Quarterly
1042,41,Female,Dress,Clothing,75,Virginia,L,Turquoise,Summer,3.8,No,Express,No,No,42,Venmo,Fortnightly
1043,70,Female,Shorts,Clothing,58,West Virginia,L,Maroon,Summer,4.0,No,Next Day Air,No,No,30,Venmo,Quarterly
1044,18,Female,Sneakers,Footwear,72,South Dakota,M,Green,Spring,3.5,No,Free Shipping,No,No,14,Credit Card,Annually
1045,40,Male,Sandals,Footwear,55,Nevada,S,Magenta,Winter,3.9,No,Store Pickup,No,No,19,Credit Card,Quarterly
1046,62,Male,Handbag,Accessories,51,Vermont,M,Yellow,Fall,3.3,No,2-Day Shipping,No,No,4,Venmo,Annually
1047,22,Male,Hoodie,Clothing,77,Colorado,S,Cyan,Summer,3.1,Yes,Store Pickup,No,No,10,Venmo,Quarterly
1048,34,Female,Jewelry,Accessories,68,Wyoming,XL,Purple,Fall,3.6,No,Standard,No,No,7,Debit Card,Annually
1049,36,Female,Belt,Accessories,52,Hawaii,L,Violet,Winter,2.3,No,Standard,Yes,Yes,17,PayPal,Quarterly
1050,41,Male,Shorts,Clothing,40,Massachusetts,M,Red,Fall,4.1,No,Standard,No,No,10,Debit Card,Annually
1051,20,Female,Socks,Clothing,37,Virginia,M,Turquoise,Winter,3.7,Yes,Next Day Air,No,No,14,Credit Card,Quarterly
1052,53,Male,Sunglasses,Accessories,38,Oklahoma,M,White,Summer,3.6,Yes,Standard,No,No,13,Credit Card,Quarterly
1053,54,Male,Jeans,Clothing,48,Texas,M,Black,Summer,4.2,No,Next Day Air,Yes,Yes,3,Debit Card,Annually
1054,52,Male,Jacket,Outerwear,79,Ohio,L,Cyan,Winter,3.8,Yes,Store Pickup,Yes,Yes,12,Bank Transfer,Monthly
1055,31,Male,Belt,Accessories,30,New Mexico,M,Brown,Fall,4.4,No,Next Day Air,No,No,5,Credit Card,Quarterly
1056,45,Female,Sweater,Clothing,32,Florida,M,Orange,Fall,4.6,No,Next Day Air,Yes,Yes,12,Credit Card,Annually
1057,31,Female,Hat,Accessories,69,Wyoming,M,Lavender,Fall,3.9,Yes,Free Shipping,Yes,Yes,22,Credit Card,Quarterly
1058,39,Male,Sunglasses,Accessories,88,New York,M,Black,Winter,3.3,Yes,Free Shipping,Yes,Yes,10,Credit Card,Every 3 Months
1059,70,Male,Hoodie,Clothing,75,North Dakota,M,Olive,Fall,4.1,No,Standard,Yes,Yes,16,Bank Transfer,Bi-Weekly
1060,45,Female,Hat,Accessories,28,Michigan,L,Blue,Winter,3.3,No,Store Pickup,No,No,9,PayPal,Quarterly
1061,26,Female,Pants,Clothing,64,West Virginia,XL,Lavender,Spring,3.2,No,Store Pickup,Yes,Yes,3,Credit Card,Quarterly
1062,47,Female,Jeans,Clothing,73,Minnesota,L,Indigo,Fall,3.5,No,Express,Yes,Yes,12,Debit Card,Every 3 Months
1063,24,Male,Jewelry,Accessories,49,Georgia,M,Violet,Summer,4.4,No,2-Day Shipping,No,No,6,Cash,Every 3 Months
1064,26,Female,Backpack,Accessories,53,Georgia,S,Purple,Spring,4.2,No,Express,No,No,6,Bank Transfer,Annually
1065,28,Male,Shirt,Clothing,63,Ohio,XL,Peach,Summer,4.2,No,Store Pickup,No,No,5,Debit Card,Every 3 Months
1066,37,Female,Pants,Clothing,72,Pennsylvania,XL,Teal,Winter,3.8,Yes,Standard,Yes,Yes,17,PayPal,Monthly
1067,58,Male,Sunglasses,Accessories,63,Hawaii,S,Charcoal,Winter,4.1,No,Store Pickup,No,No,29,Cash,Bi-Weekly
1068,53,Female,Shirt,Clothing,70,Ohio,L,Gold,Summer,4.1,No,Standard,Yes,Yes,32,PayPal,Monthly
1069,52,Male,Sandals,Footwear,69,Wyoming,M,Red,Spring,,Yes,Next Day Air,Yes,Yes,7,Cash,Annually
1070,28,Male,Handbag,Accessories,47,Nebraska,S,Red,Summer,4.1,No,Express,Yes,Yes,6,Bank Transfer,Quarterly
1071,36,Female,Sneakers,Footwear,53,Wisconsin,XL,Beige,Summer,3.6,No,Standard,Yes,Yes,20,Cash,Fortnightly
1072,48,Female,Dress,Clothing,52,Delaware,XL,Cyan,Summer,3.5,Yes,Next Day Air,No,No,17,Debit Card,Bi-Weekly
1073,35,Male,Sandals,Footwear,53,Massachusetts,XL,Cyan,Winter,3.4,No,Store Pickup,No,No,15,Cash,Annually
1074,40,Female,Sweater,Clothing,67,Nevada,S,Beige,Summer,3.4,No,Store Pickup,No,No,21,Bank Transfer,Bi-Weekly
1075,51,Female,T-shirt,Clothing,46,Louisiana,M,Pink,Spring,3.5,No,Standard,No,No,24,Debit Card,Monthly
1076,39,Male,Dress,Clothing,81,Colorado,XL,Black,Spring,3.7,Yes,Next Day Air,Yes,Yes,11,Venmo,Annually
1077,47,Male,Pants,Clothing,42,Minnesota,L,Turquoise,Fall,4.1,No,Free Shipping,No,No,13,Venmo,Annually
1078,68,Male,Jacket,Outerwear,77,Kentucky,M,Orange,Spring,4.5,Yes,Store Pickup,No,No,9,Venmo,Quarterly
1079,41,Female,Handbag,Accessories,70,Hawaii,M,Silver,Spring,4.1,No,Store Pickup,Yes,Yes,7,Bank Transfer,Every 3 Months
1080,62,Male,Hat,Accessories,64,Maine,S,Maroon,Winter,3.8,No,Store Pickup,No,No,30,Cash,Fortnightly
1081,52,Male,Belt,Accessories,27,Massachusetts,M,Yellow,Spring,2.5,No,2-Day Shipping,Yes,Yes,16,PayPal,Bi-Weekly
1082,22,Female,Scarf,Accessories,65,Vermont,L,Gold,Fall,5.0,Yes,Express,No,No,10,Credit Card,Every 3 Months
1083,27,Female,Belt,Accessories,45,Missouri,S,Olive,Spring,3.3,No,Next Day Air,No,No,15,Credit Card,Every 3 Months
1084,31,Female,Boots,Footwear,39,Massachusetts,S,Beige,Winter,3.2,No,2-Day Shipping,No,No,17,Debit Card,Fortnightly
1085,31,Female,Hat,Accessories,61,Maryland,M,Teal,Fall,4.5,No,Next Day Air,No,No,10,PayPal,Every 3 Months
1086,43,Female,Handbag,Accessories,37,New Jersey,M,Orange,Winter,3.1,No,Next Day Air,Yes,Yes,7,Cash,Quarterly
1087,53,Female,Skirt,Clothing,62,Indiana,M,Charcoal,Fall,3.9,No,Store Pickup,Yes,Yes,3,Venmo,Annually
1088,63,Female,Jacket,Outerwear,97,Utah,S,Teal,Summer,3.3,Yes,Standard,No,No,9,Cash,Annually
1089,49,Male,Skirt,Clothing,69,Massachusetts,L,Yellow,Winter,3.5,Yes,Standard,Yes,Yes,6,Cash,Quarterly
1090,37,Male,Hoodie,Clothing,60,Michigan,M,Black,Winter,3.7,Yes,2-Day Shipping,Yes,Yes,18,Debit Card,Monthly
1091,18,Male,Shoes,Footwear,57,Arkansas,L,Turquoise,Spring,2.9,No,Express,No,No,13,PayPal,Every 3 Months
1092,45,Female,Shorts,Clothing,79,Vermont,M,Red,Fall,3.6,Yes,Free Shipping,Yes,Yes,33,PayPal,Bi-Weekly
1093,44,Male,Socks,Clothing,53,Mississippi,M,Green,Fall,4.3,No,Standard,No,No,24,Venmo,Bi-Weekly
1094,47,Male,Sweater,Clothing,51,Connecticut,M,Peach,Summer,3.7,No,2-Day Shipping,No,No,8,Debit Card,Every 3 Months
1095,70,Female,Shorts,Clothing,43,Florida,L,Silver,Summer,5.0,No,Standard,No,No,21,Venmo,Fortnightly
1096,63,Male,Coat,Outerwear,54,Maine,M,Magenta,Winter,3.7,No,Next Day Air,Yes,Yes,24,Cash,Quarterly
1097,56,Male,Shoes,Footwear,74,South Carolina,M,Pink,Spring,2.9,No,Store Pickup,Yes,Yes,14,Credit Card,Annually
1098,30,Female,Gloves,Accessories,49,California,M,Black,Winter,3.4,No,Express,No,No,17,Venmo,Monthly
1099,36,Female,Jacket,Outerwear,77,Connecticut,M,White,Fall,2.4,No,2-Day Shipping,No,No,9,Venmo,Quarterly
1100,43,Male,Sunglasses,Accessories,67,New Hampshire,M,White,Spring,4.4,No,Store Pickup,No,No,7,PayPal,Monthly
1101,32,Male,Shoes,Footwear,51,Missouri,M,Cyan,Summer,4.6,Yes,Free Shipping,Yes,Yes,5,Bank Transfer,Every 3 Months
1102,52,Male,T-shirt,Clothing,51,West Virginia,M,Magenta,Winter,4.2,Yes,Store Pickup,No,No,6,Debit Card,Annually
1103,49,Female,Belt,Accessories,66,Pennsylvania,M,Cyan,Fall,3.2,No,Free Shipping,No,No,5,Credit Card,Annually
1104,28,Female,Dress,Clothing,60,North Carolina,L,Indigo,Spring,3.2,No,Standard,No,No,6,Cash,Annually
1105,62,Male,Sweater,Clothing,61,Kentucky,S,Gold,Spring,4.1,Yes,Store Pickup,Yes,Yes,7,Debit Card,Every 3 Months
1106,46,Female,Scarf,Accessories,64,New York,XL,Turquoise,Winter,3.4,No,Free Shipping,Yes,Yes,6,PayPal,Every 3 Months
1107,18,Male,Hoodie,Clothing,74,New Jersey,L,Purple,Spring,3.2,No,Free Shipping,Yes,Yes,2,PayPal,Every 3 Months
1108,43,Male,Hat,Accessories,62,Indiana,S,Turquoise,Fall,3.2,Yes,Standard,Yes,Yes,9,Cash,Annually
1109,48,Female,Scarf,Accessories,48,Maine,L,Silver,Winter,4.9,No,Free Shipping,No,No,6,Bank Transfer,Annually
1110,59,Male,Jeans,Clothing,66,Washington,M,Red,Spring,3.4,Yes,Standard,Yes,Yes,7,Cash,Monthly
1111,39,Male,Backpack,Accessories,50,Nebraska,XL,Charcoal,Spring,4.2,Yes,Free Shipping,No,No,25,Bank Transfer,Fortnightly
1112,56,Male,Scarf,Accessories,59,Mississippi,XL,Teal,Winter,4.1,No,Next Day Air,No,No,10,Venmo,Annually
1113,47,Female,Sneakers,Footwear,66,South Carolina,L,Silver,Winter,3.1,Yes,Express,Yes,Yes,18,Bank Transfer,Monthly
1114,24,Female,Socks,Clothing,45,Indiana,M,Brown,Fall,3.7,No,2-Day Shipping,No,No,5,PayPal,Monthly
1115,23,Female,Coat,Outerwear,62,Hawaii,XL,Blue,Spring,3.0,No,Next Day Air,No,No,15,Bank Transfer,Every 3 Months
1116,61,Male,Sandals,Footwear,55,Wyoming,L,Silver,Spring,4.5,No,Free Shipping,No,No,27,Venmo,Bi-Weekly
1117,62,Male,Gloves,Accessories,69,South Dakota,L,Indigo,Winter,3.2,No,Free Shipping,Yes,Yes,3,Bank Transfer,Annually
1118,49,Female,Socks,Clothing,44,Michigan,S,Green,Winter,3.9,No,Express,No,No,22,PayPal,Monthly
1119,66,Male,Jewelry,Accessories,50,West Virginia,XL,Indigo,Winter,3.5,Yes,Express,No,No,11,Credit Card,Every 3 Months
1120,60,Female,Boots,Footwear,54,Maine,L,Turquoise,Winter,3.1,No,Standard,No,No,22,Debit Card,Fortnightly
1121,54,Female,Jeans,Clothing,67,North Dakota,M,Indigo,Summer,4.3,No,2-Day Shipping,No,No,20,Debit Card,Quarterly
1122,30,Male,Coat,Outerwear,86,Alaska,XL,Indigo,Summer,3.3,Yes,Next Day Air,Yes,Yes,24,Debit Card,Monthly
1123,70,Female,Sneakers,Footwear,64,Ohio,L,Indigo,Summer,2.6,No,Store Pickup,No,No,23,Bank Transfer,Fortnightly
1124,52,Male,Hat,Accessories,68,Florida,XL,Black,Fall,4.0,No,Next Day Air,No,No,10,PayPal,Monthly
1125,38,Male,Handbag,Accessories,82,Illinois,S,Beige,Spring,3.3,Yes,Free Shipping,No,No,13,Credit Card,Quarterly
1126,34,Female,Sunglasses,Accessories,66,South Dakota,M,Lavender,Spring,3.8,Yes,Express,Yes,Yes,4,PayPal,Annually
1127,48,Male,Belt,Accessories,44,Hawaii,L,Beige,Winter,4.3,No,Standard,Yes,Yes,13,Debit Card,Annually
1128,19,Female,Shoes,Footwear,59,Missouri,S,Red,Summer,3.9,No,Free Shipping,Yes,Yes,27,Credit Card,Monthly
1129,54,Female,Skirt,Clothing,36,Washington,L,Lavender,Spring,4.2,No,Next Day Air,Yes,Yes,28,Debit Card,Monthly
1130,30,Female,Socks,Clothing,70,West Virginia,L,Maroon,Fall,2.9,Yes,Free Shipping,Yes,Yes,13,Cash,Every 3 Months
1131,50,Female,Jeans,Clothing,50,Minnesota,M,Green,Summer,4.4,No,Free Shipping,No,No,35,Credit Card,Monthly
1132,36,Male,Jacket,Outerwear,70,California,L,Silver,Spring,,No,Standard,Yes,Yes,20,Cash,Fortnightly
1133,40,Male,Shirt,Clothing,57,Iowa,S,Lavender,Summer,2.8,No,2-Day Shipping,No,No,6,Debit Card,Annually
1134,33,Female,Boots,Footwear,54,New Mexico,L,Beige,Summer,2.2,No,2-Day Shipping,No,No,6,Bank Transfer,Annually
1135,42,Female,Belt,Accessories,61,Kentucky,L,Maroon,Fall,3.6,No,Store Pickup,Yes,Yes,28,Credit Card,Monthly
1136,70,Male,Jeans,Clothing,62,Oklahoma,M,Charcoal,Winter,3.2,Yes,Store Pickup,No,No,3,Credit Card,Monthly
1137,65,Male,Sandals,Footwear,50,Wyoming,M,Orange,Winter,3.2,No,Store Pickup,Yes,Yes,22,Bank Transfer,Monthly
1138,49,Male,Hat,Accessories,39,New York,M,Orange,Winter,4.0,No,Next Day Air,No,No,17,Bank Transfer,Quarterly
1139,44,Male,Dress,Clothing,64,New York,M,Magenta,Summer,4.7,No,Next Day Air,No,No,7,Bank Transfer,Quarterly
1140,57,Female,Jeans,Clothing,39,Nebraska,L,Indigo,Fall,3.2,No,Standard,Yes,Yes,43,Bank Transfer,Weekly
1141,61,Male,Jeans,Clothing,93,Georgia,M,Orange,Spring,3.8,Yes,Standard,No,No,11,Credit Card,Quarterly
1142,32,Female,T-shirt,Clothing,79,New Hampshire,M,Purple,Fall,3.4,No,Store Pickup,Yes,Yes,10,Credit Card,Every 3 Months
1143,43,Female,Hoodie,Clothing,33,Washington,M,Turquoise,Fall,3.1,No,Standard,No,No,12,Debit Card,Annually
1144,18,Female,Sunglasses,Accessories,67,Ohio,L,Yellow,Winter,3.1,No,Store Pickup,Yes,Yes,18,Venmo,Monthly
1145,61,Male,Pants,Clothing,82,Pennsylvania,L,Blue,Spring,4.7,Yes,Free Shipping,Yes,Yes,31,Venmo,Fortnightly
1146,70,Male,Sweater,Clothing,49,Utah,S,Pink,Winter,3.7,No,Standard,Yes,Yes,5,Bank Transfer,Annually
1147,45,Female,Shorts,Clothing,64,Maryland,M,Blue,Fall,3.6,No,2-Day Shipping,No,No,14,Bank Transfer,Quarterly
1148,18,Female,Blouse,Clothing,56,Kentucky,S,Lavender,Spring,3.3,No,Store Pickup,Yes,Yes,16,Credit Card,Fortnightly
1149,53,Male,Jacket,Outerwear,79,Wisconsin,S,Red,Winter,3.6,No,Store Pickup,No,No,6,Credit Card,Every 3 Months
1150,30,Female,Jeans,Clothing,51,Minnesota,M,Olive,Summer,,No,Standard,Yes,Yes,16,Debit Card,Fortnightly
1151,34,Male,Jeans,Clothing,74,Oregon,L,Teal,Summer,4.9,No,2-Day Shipping,Yes,Yes,10,Credit Card,Every 3 Months
1152,53,Female,Sunglasses,Accessories,55,New York,M,Violet,Spring,3.9,No,Standard,No,No,5,Venmo,Annually
1153,48,Male,Coat,Outerwear,69,Connecticut,S,Yellow,Spring,3.7,Yes,Standard,No,No,27,Venmo,Fortnightly
1154,37,Male,Sandals,Footwear,70,Kansas,L,Pink,Spring,3.7,No,Store Pickup,No,No,24,Venmo,Fortnightly
1155,34,Male,Shoes,Footwear,74,Kentucky,L,Pink,Summer,4.4,No,Express,No,No,14,PayPal,Every 3 Months
1156,46,Male,Jacket,Outerwear,31,Florida,M,Teal,Summer,3.6,No,Express,No,No,8,Venmo,Annually
1157,38,Male,Jewelry,Accessories,20,Rhode Island,M,Cyan,Summer,3.5,No,Standard,No,No,13,Credit Card,Annually
1158,27,Male,Jacket,Outerwear,73,Wisconsin,L,Gray,Fall,3.7,No,Standard,Yes,Yes,3,Cash,Quarterly
1159,39,Male,Dress,Clothing,53,Wisconsin,S,Green,Winter,4.2,Yes,Standard,No,No,27,Debit Card,Monthly
1160,49,Female,Sneakers,Footwear,39,Georgia,L,Red,Winter,4.4,No,Standard,No,No,5,PayPal,Quarterly
1161,41,Male,Sandals,Footwear,60,Minnesota,L,Green,Summer,3.8,Yes,Next Day Air,Yes,Yes,11,Venmo,Quarterly
1162,23,Female,Boots,Footwear,100,Idaho,L,Brown,Winter,3.8,No,Standard,No,No,16,Venmo,Bi-Weekly
1163,59,Female,Handbag,Accessories,36,Arkansas,S,Silver,Fall,4.3,No,Free Shipping,No,No,34,Cash,Weekly
1164,18,Male,Sneakers,Footwear,80,New Mexico,S,Red,Summer,2.0,Yes,Express,Yes,Yes,20,Cash,Fortnightly
1165,37,Male,Blouse,Clothing,46,Texas,L,Orange,Spring,3.8,No,Store Pickup,Yes,Yes,19,Credit Card,Bi-Weekly
1166,35,Female,Belt,Accessories,40,Arkansas,M,Violet,Summer,3.4,Yes,Standard,Yes,Yes,27,Debit Card,Fortnightly
1167,46,Female,Socks,Clothing,48,North Carolina,M,Silver,Spring,3.7,No,Free Shipping,No,No,12,Bank Transfer,Quarterly
1168,52,Male,Jewelry,Accessories,34,Alaska,M,Violet,Spring,4.0,No,Express,No,No,17,Cash,Fortnightly
1169,61,Female,Jewelry,Accessories,32,Texas,S,Gold,Winter,4.5,No,Next Day Air,No,No,13,Bank Transfer,Every 3 Months
1170,33,Male,Skirt,Clothing,52,Arkansas,L,Blue,Spring,2.9,Yes,Standard,No,No,35,Cash,Weekly
1171,53,Male,Dress,Clothing,41,Michigan,XL,Green,Fall,3.3,No,Express,No,No,21,PayPal,Monthly
1172,47,Female,Shorts,Clothing,56,Connecticut,L,Teal,Spring,3.2,No,Standard,No,No,7,Bank Transfer,Annually
1173,18,Male,Jewelry,Accessories,60,Massachusetts,M,White,Fall,3.4,No,Standard,No,No,33,Cash,Quarterly
1174,70,Female,Sunglasses,Accessories,44,Michigan,XL,Blue,Winter,2.9,No,Store Pickup,No,No,7,Debit Card,Every 3 Months
1175,22,Male,Jewelry,Accessories,73,Nebraska,L,Turquoise,Summer,5.0,Yes,Free Shipping,No,No,5,Cash,Annually
1176,50,Female,Skirt,Clothing,47,Tennessee,S,Magenta,Spring,4.2,No,Store Pickup,No,No,27,Debit Card,Monthly
1177,50,Male,Shoes,Footwear,64,Wyoming,L,Teal,Spring,3.2,Yes,Express,Yes,Yes,21,Venmo,Fortnightly
1178,48,Male,Belt,Accessories,22,Louisiana,S,Purple,Winter,3.8,No,Store Pickup,No,No,18,Bank Transfer,Fortnightly
1179,37,Male,Dress,Clothing,65,Washington,M,Black,Spring,3.4,Yes,Next Day Air,No,No,16,Bank Transfer,Quarterly
1180,56,Male,Hoodie,Clothing,94,Michigan,M,Maroon,Summer,3.8,No,Store Pickup,Yes,Yes,22,Credit Card,Monthly
1181,21,Female,Hat,Accessories,70,Colorado,M,Blue,Winter,3.3,No,Express,No,No,21,PayPal,Monthly
1182,43,Male,Shirt,Clothing,55,New Mexico,S,Green,Fall,2.8,No,2-Day Shipping,Yes,Yes,10,Venmo,Quarterly
1183,36,Male,Shirt,Clothing,39,Oregon,M,Red,Winter,3.4,No,Next Day Air,Yes,Yes,28,Credit Card,Monthly
1184,34,Male,Dress,Clothing,84,Kansas,M,Purple,Winter,4.5,No,Express,No,No,27,Cash,Quarterly
1185,50,Male,Shirt,Clothing,55,New Jersey,M,Purple,Fall,2.8,No,Next Day Air,No,No,9,Venmo,Quarterly
1186,60,Female,Hoodie,Clothing,47,Michigan,M,Pink,Winter,4.4,No,2-Day Shipping,No,No,24,Debit Card,Fortnightly
1187,39,Male,Jeans,Clothing,48,Delaware,L,Beige,Spring,4.0,No,2-Day Shipping,No,No,14,Debit Card,Every 3 Months
1188,56,Female,Sandals,Footwear,93,Maryland,XL,Orange,Spring,3.4,No,2-Day Shipping,No,No,23,Venmo,Monthly
1189,45,Male,Scarf,Accessories,55,Michigan,S,Maroon,Summer,4.2,No,Free Shipping,Yes,Yes,3,Debit Card,Every 3 Months
1190,31,Female,Blouse,Clothing,65,Louisiana,L,Olive,Winter,3.8,No,Store Pickup,Yes,Yes,27,Bank Transfer,Bi-Weekly
1191,40,Male,Sunglasses,Accessories,54,Virginia,S,Cyan,Fall,2.5,No,Next Day Air,No,No,7,Credit Card,Annually
1192,40,Male,Scarf,Accessories,62,Maryland,M,Purple,Summer,3.5,Yes,Express,Yes,Yes,10,Cash,Annually
1193,34,Female,Blouse,Clothing,57,New York,M,Peach,Spring,3.5,Yes,Next Day Air,Yes,Yes,15,Cash,Annually
1194,50,Female,Jeans,Clothing,87,Alabama,M,Lavender,Winter,4.6,Yes,Store Pickup,No,No,12,Venmo,Monthly
1195,48,Female,Dress,Clothing,59,Kansas,S,Black,Winter,3.5,No,Next Day Air,Yes,Yes,19,Bank Transfer,Fortnightly
1196,20,Male,Jewelry,Accessories,40,Vermont,L,Black,Spring,3.6,Yes,Next Day Air,No,No,8,Cash,Annually
1197,19,Male,Gloves,Accessories,63,Vermont,L,Green,Summer,3.1,No,Next Day Air,No,No,16,Bank Transfer,Fortnightly
1198,50,Female,Sweater,Clothing,56,Wisconsin,XL,Olive,Fall,3.7,No,Express,No,No,15,Debit Card,Monthly
1199,32,Male,Backpack,Accessories,69,Arizona,XL,Yellow,Spring,3.0,Yes,Store Pickup,Yes,Yes,24,Credit Card,Monthly
1200,49,Female,Jacket,Outerwear,63,Utah,M,Red,Fall,4.3,No,Next Day Air,Yes,Yes,3,Bank Transfer,Every 3 Months
1201,56,Female,Pants,Clothing,49,Indiana,S,Maroon,Winter,3.4,No,Free Shipping,Yes,Yes,14,Credit Card,Every 3 Months
1202,25,Female,Backpack,Accessories,71,Alabama,S,Gray,Winter,3.0,No,Next Day Air,Yes,Yes,15,Venmo,Annually
1203,23,Female,Handbag,Accessories,87,California,M,Charcoal,Winter,4.5,No,Store Pickup,No,No,8,Bank Transfer,Annually
1204,69,Female,Belt,Accessories,27,Pennsylvania,L,Brown,Winter,3.0,No,Free Shipping,Yes,Yes,5,Venmo,Every 3 Months
1205,49,Male,Jewelry,Accessories,58,New Jersey,M,Black,Summer,3.9,No,Standard,No,No,15,Debit Card,Every 3 Months
1206,38,Male,Backpack,Accessories,54,New Hampshire,M,Violet,Summer,2.9,Yes,2-Day Shipping,Yes,Yes,7,Bank Transfer,Every 3 Months
1207,30,Female,Shirt,Clothing,43,Vermont,M,Beige,Summer,3.9,No,Next Day Air,No,No,11,Credit Card,Annually
1208,36,Male,Scarf,Accessories,22,California,XL,Turquoise,Winter,4.4,No,Free Shipping,Yes,Yes,15,Credit Card,Annually
1209,26,Male,Shoes,Footwear,66,California,M,Orange,Fall,3.3,No,2-Day Shipping,No,No,3,Debit Card,Annually
1210,57,Male,Socks,Clothing,56,Washington,L,Peach,Summer,3.0,Yes,Free Shipping,No,No,39,Venmo,Fortnightly
1211,32,Female,Jacket,Outerwear,59,New Mexico,M,White,Fall,2.9,No,Next Day Air,Yes,Yes,18,Credit Card,Monthly
1212,60,Female,Pants,Clothing,77,Rhode Island,M,Silver,Spring,3.7,No,Free Shipping,No,No,10,Debit Card,Quarterly
1213,38,Female,Hat,Accessories,50,Nebraska,M,Brown,Summer,4.9,No,2-Day Shipping,No,No,14,Venmo,Every 3 Months
1214,28,Male,Hat,Accessories,49,Delaware,L,Yellow,Spring,,No,Next Day Air,No,No,6,Debit Card,Annually
1215,38,Male,Socks,Clothing,37,Nebraska,L,Charcoal,Winter,4.4,No,2-Day Shipping,No,No,3,PayPal,Quarterly
1216,18,Male,Sandals,Footwear,45,Wisconsin,M,Orange,Spring,3.0,No,Standard,No,No,8,Bank Transfer,Annually
1217,42,Male,Socks,Clothing,81,Colorado,M,Pink,Winter,4.4,No,2-Day Shipping,No,No,7,Cash,Quarterly
1218,41,Female,Backpack,Accessories,67,Connecticut,S,Gold,Spring,4.3,No,2-Day Shipping,No,No,8,Cash,Every 3 Months
1219,56,Female,Hat,Accessories,78,Louisiana,S,Peach,Spring,3.9,No,Store Pickup,No,No,25,Debit Card,Monthly
1220,18,Male,Shoes,Footwear,53,Minnesota,S,Peach,Fall,3.3,Yes,Next Day Air,No,No,21,Credit Card,Monthly
1221,61,Male,Belt,Accessories,63,New York,S,Yellow,Spring,4.3,No,Store Pickup,No,No,7,PayPal,Quarterly
1222,56,Male,Jacket,Outerwear,91,Delaware,L,Violet,Spring,3.2,Yes,Express,No,No,2,Bank Transfer,Annually
1223,63,Female,Sandals,Footwear,69,Washington,L,Indigo,Summer,4.0,No,Next Day Air,Yes,Yes,21,Venmo,Monthly
1224,43,Female,Hoodie,Clothing,83,Delaware,L,Purple,Fall,3.5,No,Free Shipping,No,No,14,Credit Card,Quarterly
1225,59,Male,Shoes,Footwear,66,Hawaii,L,Teal,Spring,3.1,No,Store Pickup,Yes,Yes,26,Debit Card,Quarterly
1226,22,Female,Jacket,Outerwear,68,Wisconsin,XL,Beige,Spring,3.4,No,Store Pickup,Yes,Yes,26,Venmo,Bi-Weekly
1227,55,Male,Socks,Clothing,26,Maine,XL,Purple,Summer,4.9,Yes,Store Pickup,Yes,Yes,10,Bank Transfer,Quarterly
1228,32,Male,Gloves,Accessories,64,New Hampshire,M,Violet,Fall,3.1,No,Next Day Air,No,No,8,Bank Transfer,Annually
1229,19,Female,Blouse,Clothing,68,Michigan,S,Brown,Spring,,No,Standard,No,No,9,PayPal,Annually
1230,27,Male,Backpack,Accessories,75,Illinois,S,Red,Summer,4.3,No,Standard,No,No,18,Venmo,Monthly
1231,44,Male,Socks,Clothing,45,Montana,XL,Black,Spring,3.6,No,Store Pickup,No,No,11,PayPal,Quarterly
1232,32,Female,Gloves,Accessories,56,Rhode Island,S,Lavender,Summer,3.4,No,Store Pickup,No,No,7,Debit Card,Every 3 Months
1233,50,Male,Skirt,Clothing,39,Alabama,M,Teal,Summer,3.0,Yes,2-Day Shipping,No,No,8,Debit Card,Every 3 Months
1234,18,Female,Gloves,Accessories,31,Utah,M,Yellow,Fall,4.5,No,Express,No,No,5,Bank Transfer,Annually
1235,18,Male,T-shirt,Clothing,72,Georgia,M,Red,Spring,3.0,Yes,Standard,No,No,30,Debit Card,Bi-Weekly
1236,65,Male,Handbag,Accessories,77,Virginia,M,Red,Winter,2.1,No,Express,No,No,32,Cash,Quarterly
1237,58,Male,Gloves,Accessories,78,Wisconsin,L,Gold,Spring,3.9,No,Next Day Air,Yes,Yes,9,Debit Card,Annually
1238,28,Male,Backpack,Accessories,70,Washington,M,Teal,Winter,2.9,Yes,2-Day Shipping,Yes,Yes,23,PayPal,Monthly
1239,44,Male,Skirt,Clothing,91,North Carolina,L,Pink,Fall,3.6,No,Express,Yes,Yes,6,PayPal,Quarterly
1240,59,Male,Sweater,Clothing,58,Virginia,S,White,Summer,2.9,Yes,Next Day Air,Yes,Yes,11,Venmo,Annually
1241,50,Female,Socks,Clothing,72,Texas,L,Peach,Summer,3.4,No,Standard,No,No,19,Cash,Monthly
1242,46,Male,Coat,Outerwear,53,New York,M,Beige,Winter,3.6,Yes,Standard,Yes,Yes,22,Venmo,Monthly
1243,60,Male,Shorts,Clothing,20,Vermont,M,Maroon,Winter,3.9,No,Store Pickup,Yes,Yes,17,Cash,Quarterly
1244,33,Male,Jewelry,Accessories,49,Louisiana,XL,Silver,Fall,4.6,No,2-Day Shipping,No,No,6,Bank Transfer,Annually
1245,44,Male,Socks,Clothing,62,Tennessee,XL,Silver,Spring,3.7,Yes,2-Day Shipping,No,No,28,Credit Card,Bi-Weekly
1246,44,Male,Scarf,Accessories,61,Washington,L,Indigo,Winter,3.8,No,2-Day Shipping,No,No,5,Cash,Annually
1247,40,Female,Sweater,Clothing,61,New York,XL,Charcoal,Summer,3.6,Yes,2-Day Shipping,Yes,Yes,16,Credit Card,Monthly
1248,38,Male,Handbag,Accessories,63,Connecticut,M,Turquoise,Spring,4.3,No,Store Pickup,Yes,Yes,38,PayPal,Monthly
1249,45,Female,Socks,Clothing,86,Hawaii,M,Teal,Winter,3.0,No,Next Day Air,Yes,Yes,9,PayPal,Quarterly
1250,45,Female,Jeans,Clothing,76,Florida,M,Turquoise,Spring,3.4,Yes,Free Shipping,Yes,Yes,20,PayPal,Monthly
1251,28,Male,Hoodie,Clothing,52,Nebraska,L,Pink,Summer,3.7,Yes,Free Shipping,No,No,17,PayPal,Monthly
1252,56,Male,Blouse,Clothing,24,Michigan,L,Teal,Spring,3.2,Yes,Standard,No,No,18,Cash,Monthly
1253,29,Male,Gloves,Accessories,40,Tennessee,XL,Lavender,Summer,4.6,No,Standard,No,No,15,Cash,Annually
1254,41,Female,Jacket,Outerwear,89,Iowa,L,Silver,Winter,3.8,No,Express,Yes,Yes,19,Venmo,Bi-Weekly
1255,40,Male,Sunglasses,Accessories,55,Florida,L,Maroon,Spring,3.0,Yes,2-Day Shipping,Yes,Yes,13,Venmo,Every 3 Months
1256,49,Female,Boots,Footwear,77,New Mexico,S,Silver,Spring,3.9,Yes,Free Shipping,No,No,16,Debit Card,Bi-Weekly
1257,18,Female,Jewelry,Accessories,67,Connecticut,S,Brown,Winter,4.5,No,Express,No,No,21,Debit Card,Bi-Weekly
1258,57,Female,Socks,Clothing,57,Virginia,M,Gray,Spring,3.3,No,Standard,No,No,31,Credit Card,Bi-Weekly
1259,34,Male,Skirt,Clothing,63,California,L,Cyan,Spring,,Yes,Store Pickup,Yes,Yes,19,Credit Card,Monthly
1260,62,Female,Shorts,Clothing,47,Missouri,M,Lavender,Fall,3.9,No,Store Pickup,Yes,Yes,9,Credit Card,Every 3 Months
1261,37,Male,Blouse,Clothing,100,West Virginia,XL,Teal,Summer,3.8,Yes,Free Shipping,No,No,13,Cash,Every 3 Months
1262,43,Male,Sneakers,Footwear,45,Nevada,L,Blue,Winter,4.4,No,Express,Yes,Yes,17,Cash,Monthly
1263,70,Male,Handbag,Accessories,81,South Dakota,M,Red,Spring,3.9,Yes,Standard,Yes,Yes,9,Credit Card,Annually
1264,40,Female,Belt,Accessories,70,Michigan,L,Teal,Fall,4.0,No,Store Pickup,No,No,5,Cash,Annually
1265,63,Female,Handbag,Accessories,67,Pennsylvania,M,Pink,Winter,3.8,No,Next Day Air,No,No,11,PayPal,Annually
1266,45,Female,Sweater,Clothing,62,Oklahoma,L,Pink,Fall,2.6,Yes,Next Day Air,Yes,Yes,11,Bank Transfer,Monthly
1267,50,Male,Handbag,Accessories,33,Montana,M,Brown,Spring,4.0,No,Standard,No,No,6,Venmo,Quarterly
1268,45,Female,Socks,Clothing,40,Colorado,M,Peach,Spring,3.9,No,Express,No,No,9,Bank Transfer,Quarterly
1269,57,Male,Socks,Clothing,46,Wisconsin,S,Cyan,Spring,3.5,No,Free Shipping,No,No,2,Credit Card,Quarterly
1270,34,Male,Pants,Clothing,70,Arizona,M,Gold,Winter,2.2,Yes,Express,No,No,9,Debit Card,Annually
1271,29,Female,Blouse,Clothing,72,Louisiana,L,Turquoise,Spring,4.1,No,Next Day Air,No,No,15,Venmo,Quarterly
1272,34,Male,Hat,Accessories,68,North Carolina,XL,Peach,Spring,3.2,Yes,Store Pickup,Yes,Yes,10,Cash,Every 3 Months
1273,45,Male,Socks,Clothing,68,Rhode Island,XL,Yellow,Summer,3.0,Yes,Store Pickup,Yes,Yes,10,Bank Transfer,Quarterly
1274,41,Female,Sweater,Clothing,81,Nebraska,S,Magenta,Summer,3.0,Yes,Standard,No,No,37,Credit Card,Weekly
1275,55,Male,Boots,Footwear,27,Massachusetts,XL,Green,Spring,2.5,No,Store Pickup,Yes,Yes,18,Credit Card,Quarterly
1276,64,Male,Coat,Outerwear,39,Massachusetts,S,Yellow,Summer,3.9,Yes,Standard,Yes,Yes,15,Debit Card,Monthly
1277,29,Male,Belt,Accessories,38,Wisconsin,S,Peach,Winter,5.0,Yes,Next Day Air,No,No,15,Cash,Every 3 Months
1278,33,Male,Hat,Accessories,72,Kentucky,L,Turquoise,Spring,3.4,No,Free Shipping,No,No,12,Debit Card,Every 3 Months
1279,22,Female,Boots,Footwear,28,Texas,XL,Black,Winter,4.1,No,2-Day Shipping,No,No,20,Bank Transfer,Bi-Weekly
1280,70,Female,Shorts,Clothing,58,Arizona,XL,Olive,Fall,3.6,No,Free Shipping,No,No,21,Credit Card,Fortnightly
1281,49,Male,Hoodie,Clothing,43,North Carolina,L,Teal,Summer,3.9,No,Express,Yes,Yes,9,Venmo,Annually
1282,51,Male,T-shirt,Clothing,66,Ohio,M,Teal,Fall,3.7,Yes,Store Pickup,Yes,Yes,10,Credit Card,Quarterly
1283,24,Male,Shirt,Clothing,56,North Dakota,S,Purple,Summer,4.2,No,Store Pickup,No,No,31,PayPal,Bi-Weekly
1284,44,Female,Jacket,Outerwear,72,Michigan,S,Charcoal,Spring,2.9,No,Standard,No,No,4,Venmo,Annually
1285,52,Female,Scarf,Accessories,51,Ohio,M,Olive,Spring,3.8,No,Next Day Air,No,No,29,Debit Card,Bi-Weekly
1286,40,Female,Coat,Outerwear,79,Minnesota,M,Blue,Spring,4.3,No,Express,No,No,12,Debit Card,Every 3 Months
1287,60,Male,Belt,Accessories,80,New Jersey,S,Teal,Fall,4.2,No,Next Day Air,No,No,27,Cash,Fortnightly
1288,70,Male,Sunglasses,Accessories,83,Vermont,M,Peach,Spring,3.9,Yes,Free Shipping,Yes,Yes,7,Cash,Quarterly
1289,30,Male,Handbag,Accessories,51,North Dakota,M,Charcoal,Spring,3.8,No,Express,Yes,Yes,10,Venmo,Annually
1290,29,Female,Scarf,Accessories,43,Oregon,L,Red,Spring,3.5,No,2-Day Shipping,No,No,11,Debit Card,Every 3 Months
1291,31,Male,Belt,Accessories,60,Wisconsin,M,Purple,Spring,3.5,No,Express,No,No,11,PayPal,Every 3 Months
1292,68,Female,Sweater,Clothing,90,Hawaii,M,Black,Winter,2.8,No,Free Shipping,No,No,20,Debit Card,Bi-Weekly
1293,60,Female,Jewelry,Accessories,56,New Jersey,L,Blue,Spring,4.1,No,Next Day Air,No,No,22,PayPal,Fortnightly
1294,42,Male,Pants,Clothing,71,North Carolina,L,Cyan,Fall,4.5,No,Standard,No,No,5,Credit Card,Every 3 Months
1295,45,Male,Scarf,Accessories,70,Ohio,M,Black,Summer,3.9,No,Next Day Air,No,No,16,Bank Transfer,Monthly
1296,32,Male,Skirt,Clothing,70,Connecticut,S,Olive,Spring,3.7,No,Express,No,No,3,Bank Transfer,Annually
1297,57,Male,Hat,Accessories,83,Rhode Island,XL,Turquoise,Summer,4.1,Yes,2-Day Shipping,No,No,20,Bank Transfer,Monthly
1298,38,Male,Hoodie,Clothing,37,Georgia,L,Black,Spring,2.4,No,2-Day Shipping,No,No,8,PayPal,Annually
1299,40,Female,T-shirt,Clothing,43,Massachusetts,M,Peach,Summer,3.4,No,2-Day Shipping,Yes,Yes,38,Bank Transfer,Fortnightly
1300,53,Male,Scarf,Accessories,64,Oklahoma,M,Lavender,Winter,3.7,Yes,Free Shipping,No,No,9,Credit Card,Every 3 Months
1301,41,Male,Shorts,Clothing,84,Indiana,M,Teal,Fall,2.7,Yes,Free Shipping,No,No,29,Credit Card,Quarterly
1302,40,Female,Coat,Outerwear,88,Connecticut,S,Maroon,Winter,3.7,No,Express,No,No,24,Debit Card,Quarterly
1303,44,Female,Scarf,Accessories,56,North Dakota,M,Pink,Fall,2.6,No,Express,No,No,8,Cash,Every 3 Months
1304,56,Male,T-shirt,Clothing,74,Iowa,XL,White,Winter,4.1,No,Express,Yes,Yes,12,Cash,Monthly
1305,69,Female,Dress,Clothing,57,Tennessee,M,Brown,Spring,3.8,Yes,Standard,Yes,Yes,18,Bank Transfer,Monthly
1306,53,Female,Shoes,Footwear,47,Vermont,M,Gray,Spring,3.5,No,Store Pickup,Yes,Yes,6,Debit Card,Quarterly
1307,56,Female,Scarf,Accessories,36,Louisiana,L,Gold,Summer,4.2,No,Next Day Air,No,No,8,Credit Card,Every 3 Months
1308,41,Female,Pants,Clothing,56,Oregon,M,Charcoal,Fall,3.8,No,Next Day Air,Yes,Yes,28,Bank Transfer,Bi-Weekly
1309,33,Male,Pants,Clothing,58,Idaho,L,Pink,Winter,4.0,Yes,2-Day Shipping,No,No,33,Venmo,Quarterly
1310,54,Female,Hat,Accessories,79,Washington,M,Beige,Spring,3.9,Yes,Store Pickup,Yes,Yes,29,Credit Card,Quarterly
1311,47,Male,Jacket,Outerwear,77,Illinois,S,Indigo,Spring,3.1,No,2-Day Shipping,Yes,Yes,10,PayPal,Annually
1312,23,Female,T-shirt,Clothing,59,Vermont,S,Brown,Winter,4.6,No,Standard,Yes,Yes,7,PayPal,Monthly
1313,39,Female,Sweater,Clothing,59,South Carolina,XL,Peach,Fall,4.4,No,Express,No,No,8,Credit Card,Annually
1314,43,Male,Jeans,Clothing,57,Kansas,L,Red,Summer,4.0,Yes,Free Shipping,Yes,Yes,13,PayPal,Monthly
1315,36,Male,Socks,Clothing,30,Tennessee,L,Magenta,Spring,3.8,No,Standard,No,No,15,Bank Transfer,Monthly
1316,66,Female,Scarf,Accessories,44,New York,S,Magenta,Fall,4.2,Yes,Free Shipping,No,No,12,PayPal,Monthly
1317,51,Female,Coat,Outerwear,81,North Dakota,L,Magenta,Winter,4.4,No,Standard,No,No,8,Bank Transfer,Annually
1318,65,Male,Jacket,Outerwear,66,Maine,M,Charcoal,Spring,4.7,No,Next Day Air,No,No,12,Venmo,Annually
1319,48,Female,Shoes,Footwear,39,Idaho,L,Indigo,Spring,3.3,No,2-Day Shipping,No,No,8,PayPal,Every 3 Months
1320,45,Female,Sweater,Clothing,80,Ohio,M,White,Winter,4.3,No,Free Shipping,No,No,30,Cash,Monthly
1321,30,Male,Coat,Outerwear,95,Arizona,L,Black,Winter,3.5,No,Next Day Air,No,No,15,PayPal,Every 3 Months
1322,44,Male,Hoodie,Clothing,83,Louisiana,S,Silver,Spring,2.7,Yes,Free Shipping,Yes,Yes,20,Credit Card,Quarterly
1323,44,Male,Hoodie,Clothing,65,Delaware,S,Charcoal,Fall,4.2,No,Standard,No,No,5,Credit Card,Every 3 Months
1324,23,Female,Jewelry,Accessories,68,Alabama,L,Blue,Winter,4.6,Yes,Free Shipping,No,No,5,Venmo,Every 3 Months
1325,36,Male,T-shirt,Clothing,58,Alabama,S,Gray,Spring,4.3,No,Next Day Air,No,No,23,Credit Card,Bi-Weekly
1326,39,Female,Sandals,Footwear,63,California,S,Gold,Spring,3.5,No,Next Day Air,No,No,27,Venmo,Monthly
1327,50,Male,Jacket,Outerwear,84,Washington,XL,Gray,Spring,3.8,Yes,Standard,No,No,24,Venmo,Monthly
1328,51,Female,Sandals,Footwear,71,Rhode Island,M,Turquoise,Winter,4.1,No,Express,Yes,Yes,13,Bank Transfer,Quarterly
1329,35,Male,Shoes,Footwear,73,Wyoming,M,Violet,Winter,4.0,Yes,Store Pickup,Yes,Yes,33,Debit Card,Quarterly
1330,51,Male,T-shirt,Clothing,20,California,L,Purple,Spring,4.4,No,Express,Yes,Yes,14,Cash,Annually
1331,41,Female,Skirt,Clothing,76,Wyoming,L,Brown,Spring,4.3,No,Next Day Air,No,No,10,Venmo,Annually
1332,18,Male,Boots,Footwear,69,New Jersey,S,White,Fall,3.3,Yes,2-Day Shipping,No,No,7,Venmo,Every 3 Months
1333,37,Male,Jewelry,Accessories,35,South Carolina,M,Turquoise,Winter,3.8,No,Express,No,No,23,Credit Card,Fortnightly
1334,60,Female,Sneakers,Footwear,63,Texas,M,Black,Winter,3.3,No,2-Day Shipping,Yes,Yes,17,Credit Card,Monthly
1335,19,Female,Jeans,Clothing,69,Indiana,M,Indigo,Spring,3.8,Yes,2-Day Shipping,No,No,27,Debit Card,Monthly
1336,46,Female,Sweater,Clothing,33,Pennsylvania,L,Silver,Summer,2.6,No,Standard,No,No,12,Bank Transfer,Annually
1337,68,Male,Shirt,Clothing,54,North Carolina,XL,Blue,Spring,4.9,Yes,Store Pickup,No,No,8,Debit Card,Quarterly
1338,33,Female,Sunglasses,Accessories,39,Massachusetts,S,Black,Spring,3.3,No,Store Pickup,No,No,28,Bank Transfer,Monthly
1339,44,Female,Boots,Footwear,44,Missouri,S,Peach,Fall,3.3,No,Next Day Air,No,No,2,Debit Card,Quarterly
1340,24,Male,Coat,Outerwear,83,Hawaii,L,Green,Summer,3.6,Yes,Next Day Air,No,No,5,Debit Card,Quarterly
1341,68,Male,Sweater,Clothing,48,Georgia,M,Magenta,Fall,2.9,No,Store Pickup,Yes,Yes,6,Cash,Quarterly
1342,43,Female,Backpack,Accessories,58,Washington,L,Red,Summer,3.5,No,Free Shipping,No,No,6,Debit Card,Every 3 Months
1343,45,Male,Dress,Clothing,70,Oregon,S,Olive,Fall,3.8,No,Store Pickup,No,No,8,PayPal,Quarterly
1344,64,Female,Jeans,Clothing,51,New Hampshire,S,Purple,Fall,4.7,No,Standard,No,No,9,Debit Card,Every 3 Months
1345,54,Female,Pants,Clothing,70,Ohio,L,Brown,Spring,3.8,No,2-Day Shipping,No,No,27,Cash,Monthly
1346,31,Female,Sunglasses,Accessories,79,Massachusetts,XL,Beige,Spring,3.5,No,2-Day Shipping,Yes,Yes,10,Debit Card,Quarterly
1347,34,Male,Belt,Accessories,71,Illinois,S,Gold,Summer,3.1,No,Standard,No,No,27,Bank Transfer,Bi-Weekly
1348,51,Male,Blouse,Clothing,74,West Virginia,L,Cyan,Spring,5.0,Yes,Store Pickup,Yes,Yes,10,Cash,Annually
1349,35,Male,Hat,Accessories,71,Wyoming,M,Green,Spring,3.8,No,Next Day Air,No,No,19,Venmo,Monthly
1350,18,Male,Shoes,Footwear,72,Hawaii,S,Silver,Summer,3.7,Yes,Store Pickup,No,No,13,Venmo,Quarterly
1351,43,Female,Shorts,Clothing,72,South Dakota,M,Brown,Summer,,No,Standard,Yes,Yes,13,Credit Card,Annually
1352,22,Female,Pants,Clothing,39,Minnesota,M,Brown,Summer,4.0,No,Express,No,No,10,Bank Transfer,Annually
1353,68,Male,Scarf,Accessories,62,Oklahoma,L,Cyan,Spring,3.4,Yes,2-Day Shipping,Yes,Yes,12,Debit Card,Every 3 Months
1354,47,Male,Shoes,Footwear,66,Colorado,M,Green,Spring,4.5,No,Express,No,No,3,Venmo,Annually
1355,30,Female,Sandals,Footwear,59,Mississippi,M,Charcoal,Winter,3.9,No,Store Pickup,No,No,5,PayPal,Annually
1356,34,Male,Skirt,Clothing,98,Connecticut,M,Charcoal,Fall,3.8,No,2-Day Shipping,No,No,27,Credit Card,Quarterly
1357,18,Male,Belt,Accessories,54,South Dakota,L,Orange,Summer,3.0,No,2-Day Shipping,No,No,22,Bank Transfer,Fortnightly
1358,28,Male,Boots,Footwear,31,Maryland,XL,Blue,Spring,3.6,No,2-Day Shipping,Yes,Yes,19,Debit Card,Monthly
1359,59,Female,Shirt,Clothing,59,Indiana,M,Brown,Summer,3.6,No,Express,No,No,23,PayPal,Quarterly
1360,70,Male,Dress,Clothing,77,Ohio,M,Teal,Winter,3.8,Yes,Standard,No,No,18,Debit Card,Fortnightly
1361,55,Female,Coat,Outerwear,54,West Virginia,XL,Beige,Winter,2.4,No,Next Day Air,Yes,Yes,13,Bank Transfer,Quarterly
1362,43,Male,T-shirt,Clothing,63,Kentucky,S,Black,Winter,3.2,Yes,Next Day Air,No,No,14,PayPal,Every 3 Months
1363,38,Female,Gloves,Accessories,56,Oklahoma,L,Black,Spring,3.5,No,Express,No,No,3,Credit Card,Quarterly
1364,30,Male,Shoes,Footwear,59,Ohio,M,Olive,Summer,4.0,No,Free Shipping,No,No,15,Cash,Quarterly
1365,70,Male,T-shirt,Clothing,48,Missouri,L,Purple,Spring,2.5,No,Free Shipping,Yes,Yes,9,Cash,Every 3 Months
1366,41,Male,Handbag,Accessories,75,South Dakota,M,Purple,Winter,4.6,No,2-Day Shipping,No,No,20,PayPal,Quarterly
1367,70,Male,Belt,Accessories,98,Connecticut,M,Purple,Spring,4.5,Yes,Express,Yes,Yes,10,Credit Card,Monthly
1368,65,Male,Boots,Footwear,53,Utah,M,Black,Fall,3.1,Yes,Standard,Yes,Yes,18,Debit Card,Monthly
1369,18,Male,Shoes,Footwear,45,Massachusetts,S,Green,Summer,5.0,Yes,2-Day Shipping,No,No,7,Debit Card,Annually
1370,34,Male,Shoes,Footwear,59,Arizona,S,Peach,Fall,3.8,Yes,Store Pickup,No,No,2,PayPal,Annually
1371,34,Male,T-shirt,Clothing,87,Wyoming,XL,Purple,Winter,,Yes,Next Day Air,Yes,Yes,6,Venmo,Annually
1372,43,Female,Backpack,Accessories,53,Rhode Island,M,Green,Summer,4.1,No,2-Day Shipping,No,No,8,Cash,Quarterly
1373,43,Male,Jacket,Outerwear,74,South Dakota,S,Turquoise,Spring,3.9,No,2-Day Shipping,No,No,9,Bank Transfer,Annually
1374,70,Female,Sunglasses,Accessories,42,Delaware,M,Teal,Fall,3.8,No,Next Day Air,No,No,4,Bank Transfer,Every 3 Months
1375,28,Female,Backpack,Accessories,86,Pennsylvania,M,Silver,Fall,3.1,No,Next Day Air,Yes,Yes,15,Debit Card,Every 3 Months
1376,47,Male,Shorts,Clothing,53,Ohio,M,Silver,Spring,3.4,No,Standard,No,No,20,PayPal,Monthly
1377,53,Female,Boots,Footwear,70,Virginia,S,Yellow,Spring,3.9,Yes,Standard,Yes,Yes,16,PayPal,Fortnightly
1378,44,Female,T-shirt,Clothing,45,Maine,L,Silver,Fall,4.2,No,Free Shipping,No,No,8,Credit Card,Quarterly
1379,46,Female,T-shirt,Clothing,44,Washington,L,Orange,Fall,4.6,No,Free Shipping,No,No,10,Cash,Quarterly
1380,28,Male,Coat,Outerwear,74,Oklahoma,M,Indigo,Spring,3.3,Yes,Store Pickup,Yes,Yes,5,Cash,Annually
1381,46,Male,Coat,Outerwear,70,Illinois,L,Indigo,Fall,3.6,No,Store Pickup,Yes,Yes,20,Venmo,Fortnightly
1382,52,Male,Coat,Outerwear,82,Hawaii,M,Teal,Summer,3.2,No,Next Day Air,No,No,14,Debit Card,Annually
1383,49,Male,Gloves,Accessories,30,Virginia,M,Gray,Spring,4.4,No,Next Day Air,Yes,Yes,15,Credit Card,Quarterly
1384,53,Female,Jeans,Clothing,43,North Carolina,XL,Peach,Fall,3.5,No,Express,Yes,Yes,42,Bank Transfer,Weekly
1385,65,Female,Hat,Accessories,46,Colorado,XL,Maroon,Fall,3.4,No,Standard,Yes,Yes,8,Bank Transfer,Quarterly
1386,58,Male,Dress,Clothing,66,Connecticut,M,Indigo,Spring,3.7,Yes,Free Shipping,No,No,8,Debit Card,Annually
1387,45,Female,Boots,Footwear,42,Tennessee,M,Magenta,Fall,2.6,No,Free Shipping,No,No,9,Credit Card,Quarterly
1388,26,Male,Belt,Accessories,55,Florida,M,Blue,Spring,4.1,No,Express,No,No,9,Bank Transfer,Annually
1389,35,Female,Hoodie,Clothing,48,Hawaii,M,Purple,Fall,3.5,No,2-Day Shipping,No,No,7,Venmo,Annually
1390,41,Male,Pants,Clothing,62,New Mexico,L,Black,Winter,5.0,Yes,Store Pickup,No,No,6,PayPal,Annually
1391,48,Female,Sweater,Clothing,46,Utah,S,Black,Winter,3.3,No,Free Shipping,No,No,17,Credit Card,Monthly
1392,37,Female,Boots,Footwear,44,Kentucky,XL,Gold,Summer,3.5,No,2-Day Shipping,Yes,Yes,23,Credit Card,Bi-Weekly
1393,30,Male,Handbag,Accessories,62,North Dakota,L,Olive,Summer,4.4,No,Standard,No,No,3,Debit Card,Quarterly
1394,26,Male,Dress,Clothing,76,Oklahoma,S,Gray,Spring,4.2,No,Next Day Air,Yes,Yes,19,Bank Transfer,Monthly
1395,19,Female,Shorts,Clothing,71,New Mexico,L,Violet,Winter,4.3,No,2-Day Shipping,No,No,31,PayPal,Monthly
1396,40,Male,Shorts,Clothing,76,Ohio,L,White,Summer,3.5,No,2-Day Shipping,Yes,Yes,10,PayPal,Quarterly
1397,22,Male,Socks,Clothing,84,Idaho,M,Indigo,Winter,3.0,Yes,Standard,No,No,15,Venmo,Every 3 Months
1398,29,Female,Coat,Outerwear,65,New York,M,Yellow,Winter,5.0,No,Free Shipping,No,No,5,Cash,Quarterly
1399,38,Female,Hat,Accessories,87,Alabama,L,Blue,Summer,4.1,No,Store Pickup,Yes,Yes,5,PayPal,Every 3 Months
1400,24,Male,Jeans,Clothing,70,Oregon,XL,Brown,Fall,3.8,No,2-Day Shipping,Yes,Yes,14,Cash,Annually
1401,50,Male,Boots,Footwear,51,South Carolina,M,Green,Summer,4.1,Yes,Store Pickup,Yes,Yes,17,PayPal,Fortnightly
1402,55,Male,Hoodie,Clothing,53,South Carolina,L,White,Fall,2.9,Yes,2-Day Shipping,Yes,Yes,6,Bank Transfer,Quarterly
1403,36,Female,Shorts,Clothing,66,Alaska,L,Maroon,Spring,3.4,Yes,2-Day Shipping,Yes,Yes,5,Bank Transfer,Annually
1404,37,Male,Handbag,Accessories,71,Virginia,XL,Purple,Winter,3.1,No,Next Day Air,Yes,Yes,19,Cash,Quarterly
1405,52,Male,Sweater,Clothing,60,Michigan,S,Pink,Spring,3.8,Yes,2-Day Shipping,Yes,Yes,21,Venmo,Monthly
1406,33,Male,Sunglasses,Accessories,41,California,M,Maroon,Fall,2.9,No,2-Day Shipping,No,No,15,Bank Transfer,Monthly
1407,32,Female,Sneakers,Footwear,73,Nebraska,L,White,Winter,4.1,No,Express,Yes,Yes,17,PayPal,Quarterly
1408,62,Male,Jacket,Outerwear,50,New Hampshire,S,White,Winter,4.3,No,Express,No,No,8,Debit Card,Quarterly
1409,57,Female,Sweater,Clothing,63,Massachusetts,M,Magenta,Winter,4.4,No,Store Pickup,Yes,Yes,8,Credit Card,Quarterly
1410,53,Female,Hat,Accessories,64,Pennsylvania,M,Purple,Fall,4.0,Yes,2-Day Shipping,Yes,Yes,4,Credit Card,Every 3 Months
1411,58,Female,Shirt,Clothing,37,Nevada,M,Peach,Winter,3.8,No,Store Pickup,Yes,Yes,14,Debit Card,Quarterly
1412,18,Female,Handbag,Accessories,85,Hawaii,L,Orange,Winter,3.5,No,Express,Yes,Yes,9,PayPal,Annually
1413,64,Female,Skirt,Clothing,58,New York,S,Blue,Summer,4.0,No,2-Day Shipping,Yes,Yes,5,Bank Transfer,Every 3 Months
1414,50,Female,Backpack,Accessories,38,Indiana,L,Cyan,Fall,3.7,No,2-Day Shipping,Yes,Yes,10,Cash,Annually
1415,59,Male,Socks,Clothing,65,Colorado,M,Yellow,Summer,2.6,Yes,2-Day Shipping,Yes,Yes,14,Bank Transfer,Every 3 Months
1416,50,Female,Jacket,Outerwear,40,Indiana,L,Gold,Summer,3.2,No,Standard,No,No,12,PayPal,Quarterly
1417,45,Male,Sneakers,Footwear,66,Virginia,M,Pink,Winter,4.1,No,2-Day Shipping,No,No,18,Venmo,Fortnightly
1418,40,Male,T-shirt,Clothing,78,New Hampshire,S,Violet,Spring,3.0,Yes,Standard,No,No,17,Cash,Fortnightly
1419,50,Female,Sandals,Footwear,100,Kansas,XL,Peach,Spring,3.0,No,Standard,No,No,15,Venmo,Annually
1420,39,Female,Pants,Clothing,66,Maine,L,Cyan,Spring,3.6,Yes,Next Day Air,No,No,9,Debit Card,Annually
1421,57,Female,Gloves,Accessories,52,Texas,M,Turquoise,Spring,2.4,Yes,Free Shipping,Yes,Yes,4,Debit Card,Every 3 Months
1422,20,Male,Blouse,Clothing,67,North Dakota,M,Beige,Fall,4.1,Yes,Express,Yes,Yes,7,Debit Card,Monthly
1423,36,Male,Socks,Clothing,81,Rhode Island,M,Red,Winter,4.1,No,2-Day Shipping,No,No,6,Cash,Quarterly
1424,70,Male,Sunglasses,Accessories,71,New Mexico,XL,Gold,Winter,4.3,Yes,Standard,No,No,9,Cash,Every 3 Months
1425,35,Male,Scarf,Accessories,70,Wyoming,M,Pink,Winter,3.9,No,Standard,Yes,Yes,10,Bank Transfer,Monthly
1426,40,Male,Jewelry,Accessories,69,North Carolina,XL,Maroon,Winter,3.2,No,Store Pickup,No,No,14,Bank Transfer,Quarterly
1427,31,Male,Sunglasses,Accessories,71,Massachusetts,M,Orange,Summer,3.0,Yes,Free Shipping,Yes,Yes,6,Debit Card,Quarterly
1428,49,Male,Pants,Clothing,36,Illinois,L,Indigo,Winter,4.0,No,Standard,Yes,Yes,13,PayPal,Every 3 Months
1429,33,Female,Dress,Clothing,41,Arizona,M,Olive,Summer,4.1,Yes,2-Day Shipping,No,No,15,PayPal,Every 3 Months
1430,41,Male,Hat,Accessories,38,Rhode Island,S,White,Fall,3.1,Yes,2-Day Shipping,No,No,11,Bank Transfer,Annually
1431,57,Female,Scarf,Accessories,38,Washington,XL,Teal,Spring,3.0,No,Next Day Air,No,No,13,Credit Card,Quarterly
1432,34,Female,Hoodie,Clothing,41,North Dakota,S,Lavender,Winter,3.7,No,Express,No,No,22,Venmo,Bi-Weekly
1433,56,Male,Socks,Clothing,94,Missouri,XL,White,Winter,3.8,Yes,Free Shipping,Yes,Yes,23,Venmo,Fortnightly
1434,56,Male,Hat,Accessories,46,Connecticut,S,Violet,Fall,4.3,No,Free Shipping,No,No,15,Venmo,Annually
1435,60,Male,Sunglasses,Accessories,59,North Carolina,M,Peach,Spring,4.1,No,2-Day Shipping,Yes,Yes,16,Credit Card,Bi-Weekly
1436,46,Female,Sneakers,Footwear,56,Hawaii,XL,Orange,Summer,3.6,No,Free Shipping,No,No,7,Debit Card,Quarterly
1437,70,Male,Dress,Clothing,61,New York,L,Beige,Fall,4.3,No,Express,No,No,15,Cash,Quarterly
1438,60,Male,Handbag,Accessories,58,Kansas,M,Olive,Summer,3.5,No,2-Day Shipping,Yes,Yes,10,Credit Card,Every 3 Months
1439,49,Female,Sunglasses,Accessories,37,Utah,M,Cyan,Fall,3.6,No,Express,Yes,Yes,14,Venmo,Annually
1440,31,Female,Jeans,Clothing,68,Washington,M,Charcoal,Summer,4.2,No,Store Pickup,No,No,40,Venmo,Fortnightly
1441,43,Male,Socks,Clothing,47,Idaho,L,Turquoise,Winter,4.3,No,Next Day Air,Yes,Yes,22,Debit Card,Fortnightly
1442,65,Male,Shorts,Clothing,47,Kentucky,S,Gold,Spring,4.3,No,Next Day Air,Yes,Yes,31,Bank Transfer,Bi-Weekly
1443,70,Male,Boots,Footwear,61,Washington,M,Peach,Summer,3.5,Yes,Store Pickup,No,No,28,Debit Card,Quarterly
1444,66,Male,Skirt,Clothing,77,Alabama,S,Turquoise,Spring,3.7,Yes,2-Day Shipping,Yes,Yes,16,Venmo,Fortnightly
1445,56,Male,Hat,Accessories,47,Montana,L,Orange,Fall,3.2,No,Free Shipping,No,No,23,Venmo,Quarterly
1446,25,Female,Gloves,Accessories,64,Delaware,XL,Silver,Summer,4.3,Yes,2-Day Shipping,Yes,Yes,7,Bank Transfer,Annually
1447,51,Female,Pants,Clothing,70,Michigan,L,Silver,Summer,3.3,Yes,2-Day Shipping,Yes,Yes,17,Debit Card,Quarterly
1448,25,Male,Sandals,Footwear,64,Alaska,M,Magenta,Spring,2.5,No,Free Shipping,Yes,Yes,13,PayPal,Quarterly
1449,22,Female,Jewelry,Accessories,60,Delaware,M,White,Winter,3.5,No,Next Day Air,Yes,Yes,3,Bank Transfer,Annually
1450,48,Male,Pants,Clothing,42,Massachusetts,S,Violet,Spring,3.2,Yes,Next Day Air,Yes,Yes,24,Bank Transfer,Fortnightly
1451,52,Female,Sandals,Footwear,62,Arkansas,L,Green,Winter,2.0,No,2-Day Shipping,No,No,32,Venmo,Fortnightly
1452,58,Female,Sunglasses,Accessories,42,South Carolina,S,Teal,Winter,3.4,No,2-Day Shipping,No,No,10,Bank Transfer,Annually
1453,51,Female,Blouse,Clothing,30,New Hampshire,L,Charcoal,Winter,4.2,No,Store Pickup,No,No,8,Credit Card,Annually
1454,52,Female,Backpack,Accessories,50,Minnesota,M,Blue,Summer,4.0,No,Standard,Yes,Yes,19,Bank Transfer,Quarterly
1455,29,Male,Scarf,Accessories,49,Mississippi,XL,Olive,Fall,4.0,No,Express,No,No,28,PayPal,Quarterly
1456,42,Male,Blouse,Clothing,100,Tennessee,M,Peach,Winter,4.6,No,Next Day Air,Yes,Yes,4,Debit Card,Every 3 Months
1457,21,Male,Jacket,Outerwear,90,Texas,M,Orange,Spring,3.3,Yes,Next Day Air,Yes,Yes,8,Debit Card,Every 3 Months
1458,18,Male,Backpack,Accessories,70,Arizona,XL,Silver,Spring,3.1,No,Express,No,No,20,Bank Transfer,Fortnightly
1459,55,Female,Backpack,Accessories,50,Ohio,XL,Indigo,Spring,4.0,No,Free Shipping,No,No,7,Debit Card,Annually
1460,33,Male,Sweater,Clothing,61,Mississippi,M,Teal,Winter,3.9,Yes,Free Shipping,Yes,Yes,11,Debit Card,Every 3 Months
1461,57,Female,T-shirt,Clothing,99,South Carolina,L,Violet,Spring,2.9,No,Store Pickup,Yes,Yes,5,Credit Card,Every 3 Months
1462,61,Male,Sunglasses,Accessories,47,South Carolina,L,Blue,Winter,3.6,No,Store Pickup,No,No,21,Cash,Quarterly
1463,35,Male,Hat,Accessories,61,Oklahoma,M,Magenta,Winter,4.1,No,Free Shipping,No,No,11,Cash,Every 3 Months
1464,53,Male,Hat,Accessories,86,North Dakota,S,Cyan,Winter,3.9,No,Standard,No,No,15,Bank Transfer,Quarterly
1465,34,Female,Sandals,Footwear,48,Hawaii,L,Pink,Fall,4.1,No,Store Pickup,No,No,10,Debit Card,Annually
1466,18,Female,Shorts,Clothing,60,Texas,L,Lavender,Fall,3.3,No,Free Shipping,Yes,Yes,9,Credit Card,Every 3 Months
1467,46,Male,Handbag,Accessories,63,Oklahoma,S,Gray,Fall,2.9,Yes,Express,Yes,Yes,24,PayPal,Quarterly
1468,37,Male,Sneakers,Footwear,46,Indiana,M,Gold,Fall,3.1,No,Free Shipping,Yes,Yes,19,Bank Transfer,Monthly
1469,37,Female,Shoes,Footwear,72,Idaho,L,Green,Winter,4.2,No,Express,No,No,4,Debit Card,Annually
1470,70,Male,Sneakers,Footwear,48,Montana,S,Blue,Summer,,Yes,Store Pickup,No,No,24,Cash,Monthly
1471,21,Female,Shoes,Footwear,72,Louisiana,L,Blue,Winter,3.5,No,Free Shipping,No,No,2,Credit Card,Annually
1472,50,Male,Socks,Clothing,71,North Dakota,L,Peach,Summer,4.6,Yes,Next Day Air,Yes,Yes,20,Credit Card,Monthly
1473,29,Male,Sunglasses,Accessories,71,Massachusetts,M,White,Spring,3.7,No,Next Day Air,No,No,9,Debit Card,Every 3 Months
1474,58,Male,Coat,Outerwear,65,Florida,M,Maroon,Winter,3.3,No,2-Day Shipping,Yes,Yes,5,Debit Card,Quarterly
1475,48,Male,Handbag,Accessories,63,Maryland,M,White,Fall,2.9,No,Store Pickup,No,No,9,Debit Card,Every 3 Months
1476,50,Male,Dress,Clothing,74,South Dakota,M,Brown,Spring,3.7,No,2-Day Shipping,Yes,Yes,10,Debit Card,Monthly
1477,30,Male,Coat,Outerwear,45,Tennessee,M,Yellow,Spring,4.2,No,Store Pickup,Yes,Yes,11,Bank Transfer,Quarterly
1478,33,Female,T-shirt,Clothing,45,Kansas,L,Orange,Spring,4.5,Yes,2-Day Shipping,Yes,Yes,17,Credit Card,Quarterly
1479,58,Male,Shirt,Clothing,67,South Carolina,L,Red,Fall,4.3,No,Standard,No,No,8,Debit Card,Annually
1480,70,Male,Pants,Clothing,71,California,S,Black,Winter,4.0,No,Express,Yes,Yes,13,Venmo,Every 3 Months
1481,51,Male,Sunglasses,Accessories,65,Wyoming,L,Peach,Summer,4.7,Yes,Standard,No,No,16,Cash,Bi-Weekly
1482,31,Male,Shirt,Clothing,73,Rhode Island,M,Indigo,Spring,3.1,No,Free Shipping,Yes,Yes,5,Cash,Every 3 Months
1483,49,Female,Sunglasses,Accessories,51,Arizona,L,Violet,Winter,4.5,No,Free Shipping,No,No,28,Debit Card,Monthly
1484,70,Male,Jacket,Outerwear,88,Oklahoma,S,Silver,Fall,3.8,No,Store Pickup,No,No,22,Venmo,Monthly
1485,46,Female,Handbag,Accessories,56,Missouri,M,Turquoise,Fall,3.9,No,Free Shipping,Yes,Yes,19,Cash,Quarterly
1486,66,Male,Handbag,Accessories,45,Vermont,M,Violet,Spring,2.9,No,Express,No,No,3,PayPal,Every 3 Months
1487,33,Female,Shoes,Footwear,83,Idaho,M,Red,Fall,3.9,No,Free Shipping,No,No,3,PayPal,Every 3 Months
1488,43,Male,Shoes,Footwear,73,Vermont,XL,Gold,Summer,4.3,No,2-Day Shipping,No,No,33,PayPal,Monthly
1489,53,Female,Shirt,Clothing,57,Utah,S,Gray,Spring,2.4,Yes,Store Pickup,Yes,Yes,5,Bank Transfer,Monthly
1490,50,Male,Shorts,Clothing,57,Indiana,S,Turquoise,Summer,4.2,Yes,Store Pickup,Yes,Yes,15,PayPal,Every 3 Months
1491,33,Male,Scarf,Accessories,67,Michigan,L,Peach,Spring,2.4,No,Express,No,No,10,Debit Card,Quarterly
1492,32,Female,Boots,Footwear,44,North Carolina,M,Violet,Summer,2.8,No,Express,Yes,Yes,27,Credit Card,Fortnightly
1493,59,Female,Scarf,Accessories,62,Illinois,M,Silver,Winter,3.7,No,2-Day Shipping,Yes,Yes,26,Debit Card,Monthly
1494,62,Female,T-shirt,Clothing,61,Wyoming,M,Peach,Winter,4.6,Yes,2-Day Shipping,Yes,Yes,16,Venmo,Fortnightly
1495,67,Male,Sunglasses,Accessories,66,Georgia,S,Brown,Fall,3.7,Yes,Standard,No,No,27,PayPal,Quarterly
1496,70,Female,Sunglasses,Accessories,31,Illinois,L,Yellow,Winter,4.0,Yes,Next Day Air,No,No,26,Cash,Fortnightly
1497,46,Female,Scarf,Accessories,42,Montana,M,Gold,Winter,3.2,No,Express,No,No,4,Cash,Every 3 Months
1498,39,Female,Sandals,Footwear,64,Mississippi,M,Gold,Spring,3.5,No,Express,No,No,15,Venmo,Quarterly
1499,64,Male,Shoes,Footwear,83,Arizona,M,Brown,Summer,3.6,Yes,Standard,No,No,7,Debit Card,Every 3 Months
1500,55,Female,Scarf,Accessories,55,Virginia,XL,Black,Summer,4.7,No,2-Day Shipping,No,No,5,Venmo,Annually
1501,29,Female,Jewelry,Accessories,69,Illinois,L,Indigo,Fall,3.3,No,Standard,No,No,21,Debit Card,Quarterly
1502,28,Female,Hat,Accessories,33,Colorado,S,Turquoise,Winter,3.4,No,Express,No,No,14,Credit Card,Every 3 Months
1503,51,Male,Handbag,Accessories,50,Montana,L,Turquoise,Winter,4.4,No,2-Day Shipping,No,No,22,Debit Card,Fortnightly
1504,41,Male,Scarf,Accessories,61,Washington,S,Maroon,Spring,3.6,No,Free Shipping,Yes,Yes,3,Bank Transfer,Every 3 Months
1505,44,Female,Gloves,Accessories,56,Alabama,M,Gray,Fall,3.8,No,Next Day Air,No,No,11,Cash,Annually
1506,60,Male,Backpack,Accessories,69,Missouri,L,Green,Spring,4.0,No,2-Day Shipping,No,No,29,Venmo,Quarterly
1507,55,Female,Hat,Accessories,59,Virginia,XL,Violet,Summer,3.4,Yes,Free Shipping,Yes,Yes,12,Debit Card,Quarterly
1508,64,Male,Dress,Clothing,54,Vermont,S,Black,Summer,2.5,No,Express,No,No,15,PayPal,Quarterly
1509,18,Male,Scarf,Accessories,67,Florida,L,Black,Fall,4.4,No,2-Day Shipping,No,No,3,PayPal,Quarterly
1510,48,Female,Gloves,Accessories,48,New York,L,Black,Winter,3.8,No,Standard,No,No,14,Debit Card,Every 3 Months
1511,54,Male,Socks,Clothing,49,Tennessee,L,Violet,Winter,,Yes,Express,No,No,3,Credit Card,Every 3 Months
1512,21,Male,Shorts,Clothing,71,North Dakota,L,Blue,Summer,4.2,Yes,2-Day Shipping,Yes,Yes,25,Cash,Bi-Weekly
1513,34,Female,Socks,Clothing,43,North Carolina,M,White,Fall,4.9,No,Store Pickup,No,No,13,Cash,Quarterly
1514,31,Female,Coat,Outerwear,91,Rhode Island,XL,Charcoal,Spring,4.3,No,Free Shipping,Yes,Yes,8,Cash,Monthly
1515,44,Female,Sneakers,Footwear,37,Minnesota,M,Olive,Spring,4.9,Yes,Standard,Yes,Yes,34,Venmo,Weekly
1516,68,Male,Jewelry,Accessories,52,Arkansas,M,Yellow,Winter,3.0,No,2-Day Shipping,No,No,22,Cash,Monthly
1517,70,Male,Pants,Clothing,84,New York,M,Blue,Winter,3.8,No,2-Day Shipping,No,No,16,PayPal,Quarterly
1518,32,Female,Hat,Accessories,95,New York,L,Gray,Winter,4.0,Yes,2-Day Shipping,No,No,15,Cash,Annually
1519,52,Male,Scarf,Accessories,62,Texas,S,Red,Summer,3.7,Yes,Next Day Air,No,No,7,Bank Transfer,Annually
1520,52,Male,Coat,Outerwear,86,Washington,M,Teal,Fall,3.4,No,Standard,No,No,33,Cash,Monthly
1521,50,Male,Dress,Clothing,70,Kentucky,L,Violet,Spring,1.9,No,Next Day Air,No,No,7,Venmo,Annually
1522,50,Male,Jeans,Clothing,50,West Virginia,M,Beige,Fall,4.7,No,2-Day Shipping,No,No,7,Cash,Every 3 Months
1523,49,Female,Scarf,Accessories,64,Alabama,M,Silver,Summer,2.8,No,Express,Yes,Yes,13,Credit Card,Quarterly
1524,69,Female,Shirt,Clothing,44,Wisconsin,M,Green,Winter,4.2,No,Free Shipping,No,No,13,Debit Card,Annually
1525,61,Female,Gloves,Accessories,32,Connecticut,L,Olive,Summer,3.8,No,Express,No,No,13,Cash,Quarterly
1526,28,Male,Shoes,Footwear,68,North Carolina,M,Violet,Fall,3.6,No,2-Day Shipping,No,No,24,Venmo,Bi-Weekly
1527,56,Male,Sweater,Clothing,67,Ohio,M,Violet,Fall,3.6,No,Free Shipping,No,No,9,Venmo,Annually
1528,57,Male,Socks,Clothing,39,New York,M,Charcoal,Winter,3.8,No,Next Day Air,No,No,2,PayPal,Annually
1529,49,Male,Backpack,Accessories,61,Wyoming,XL,Magenta,Spring,4.1,Yes,Next Day Air,Yes,Yes,26,PayPal,Quarterly
1530,61,Male,Sneakers,Footwear,47,Nevada,L,Gray,Summer,4.2,Yes,Next Day Air,Yes,Yes,19,PayPal,Bi-Weekly
1531,47,Male,Hat,Accessories,50,Connecticut,M,Peach,Summer,3.7,No,Express,No,No,19,Venmo,Monthly
1532,47,Male,Jeans,Clothing,57,New Mexico,L,Teal,Spring,3.0,Yes,2-Day Shipping,No,No,35,Cash,Weekly
1533,46,Female,Handbag,Accessories,69,Iowa,L,Gray,Winter,3.0,No,Next Day Air,No,No,10,Cash,Every 3 Months
1534,18,Female,Scarf,Accessories,49,New Mexico,L,Brown,Winter,4.4,No,Free Shipping,No,No,17,Cash,Monthly
1535,43,Male,Boots,Footwear,46,Maryland,M,Black,Spring,3.5,Yes,Next Day Air,No,No,5,PayPal,Every 3 Months
1536,34,Male,Jewelry,Accessories,84,Arizona,S,Black,Fall,3.1,No,Next Day Air,No,No,26,Debit Card,Bi-Weekly
1537,26,Female,Shorts,Clothing,66,New York,L,Indigo,Winter,3.3,No,Standard,Yes,Yes,12,PayPal,Annually
1538,66,Female,Gloves,Accessories,71,California,M,Yellow,Summer,3.7,No,Express,No,No,5,Debit Card,Annually
1539,52,Female,Gloves,Accessories,67,Kentucky,M,Gold,Fall,3.0,No,Next Day Air,Yes,Yes,12,PayPal,Every 3 Months
1540,44,Male,Dress,Clothing,79,New Mexico,S,Lavender,Fall,3.7,Yes,Free Shipping,No,No,20,Credit Card,Quarterly
1541,36,Female,Handbag,Accessories,70,Vermont,M,Pink,Spring,4.5,Yes,Express,Yes,Yes,18,Bank Transfer,Quarterly
1542,48,Male,Jacket,Outerwear,81,Kansas,M,Pink,Winter,3.5,Yes,Free Shipping,Yes,Yes,9,Debit Card,Monthly
1543,59,Male,Backpack,Accessories,59,Iowa,S,Gold,Winter,2.7,No,2-Day Shipping,No,No,25,Bank Transfer,Fortnightly
1544,32,Male,Socks,Clothing,51,Kansas,L,Brown,Summer,4.2,No,Next Day Air,No,No,18,Cash,Monthly
1545,44,Male,Gloves,Accessories,77,New Hampshire,L,Brown,Summer,4.4,Yes,2-Day Shipping,No,No,11,Venmo,Quarterly
1546,57,Male,Skirt,Clothing,54,Georgia,M,Cyan,Winter,4.4,No,Store Pickup,No,No,15,Cash,Every 3 Months
1547,18,Male,Handbag,Accessories,65,Nebraska,S,Blue,Winter,3.8,Yes,Standard,Yes,Yes,28,Debit Card,Bi-Weekly
1548,43,Female,Sunglasses,Accessories,63,South Dakota,S,Magenta,Spring,5.0,No,Store Pickup,No,No,15,Debit Card,Monthly
1549,38,Male,Pants,Clothing,65,California,M,Pink,Summer,4.1,No,Express,Yes,Yes,20,PayPal,Monthly
1550,42,Male,Skirt,Clothing,42,Wisconsin,L,Pink,Fall,5.0,No,Next Day Air,No,No,8,Debit Card,Every 3 Months
1551,36,Male,Coat,Outerwear,77,Nebraska,L,Violet,Spring,4.4,Yes,Store Pickup,Yes,Yes,4,PayPal,Annually
1552,46,Male,Shorts,Clothing,42,New York,L,Gray,Winter,4.4,No,Store Pickup,Yes,Yes,26,Debit Card,Bi-Weekly
1553,70,Male,Shoes,Footwear,63,New Mexico,XL,Pink,Spring,3.3,No,Express,No,No,28,PayPal,Quarterly
1554,39,Male,Scarf,Accessories,75,West Virginia,M,Violet,Winter,3.2,Yes,Standard,No,No,21,Venmo,Bi-Weekly
1555,48,Male,Sunglasses,Accessories,92,North Dakota,L,Beige,Spring,3.8,Yes,Free Shipping,Yes,Yes,3,Debit Card,Every 3 Months
1556,70,Female,Socks,Clothing,67,Vermont,M,Silver,Winter,3.6,No,Standard,No,No,6,Cash,Quarterly
1557,36,Female,Shirt,Clothing,72,Iowa,M,Blue,Spring,3.4,No,Standard,No,No,28,Bank Transfer,Bi-Weekly
1558,70,Male,Shirt,Clothing,41,Hawaii,M,Olive,Fall,3.6,No,Standard,Yes,Yes,7,Bank Transfer,Quarterly
1559,44,Female,Handbag,Accessories,72,North Carolina,M,Teal,Summer,3.6,Yes,Standard,No,No,20,Credit Card,Monthly
1560,70,Female,Coat,Outerwear,56,Delaware,L,Magenta,Summer,3.2,Yes,Express,No,No,29,Bank Transfer,Monthly
1561,55,Female,Boots,Footwear,79,Colorado,L,Olive,Spring,4.0,No,Standard,No,No,2,Cash,Monthly
1562,49,Female,Sweater,Clothing,41,Hawaii,M,Peach,Fall,3.2,No,Free Shipping,Yes,Yes,9,Cash,Every 3 Months
1563,43,Female,Jeans,Clothing,48,Indiana,S,Orange,Fall,3.7,Yes,Store Pickup,No,No,9,Bank Transfer,Monthly
1564,35,Female,Sweater,Clothing,70,California,M,Red,Summer,3.0,No,2-Day Shipping,No,No,11,Bank Transfer,Quarterly
1565,45,Female,Coat,Outerwear,95,Oregon,L,Turquoise,Summer,3.7,No,2-Day Shipping,No,No,6,Bank Transfer,Quarterly
1566,57,Male,Skirt,Clothing,75,New Jersey,M,Brown,Fall,3.8,No,Free Shipping,No,No,12,Cash,Monthly
1567,44,Male,Shirt,Clothing,52,Hawaii,S,Lavender,Fall,3.1,No,Free Shipping,No,No,22,Debit Card,Monthly
1568,39,Male,Belt,Accessories,47,Iowa,M,Turquoise,Fall,3.8,Yes,Standard,Yes,Yes,23,Bank Transfer,Bi-Weekly
1569,40,Male,Scarf,Accessories,50,Washington,L,Indigo,Spring,,No,Free Shipping,No,No,20,PayPal,Monthly
1570,59,Male,Pants,Clothing,66,Virginia,L,Maroon,Fall,3.4,Yes,Express,Yes,Yes,15,Bank Transfer,Annually
1571,62,Male,Handbag,Accessories,62,Connecticut,S,Red,Summer,3.5,Yes,Free Shipping,No,No,20,Bank Transfer,Quarterly
1572,34,Female,Shirt,Clothing,42,New Mexico,M,White,Summer,4.0,No,Free Shipping,Yes,Yes,34,Cash,Fortnightly
1573,34,Female,Shorts,Clothing,85,Kentucky,M,Gold,Summer,3.7,Yes,Standard,No,No,27,PayPal,Quarterly
1574,50,Female,Blouse,Clothing,79,Louisiana,L,White,Summer,4.3,No,Next Day Air,Yes,Yes,28,Cash,Quarterly
1575,67,Male,Shorts,Clothing,88,New Jersey,S,Purple,Spring,3.1,No,Free Shipping,No,No,36,PayPal,Weekly
1576,61,Male,Coat,Outerwear,41,Wyoming,L,Beige,Summer,3.5,No,Standard,Yes,Yes,28,Venmo,Quarterly
1577,25,Female,Scarf,Accessories,44,New Jersey,XL,Turquoise,Fall,3.4,No,Next Day Air,No,No,22,Cash,Fortnightly
1578,40,Female,Hat,Accessories,67,West Virginia,M,Indigo,Spring,3.8,Yes,2-Day Shipping,No,No,7,Cash,Every 3 Months
1579,30,Female,Hoodie,Clothing,58,Tennessee,M,Gray,Winter,3.9,No,2-Day Shipping,No,No,5,Debit Card,Annually
1580,40,Female,Belt,Accessories,50,Rhode Island,S,Olive,Summer,3.0,No,Standard,Yes,Yes,11,Debit Card,Quarterly
1581,68,Female,Coat,Outerwear,54,South Carolina,S,Orange,Fall,4.0,No,Standard,No,No,22,PayPal,Fortnightly
1582,23,Male,Pants,Clothing,48,South Carolina,XL,Olive,Spring,5.0,Yes,Free Shipping,Yes,Yes,21,Cash,Quarterly
1583,20,Male,Jacket,Outerwear,100,Illinois,XL,Black,Spring,3.7,No,Standard,No,No,9,PayPal,Every 3 Months
1584,32,Male,Belt,Accessories,34,Wisconsin,S,Teal,Winter,3.2,No,Next Day Air,No,No,6,Debit Card,Annually
1585,48,Female,Jewelry,Accessories,32,Virginia,XL,Green,Winter,3.6,No,Next Day Air,No,No,7,Credit Card,Every 3 Months
1586,53,Female,Hoodie,Clothing,39,New Mexico,M,Brown,Spring,3.5,No,Store Pickup,Yes,Yes,25,Cash,Fortnightly
1587,51,Male,Belt,Accessories,66,Oklahoma,M,Orange,Winter,3.3,Yes,Free Shipping,Yes,Yes,9,Credit Card,Annually
1588,62,Female,Jewelry,Accessories,53,Vermont,L,Peach,Winter,4.2,No,2-Day Shipping,No,No,15,Venmo,Every 3 Months
1589,18,Male,Jacket,Outerwear,81,Delaware,M,Blue,Spring,2.5,Yes,Store Pickup,Yes,Yes,8,Credit Card,Annually
1590,62,Male,Shoes,Footwear,55,Arkansas,M,White,Spring,3.8,Yes,2-Day Shipping,No,No,12,Debit Card,Monthly
1591,39,Male,Hoodie,Clothing,59,Wyoming,L,Peach,Spring,4.5,No,Express,No,No,8,Debit Card,Every 3 Months
1592,55,Male,Jacket,Outerwear,75,Nevada,M,Yellow,Winter,4.3,Yes,Express,Yes,Yes,21,Venmo,Bi-Weekly
1593,24,Female,Boots,Footwear,85,Oregon,XL,Pink,Winter,4.3,No,Store Pickup,No,No,17,PayPal,Monthly
1594,44,Male,Gloves,Accessories,91,Montana,M,Beige,Fall,3.4,Yes,Free Shipping,Yes,Yes,7,Venmo,Monthly
1595,48,Female,T-shirt,Clothing,56,Montana,S,Cyan,Summer,4.6,No,Standard,No,No,23,Debit Card,Quarterly
1596,61,Female,Shorts,Clothing,72,Alaska,XL,Yellow,Winter,3.9,No,Next Day Air,Yes,Yes,3,Venmo,Annually
1597,20,Male,Skirt,Clothing,61,Iowa,M,Olive,Winter,4.6,No,Next Day Air,Yes,Yes,23,Venmo,Quarterly
1598,44,Male,Pants,Clothing,70,California,M,Brown,Winter,4.3,No,Free Shipping,Yes,Yes,14,Debit Card,Every 3 Months
1599,28,Female,Jacket,Outerwear,74,Michigan,M,Black,Summer,3.8,No,2-Day Shipping,Yes,Yes,17,Venmo,Fortnightly
1600,52,Male,Shorts,Clothing,70,Alaska,S,Olive,Fall,3.6,No,Free Shipping,No,No,18,Credit Card,Fortnightly
1601,56,Female,Jewelry,Accessories,71,South Dakota,M,Orange,Fall,5.0,No,Store Pickup,No,No,7,Cash,Monthly
1602,63,Male,Backpack,Accessories,64,Iowa,M,Gold,Spring,2.7,No,Standard,No,No,11,Cash,Quarterly
1603,36,Female,Gloves,Accessories,65,Pennsylvania,M,Charcoal,Fall,3.6,Yes,Standard,No,No,9,Cash,Annually
1604,58,Female,Socks,Clothing,75,Arizona,M,Peach,Fall,2.9,No,Store Pickup,Yes,Yes,4,Debit Card,Quarterly
1605,64,Male,Sunglasses,Accessories,55,Alaska,L,Lavender,Fall,3.8,No,Standard,Yes,Yes,4,Venmo,Annually
1606,19,Male,Gloves,Accessories,48,Michigan,XL,Beige,Summer,4.0,No,Store Pickup,Yes,Yes,5,Credit Card,Annually
1607,53,Female,Belt,Accessories,32,South Carolina,M,Black,Fall,3.4,No,2-Day Shipping,No,No,11,Credit Card,Quarterly
1608,58,Male,Sweater,Clothing,65,South Dakota,XL,Cyan,Winter,3.4,No,Express,No,No,16,Venmo,Bi-Weekly
1609,40,Male,Handbag,Accessories,68,Nevada,L,Orange,Fall,3.0,No,Standard,Yes,Yes,12,Venmo,Quarterly
1610,26,Male,Jeans,Clothing,30,New Mexico,XL,Gray,Winter,4.0,No,Next Day Air,Yes,Yes,25,Credit Card,Bi-Weekly
1611,58,Male,Gloves,Accessories,47,Ohio,L,Beige,Winter,3.5,No,Store Pickup,No,No,21,PayPal,Bi-Weekly
1612,26,Female,Hoodie,Clothing,70,North Dakota,M,Violet,Summer,4.0,No,Standard,Yes,Yes,22,Cash,Quarterly
1613,41,Female,Skirt,Clothing,56,Pennsylvania,M,Purple,Fall,3.4,No,Store Pickup,Yes,Yes,6,PayPal,Quarterly
1614,43,Male,Shoes,Footwear,61,Alaska,XL,Orange,Fall,3.8,No,Free Shipping,No,No,29,Debit Card,Quarterly
1615,55,Female,Shorts,Clothing,73,Michigan,M,Gold,Winter,4.1,No,Standard,No,No,20,Venmo,Quarterly
1616,35,Male,Jacket,Outerwear,72,Tennessee,XL,Purple,Summer,3.9,Yes,Next Day Air,No,No,5,Venmo,Annually
1617,34,Male,Sandals,Footwear,66,Michigan,L,White,Spring,3.8,No,Express,No,No,9,Cash,Annually
1618,45,Female,Shirt,Clothing,41,Delaware,M,Pink,Fall,3.6,No,Express,No,No,24,Cash,Fortnightly
1619,59,Female,Jeans,Clothing,64,North Dakota,M,Gray,Fall,4.0,No,2-Day Shipping,No,No,3,Cash,Annually
1620,70,Male,T-shirt,Clothing,43,Kansas,XL,Indigo,Fall,3.3,Yes,Standard,Yes,Yes,19,Venmo,Bi-Weekly
1621,21,Male,Shoes,Footwear,45,Montana,S,White,Fall,3.5,Yes,Free Shipping,No,No,15,Bank Transfer,Every 3 Months
1622,49,Male,Backpack,Accessories,49,Montana,L,Beige,Fall,,No,Next Day Air,No,No,19,Bank Transfer,Monthly
1623,28,Female,Socks,Clothing,67,Ohio,XL,Cyan,Spring,4.6,No,Next Day Air,No,No,19,Cash,Monthly
1624,59,Male,Sunglasses,Accessories,58,Washington,S,Blue,Winter,3.4,No,2-Day Shipping,No,No,3,PayPal,Annually
1625,30,Male,Socks,Clothing,45,Ohio,M,Pink,Summer,3.2,No,Free Shipping,Yes,Yes,27,PayPal,Quarterly
1626,34,Female,Sunglasses,Accessories,77,Wyoming,M,Magenta,Spring,3.9,Yes,Standard,No,No,16,Bank Transfer,Bi-Weekly
1627,35,Male,Belt,Accessories,68,Alabama,L,Brown,Winter,4.5,Yes,Store Pickup,No,No,22,Bank Transfer,Quarterly
1628,43,Male,Pants,Clothing,75,South Carolina,M,White,Winter,4.2,No,Express,No,No,4,Debit Card,Quarterly
1629,49,Male,Boots,Footwear,46,Massachusetts,S,Olive,Fall,3.7,No,Standard,Yes,Yes,10,PayPal,Quarterly
1630,51,Male,Sweater,Clothing,81,Oregon,S,Gold,Fall,4.4,No,2-Day Shipping,No,No,6,Cash,Monthly
1631,44,Male,Gloves,Accessories,88,California,M,White,Spring,2.7,Yes,Free Shipping,No,No,30,Venmo,Quarterly
1632,24,Female,Belt,Accessories,72,Nebraska,M,Purple,Summer,4.4,No,2-Day Shipping,No,No,26,Venmo,Fortnightly
1633,55,Female,Coat,Outerwear,76,Alaska,M,Brown,Spring,3.4,No,Express,No,No,7,Venmo,Quarterly
1634,43,Female,Hat,Accessories,65,North Dakota,L,Teal,Summer,4.1,No,Free Shipping,No,No,18,Venmo,Fortnightly
1635,61,Female,Jacket,Outerwear,73,Hawaii,S,Black,Summer,4.2,No,2-Day Shipping,No,No,3,PayPal,Annually
1636,33,Male,Dress,Clothing,36,Delaware,L,Violet,Spring,3.8,No,Free Shipping,Yes,Yes,7,Venmo,Every 3 Months
1637,20,Male,Sneakers,Footwear,50,Arkansas,XL,Indigo,Fall,3.7,No,Store Pickup,Yes,Yes,24,Bank Transfer,Quarterly
1638,43,Female,Shirt,Clothing,56,Indiana,L,Gray,Fall,3.5,No,Express,No,No,2,Cash,Monthly
1639,63,Male,Hat,Accessories,41,West Virginia,L,Black,Summer,4.8,No,Store Pickup,No,No,13,Debit Card,Annually
1640,46,Female,Socks,Clothing,81,Wyoming,S,White,Winter,3.9,No,Store Pickup,No,No,13,Credit Card,Annually
1641,41,Female,Jacket,Outerwear,76,California,M,Olive,Summer,3.7,No,Standard,No,No,27,Venmo,Bi-Weekly
1642,31,Male,Jacket,Outerwear,97,Wisconsin,M,Peach,Spring,4.5,No,Standard,Yes,Yes,9,Cash,Annually
1643,70,Male,Hoodie,Clothing,71,New Jersey,M,Turquoise,Winter,3.4,No,Next Day Air,No,No,37,Bank Transfer,Weekly
1644,29,Male,Belt,Accessories,35,Kentucky,M,Maroon,Spring,3.6,No,Store Pickup,Yes,Yes,11,Debit Card,Every 3 Months
1645,33,Male,Scarf,Accessories,78,West Virginia,S,Gray,Spring,4.3,No,Express,Yes,Yes,6,Cash,Monthly
1646,53,Male,Hoodie,Clothing,51,Illinois,M,Silver,Summer,4.8,No,Next Day Air,No,No,1,Debit Card,Every 3 Months
1647,18,Male,Jewelry,Accessories,85,Georgia,L,Olive,Fall,3.8,Yes,Next Day Air,Yes,Yes,19,PayPal,Quarterly
1648,63,Female,Hat,Accessories,81,Idaho,M,Cyan,Summer,4.0,No,Free Shipping,Yes,Yes,12,Bank Transfer,Every 3 Months
1649,53,Female,Jewelry,Accessories,79,Delaware,S,Turquoise,Winter,2.8,No,Standard,No,No,3,Cash,Every 3 Months
1650,57,Female,Socks,Clothing,75,Missouri,S,Teal,Summer,4.5,No,Free Shipping,No,No,17,Cash,Bi-Weekly
1651,52,Male,Jacket,Outerwear,81,Delaware,M,Gold,Winter,3.0,Yes,2-Day Shipping,No,No,10,Cash,Quarterly
1652,42,Male,Skirt,Clothing,64,Idaho,M,Pink,Fall,3.4,Yes,Express,Yes,Yes,18,Debit Card,Monthly
1653,28,Male,Scarf,Accessories,87,Maine,M,White,Spring,3.9,No,Standard,No,No,8,Venmo,Annually
1654,42,Male,Dress,Clothing,68,North Carolina,S,Silver,Summer,3.3,Yes,Store Pickup,Yes,Yes,12,Debit Card,Every 3 Months
1655,29,Female,Hoodie,Clothing,52,Texas,M,Charcoal,Spring,2.5,No,Next Day Air,Yes,Yes,13,PayPal,Monthly
1656,51,Male,Shirt,Clothing,71,Arkansas,XL,Turquoise,Winter,3.0,Yes,Standard,Yes,Yes,12,Venmo,Monthly
1657,56,Male,T-shirt,Clothing,82,New York,M,Black,Fall,3.8,Yes,Free Shipping,Yes,Yes,18,Debit Card,Quarterly
1658,66,Female,Jewelry,Accessories,81,Colorado,M,Peach,Summer,4.6,Yes,2-Day Shipping,Yes,Yes,13,Bank Transfer,Every 3 Months
1659,50,Male,Sunglasses,Accessories,46,Wyoming,L,Maroon,Fall,4.6,Yes,Store Pickup,Yes,Yes,15,Credit Card,Annually
1660,58,Male,Backpack,Accessories,74,Indiana,L,Beige,Fall,4.0,No,Express,No,No,9,Venmo,Monthly
1661,40,Male,Backpack,Accessories,68,Texas,XL,Red,Fall,3.8,No,Next Day Air,Yes,Yes,6,Bank Transfer,Monthly
1662,37,Female,Shirt,Clothing,52,Rhode Island,S,Gray,Summer,4.2,No,Store Pickup,Yes,Yes,5,PayPal,Annually
1663,51,Female,Pants,Clothing,45,Kentucky,M,Turquoise,Summer,4.5,No,Next Day Air,No,No,23,Bank Transfer,Bi-Weekly
1664,38,Male,Backpack,Accessories,86,Kentucky,S,Turquoise,Summer,3.8,Yes,Standard,Yes,Yes,6,Venmo,Annually
1665,48,Female,Belt,Accessories,81,Kansas,L,Orange,Winter,3.8,No,Standard,No,No,5,Venmo,Annually
1666,28,Female,Gloves,Accessories,82,Mississippi,S,Peach,Summer,3.9,No,Express,Yes,Yes,45,Bank Transfer,Weekly
1667,31,Female,T-shirt,Clothing,37,Minnesota,XL,Black,Summer,4.3,No,Express,No,No,16,Credit Card,Quarterly
1668,54,Male,Sneakers,Footwear,57,North Carolina,S,Violet,Fall,2.8,No,Express,No,No,31,PayPal,Bi-Weekly
1669,57,Male,Jeans,Clothing,59,Mississippi,M,Purple,Fall,3.7,No,Express,Yes,Yes,12,Debit Card,Every 3 Months
1670,29,Female,Handbag,Accessories,81,South Carolina,M,Indigo,Winter,4.0,No,2-Day Shipping,No,No,3,Debit Card,Annually
1671,54,Male,Skirt,Clothing,77,Mississippi,M,Blue,Spring,2.6,Yes,Standard,No,No,2,Bank Transfer,Annually
1672,36,Female,Backpack,Accessories,53,Kansas,M,Maroon,Spring,4.3,No,Free Shipping,No,No,26,Debit Card,Monthly
1673,44,Female,Pants,Clothing,61,Kentucky,L,Violet,Summer,4.3,No,Standard,Yes,Yes,5,PayPal,Quarterly
1674,65,Male,Handbag,Accessories,68,Oregon,M,Turquoise,Fall,2.6,No,Next Day Air,Yes,Yes,8,Debit Card,Annually
1675,56,Female,Pants,Clothing,76,Delaware,M,Blue,Winter,3.5,Yes,Next Day Air,No,No,10,Cash,Monthly
1676,56,Female,Belt,Accessories,84,Iowa,L,Silver,Fall,3.5,No,Standard,No,No,23,Bank Transfer,Monthly
1677,70,Female,Pants,Clothing,81,Kansas,XL,Blue,Winter,3.2,No,Express,No,No,15,Venmo,Every 3 Months
1678,33,Male,Hat,Accessories,83,North Carolina,L,Indigo,Spring,3.3,Yes,2-Day Shipping,Yes,Yes,8,Venmo,Every 3 Months
1679,29,Female,Blouse,Clothing,46,Connecticut,L,Magenta,Fall,3.4,No,Free Shipping,Yes,Yes,6,Venmo,Monthly
1680,33,Male,Dress,Clothing,47,Minnesota,M,Beige,Winter,4.1,No,Free Shipping,No,No,2,Credit Card,Annually
1681,40,Female,Backpack,Accessories,41,North Dakota,XL,Brown,Fall,4.5,No,Express,No,No,30,Bank Transfer,Fortnightly
1682,18,Female,Skirt,Clothing,65,Washington,M,Violet,Summer,4.0,No,Store Pickup,No,No,12,PayPal,Annually
1683,41,Female,Skirt,Clothing,56,Michigan,XL,Peach,Winter,3.2,Yes,Express,Yes,Yes,1,Credit Card,Every 3 Months
1684,36,Male,Shoes,Footwear,76,Wyoming,L,Silver,Winter,4.1,Yes,Express,No,No,19,PayPal,Quarterly
1685,56,Male,Shoes,Footwear,72,New Mexico,S,Orange,Summer,4.0,No,Free Shipping,No,No,11,PayPal,Every 3 Months
1686,49,Male,Sneakers,Footwear,64,Rhode Island,S,Magenta,Fall,1.9,No,Express,No,No,35,Bank Transfer,Weekly
1687,35,Male,Skirt,Clothing,79,Illinois,L,Beige,Winter,4.4,Yes,Standard,No,No,21,PayPal,Monthly
1688,53,Male,Jewelry,Accessories,47,Virginia,L,Olive,Spring,3.8,No,Next Day Air,No,No,7,PayPal,Every 3 Months
1689,55,Female,Sneakers,Footwear,37,Illinois,M,Silver,Spring,3.8,No,2-Day Shipping,No,No,18,PayPal,Quarterly
1690,32,Male,Shorts,Clothing,53,Connecticut,XL,Cyan,Fall,2.7,Yes,Store Pickup,Yes,Yes,7,Debit Card,Monthly
1691,37,Female,Backpack,Accessories,77,Arkansas,M,Maroon,Winter,4.7,Yes,Store Pickup,Yes,Yes,21,Credit Card,Monthly
1692,18,Female,T-shirt,Clothing,94,North Carolina,M,Lavender,Spring,3.9,Yes,2-Day Shipping,No,No,17,Venmo,Bi-Weekly
1693,28,Male,Shoes,Footwear,90,New York,M,Turquoise,Fall,4.1,Yes,Store Pickup,Yes,Yes,6,Credit Card,Monthly
1694,33,Female,Sunglasses,Accessories,54,Georgia,S,Charcoal,Fall,,No,Next Day Air,Yes,Yes,26,Credit Card,Monthly
1695,45,Female,Backpack,Accessories,73,Utah,M,Blue,Winter,4.1,No,Standard,Yes,Yes,12,PayPal,Annually
1696,30,Male,Jewelry,Accessories,35,Indiana,XL,Cyan,Winter,4.1,No,Next Day Air,No,No,5,Credit Card,Annually
1697,36,Male,Blouse,Clothing,89,New Mexico,S,Brown,Spring,3.6,Yes,Free Shipping,No,No,8,Credit Card,Every 3 Months
1698,26,Female,Jeans,Clothing,67,Nebraska,L,Turquoise,Fall,2.9,No,2-Day Shipping,No,No,2,Bank Transfer,Monthly
1699,47,Female,Gloves,Accessories,70,New Jersey,L,Gold,Fall,3.7,No,Next Day Air,Yes,Yes,16,Debit Card,Fortnightly
1700,50,Female,Scarf,Accessories,33,Pennsylvania,S,Indigo,Summer,3.2,Yes,Store Pickup,Yes,Yes,7,Cash,Annually
1701,50,Female,Sunglasses,Accessories,71,Washington,L,Gold,Spring,3.3,Yes,Express,Yes,Yes,10,Bank Transfer,Every 3 Months
1702,44,Female,Sweater,Clothing,88,Oregon,L,Teal,Summer,4.4,No,Next Day Air,Yes,Yes,7,Cash,Annually
1703,21,Male,Backpack,Accessories,62,Virginia,M,Pink,Fall,3.8,No,Store Pickup,Yes,Yes,18,Bank Transfer,Monthly
1704,35,Female,Hoodie,Clothing,57,Utah,M,Magenta,Fall,3.7,No,Standard,Yes,Yes,6,Cash,Monthly
1705,38,Male,Shirt,Clothing,55,Louisiana,M,Silver,Fall,3.0,No,Free Shipping,No,No,13,Bank Transfer,Annually
1706,38,Female,Coat,Outerwear,63,Nevada,M,Black,Fall,3.6,Yes,Standard,No,No,35,Credit Card,Fortnightly
1707,45,Male,Jewelry,Accessories,59,Georgia,M,Pink,Winter,3.7,No,Store Pickup,No,No,18,Debit Card,Quarterly
1708,65,Male,Backpack,Accessories,38,Washington,M,Indigo,Fall,3.2,No,Store Pickup,No,No,7,Cash,Every 3 Months
1709,56,Female,Coat,Outerwear,76,Wisconsin,XL,Indigo,Spring,4.3,No,2-Day Shipping,No,No,6,Bank Transfer,Annually
1710,29,Male,Jeans,Clothing,77,Vermont,L,Brown,Summer,4.3,No,Store Pickup,No,No,10,Credit Card,Every 3 Months
1711,54,Female,Coat,Outerwear,68,Pennsylvania,L,Blue,Spring,3.1,Yes,Store Pickup,No,No,25,Cash,Quarterly
1712,54,Male,Scarf,Accessories,64,Texas,XL,Purple,Winter,,No,Free Shipping,No,No,23,Credit Card,Monthly
1713,32,Female,Sunglasses,Accessories,57,South Carolina,S,Turquoise,Winter,2.6,No,Free Shipping,Yes,Yes,7,Debit Card,Every 3 Months
1714,57,Female,Jeans,Clothing,65,Idaho,M,Violet,Winter,3.9,No,Store Pickup,Yes,Yes,27,Credit Card,Monthly
1715,42,Male,Sweater,Clothing,79,Indiana,L,Gold,Spring,4.2,Yes,Store Pickup,Yes,Yes,22,Cash,Monthly
1716,23,Female,Hoodie,Clothing,71,Nebraska,M,Silver,Fall,3.0,Yes,Next Day Air,No,No,9,Debit Card,Every 3 Months
1717,51,Male,Dress,Clothing,73,Michigan,S,Blue,Spring,3.7,No,2-Day Shipping,No,No,12,Credit Card,Annually
1718,47,Female,Socks,Clothing,67,Oregon,L,Silver,Summer,3.8,No,Free Shipping,Yes,Yes,5,Credit Card,Annually
1719,41,Female,Scarf,Accessories,72,Oregon,S,Orange,Summer,5.0,No,Free Shipping,No,No,5,PayPal,Annually
1720,43,Female,Sunglasses,Accessories,63,Wisconsin,M,Turquoise,Summer,5.0,No,Next Day Air,No,No,13,PayPal,Quarterly
1721,33,Male,Jeans,Clothing,64,South Carolina,M,Black,Summer,3.9,No,Free Shipping,No,No,15,Bank Transfer,Quarterly
1722,53,Male,Gloves,Accessories,69,Alabama,L,Silver,Summer,3.4,No,Standard,No,No,12,Venmo,Annually
1723,43,Female,Jacket,Outerwear,68,Louisiana,M,Magenta,Spring,3.7,No,Express,No,No,7,Credit Card,Annually
1724,46,Female,Jewelry,Accessories,65,Kentucky,S,Orange,Winter,4.4,No,Free Shipping,No,No,14,Debit Card,Every 3 Months
1725,49,Male,Shoes,Footwear,47,New York,L,Olive,Summer,2.6,No,Next Day Air,No,No,15,PayPal,Annually
1726,27,Male,Hat,Accessories,29,Louisiana,XL,Purple,Winter,2.5,No,Free Shipping,No,No,4,Bank Transfer,Quarterly
1727,31,Male,Sweater,Clothing,60,Wisconsin,M,Orange,Spring,3.0,No,Express,Yes,Yes,11,Venmo,Every 3 Months
1728,18,Female,Pants,Clothing,46,Iowa,S,Lavender,Winter,4.2,No,Express,No,No,11,Venmo,Quarterly
1729,52,Male,Coat,Outerwear,100,Michigan,M,Lavender,Fall,4.1,No,Free Shipping,No,No,17,Credit Card,Monthly
1730,26,Male,Sunglasses,Accessories,51,South Dakota,M,Black,Spring,4.0,Yes,Next Day Air,No,No,2,Cash,Every 3 Months
1731,46,Female,Shoes,Footwear,73,Maine,M,Red,Winter,4.3,No,Store Pickup,Yes,Yes,5,Bank Transfer,Monthly
1732,50,Male,Coat,Outerwear,57,Arizona,S,Purple,Fall,3.5,No,2-Day Shipping,Yes,Yes,26,Debit Card,Bi-Weekly
1733,53,Female,Jeans,Clothing,58,Kentucky,M,Orange,Fall,3.5,No,Free Shipping,No,No,5,Debit Card,Quarterly
1734,26,Male,Blouse,Clothing,41,Louisiana,M,Red,Winter,3.9,No,Express,No,No,3,Bank Transfer,Annually
1735,43,Female,Hat,Accessories,38,New Mexico,M,Gold,Winter,4.8,No,Next Day Air,No,No,21,Venmo,Fortnightly
1736,69,Female,Pants,Clothing,63,Oklahoma,L,Cyan,Spring,3.9,No,2-Day Shipping,Yes,Yes,11,Cash,Annually
1737,70,Female,Sunglasses,Accessories,51,Nevada,M,White,Summer,3.7,No,Express,No,No,16,PayPal,Quarterly
1738,59,Male,Sneakers,Footwear,79,Massachusetts,M,White,Spring,3.9,Yes,Standard,Yes,Yes,16,Credit Card,Quarterly
1739,49,Male,Jewelry,Accessories,78,Montana,S,Turquoise,Spring,4.6,No,Free Shipping,No,No,17,Venmo,Bi-Weekly
1740,29,Female,T-shirt,Clothing,33,Delaware,L,Black,Spring,3.5,No,Next Day Air,No,No,23,PayPal,Monthly
1741,55,Male,Belt,Accessories,74,Georgia,S,Olive,Fall,3.5,No,2-Day Shipping,No,No,8,Credit Card,Every 3 Months
1742,42,Male,Shirt,Clothing,43,New Mexico,M,Red,Fall,3.4,No,Next Day Air,Yes,Yes,11,Bank Transfer,Annually
1743,52,Male,Shoes,Footwear,61,Utah,L,Beige,Spring,4.1,Yes,Next Day Air,Yes,Yes,15,Cash,Every 3 Months
1744,35,Female,Socks,Clothing,36,Nebraska,L,Yellow,Summer,,No,Next Day Air,No,No,11,Credit Card,Monthly
1745,41,Female,Sneakers,Footwear,44,Arkansas,L,Silver,Spring,4.0,Yes,Store Pickup,Yes,Yes,24,Debit Card,Quarterly
1746,46,Female,Sunglasses,Accessories,26,Wyoming,M,Gray,Spring,2.9,No,2-Day Shipping,Yes,Yes,22,Bank Transfer,Fortnightly
1747,48,Female,Shirt,Clothing,52,Kentucky,M,Maroon,Spring,3.5,No,Standard,No,No,20,Credit Card,Monthly
1748,51,Male,Hat,Accessories,58,Pennsylvania,M,Violet,Fall,3.7,No,Next Day Air,No,No,13,Debit Card,Annually
1749,35,Male,Socks,Clothing,58,Vermont,M,Turquoise,Spring,4.8,Yes,2-Day Shipping,No,No,18,Venmo,Monthly
1750,24,Male,Jewelry,Accessories,28,Wyoming,M,Teal,Winter,4.3,No,Standard,No,No,24,Debit Card,Monthly
1751,68,Female,Sandals,Footwear,29,Colorado,M,Yellow,Winter,3.4,No,Store Pickup,Yes,Yes,12,Bank Transfer,Quarterly
1752,70,Male,Sandals,Footwear,60,Georgia,S,Red,Winter,3.3,No,Express,Yes,Yes,15,Cash,Annually
1753,51,Female,Shorts,Clothing,71,North Carolina,XL,White,Winter,3.3,No,Free Shipping,No,No,10,Venmo,Annually
1754,24,Female,Handbag,Accessories,61,Rhode Island,S,White,Winter,3.1,No,Standard,Yes,Yes,7,Cash,Annually
1755,32,Male,Sandals,Footwear,96,Tennessee,M,Beige,Winter,4.6,Yes,Express,No,No,10,PayPal,Annually
1756,52,Female,Shoes,Footwear,65,Nevada,XL,Pink,Winter,3.2,Yes,Free Shipping,Yes,Yes,3,Credit Card,Annually
1757,64,Male,T-shirt,Clothing,69,Delaware,L,Green,Spring,4.7,Yes,Store Pickup,Yes,Yes,16,PayPal,Quarterly
1758,26,Female,Jeans,Clothing,64,Oklahoma,M,Maroon,Fall,3.8,Yes,Next Day Air,No,No,5,Venmo,Monthly
1759,42,Female,Jacket,Outerwear,55,North Dakota,L,Charcoal,Summer,3.6,No,2-Day Shipping,No,No,14,Cash,Every 3 Months
1760,47,Female,Skirt,Clothing,55,Mississippi,S,Pink,Winter,3.8,No,Free Shipping,No,No,6,Venmo,Annually
1761,57,Male,Pants,Clothing,77,New York,L,Teal,Spring,4.4,Yes,Next Day Air,Yes,Yes,20,Venmo,Fortnightly
1762,39,Male,Gloves,Accessories,77,Hawaii,M,Lavender,Summer,3.2,Yes,Express,Yes,Yes,24,Debit Card,Quarterly
1763,21,Male,T-shirt,Clothing,64,South Dakota,XL,Purple,Summer,4.0,No,Store Pickup,No,No,3,Bank Transfer,Annually
1764,53,Male,Sneakers,Footwear,85,Arizona,M,Green,Winter,3.6,No,Store Pickup,No,No,24,Cash,Monthly
1765,61,Male,Socks,Clothing,65,Tennessee,L,Red,Summer,3.9,No,Store Pickup,No,No,9,Venmo,Monthly
1766,43,Male,Handbag,Accessories,62,Tennessee,M,Blue,Winter,3.6,No,2-Day Shipping,No,No,8,Debit Card,Annually
1767,50,Female,Jacket,Outerwear,92,Ohio,S,Violet,Summer,3.4,No,Next Day Air,No,No,5,Venmo,Annually
1768,37,Male,Coat,Outerwear,57,South Dakota,M,Indigo,Fall,3.9,No,Store Pickup,No,No,13,Cash,Quarterly
1769,31,Male,Coat,Outerwear,91,Virginia,L,Maroon,Fall,2.8,No,Free Shipping,No,No,17,Cash,Monthly
1770,59,Female,Sandals,Footwear,44,Florida,M,Teal,Summer,4.5,No,Store Pickup,Yes,Yes,12,Venmo,Every 3 Months
1771,50,Female,Sweater,Clothing,54,Nevada,XL,Beige,Summer,3.8,No,Express,No,No,23,Bank Transfer,Fortnightly
1772,51,Female,Coat,Outerwear,39,North Carolina,M,White,Summer,3.3,No,Store Pickup,Yes,Yes,27,PayPal,Quarterly
1773,67,Female,Jacket,Outerwear,72,West Virginia,L,Peach,Fall,3.8,No,Store Pickup,Yes,Yes,21,Bank Transfer,Monthly
1774,28,Female,Backpack,Accessories,78,Oregon,M,Yellow,Summer,3.3,No,Express,Yes,Yes,21,Bank Transfer,Monthly
1775,36,Female,Blouse,Clothing,49,New Jersey,M,Olive,Winter,3.7,Yes,2-Day Shipping,Yes,Yes,25,Debit Card,Monthly
1776,46,Male,Shirt,Clothing,53,Nevada,L,Cyan,Spring,3.8,No,Free Shipping,No,No,14,Debit Card,Annually
1777,36,Female,Sunglasses,Accessories,53,Delaware,L,Orange,Spring,4.5,No,2-Day Shipping,Yes,Yes,12,Cash,Quarterly
1778,56,Male,Sunglasses,Accessories,54,Kansas,M,Orange,Spring,3.9,No,Store Pickup,No,No,14,Debit Card,Every 3 Months
1779,41,Male,Hoodie,Clothing,41,Michigan,M,White,Winter,3.0,No,Next Day Air,No,No,7,Credit Card,Every 3 Months
1780,29,Male,Pants,Clothing,59,Vermont,M,Orange,Summer,4.0,No,Standard,Yes,Yes,25,Cash,Fortnightly
1781,45,Male,Sunglasses,Accessories,82,Utah,M,Lavender,Spring,4.2,No,Free Shipping,Yes,Yes,25,Bank Transfer,Quarterly
1782,47,Female,Shirt,Clothing,50,North Carolina,S,Charcoal,Spring,2.7,No,Store Pickup,Yes,Yes,8,Debit Card,Annually
1783,58,Male,Jacket,Outerwear,78,Colorado,S,Green,Winter,2.9,Yes,2-Day Shipping,No,No,23,Cash,Monthly
1784,50,Male,Skirt,Clothing,68,Oregon,M,Orange,Winter,4.9,Yes,2-Day Shipping,No,No,6,Credit Card,Quarterly
1785,51,Male,Jeans,Clothing,52,Minnesota,XL,Indigo,Summer,3.5,No,Store Pickup,Yes,Yes,8,Venmo,Every 3 Months
1786,49,Female,Socks,Clothing,62,North Carolina,S,Indigo,Fall,3.5,No,Next Day Air,Yes,Yes,9,Cash,Annually
1787,41,Male,Sandals,Footwear,54,Michigan,M,Beige,Summer,3.6,No,Express,Yes,Yes,6,Debit Card,Every 3 Months
1788,33,Female,Sneakers,Footwear,67,Oregon,M,White,Winter,3.3,No,Next Day Air,No,No,28,Cash,Fortnightly
1789,48,Female,Pants,Clothing,63,Hawaii,M,Teal,Fall,2.6,Yes,Express,No,No,19,PayPal,Fortnightly
1790,39,Male,Dress,Clothing,36,Delaware,L,Gold,Summer,3.0,No,Free Shipping,No,No,5,Credit Card,Every 3 Months
1791,69,Female,Handbag,Accessories,28,Hawaii,L,Brown,Winter,3.4,No,2-Day Shipping,No,No,21,Debit Card,Monthly
1792,64,Male,Hoodie,Clothing,24,Washington,L,Teal,Spring,,No,Next Day Air,Yes,Yes,14,Credit Card,Monthly
1793,53,Male,Sunglasses,Accessories,50,Arkansas,L,Teal,Winter,3.3,No,Free Shipping,No,No,14,Debit Card,Annually
1794,50,Female,Pants,Clothing,71,Iowa,S,Violet,Summer,2.8,No,Express,No,No,25,Bank Transfer,Monthly
1795,43,Female,Jewelry,Accessories,45,Louisiana,M,Olive,Winter,3.4,No,2-Day Shipping,No,No,13,Credit Card,Annually
1796,25,Male,Hoodie,Clothing,54,Tennessee,M,Red,Winter,4.4,No,Store Pickup,No,No,10,Bank Transfer,Quarterly
1797,41,Female,Gloves,Accessories,53,Louisiana,XL,Red,Fall,3.3,Yes,Store Pickup,Yes,Yes,24,PayPal,Fortnightly
1798,46,Male,Hoodie,Clothing,51,Vermont,L,Cyan,Spring,3.6,Yes,2-Day Shipping,No,No,4,Cash,Annually
1799,47,Female,Socks,Clothing,99,Wyoming,S,Olive,Winter,4.6,Yes,Next Day Air,Yes,Yes,20,Debit Card,Monthly
1800,51,Female,Dress,Clothing,45,North Carolina,M,Gold,Fall,3.3,No,Store Pickup,Yes,Yes,9,Credit Card,Annually
1801,58,Female,Blouse,Clothing,36,Louisiana,M,Red,Winter,5.0,No,Next Day Air,No,No,17,Credit Card,Monthly
1802,34,Female,Dress,Clothing,44,New Jersey,XL,Yellow,Spring,4.2,No,Free Shipping,Yes,Yes,20,Cash,Quarterly
1803,34,Male,Coat,Outerwear,69,North Dakota,S,Black,Spring,3.6,No,Store Pickup,Yes,Yes,18,PayPal,Bi-Weekly
1804,66,Female,Pants,Clothing,55,Colorado,M,Black,Summer,3.6,Yes,Express,Yes,Yes,4,Bank Transfer,Quarterly
1805,56,Female,Jeans,Clothing,69,Tennessee,M,Gold,Summer,4.5,Yes,Free Shipping,Yes,Yes,18,Credit Card,Quarterly
1806,38,Female,Pants,Clothing,46,Michigan,L,Blue,Spring,3.3,No,Next Day Air,No,No,14,Venmo,Quarterly
1807,42,Male,Scarf,Accessories,48,Texas,L,Beige,Spring,3.5,No,Express,No,No,20,Credit Card,Monthly
1808,42,Male,Jacket,Outerwear,57,New Mexico,M,Yellow,Summer,4.6,No,Next Day Air,No,No,16,Venmo,Bi-Weekly
1809,44,Male,Sneakers,Footwear,59,Utah,L,Orange,Winter,3.4,No,Store Pickup,Yes,Yes,5,Credit Card,Every 3 Months
1810,51,Male,Scarf,Accessories,68,California,S,Silver,Spring,3.5,No,2-Day Shipping,No,No,12,Venmo,Every 3 Months
1811,70,Male,Sandals,Footwear,73,Arizona,L,Orange,Spring,3.3,No,Express,Yes,Yes,18,Venmo,Fortnightly
1812,47,Male,T-shirt,Clothing,81,Colorado,M,Red,Winter,2.5,No,Express,Yes,Yes,24,Venmo,Monthly
1813,54,Female,Sandals,Footwear,39,Utah,M,Purple,Spring,4.3,No,Free Shipping,No,No,4,PayPal,Every 3 Months
1814,19,Male,Sandals,Footwear,49,Wyoming,M,Charcoal,Spring,3.6,Yes,2-Day Shipping,Yes,Yes,11,PayPal,Quarterly
1815,37,Female,Shorts,Clothing,43,Wyoming,M,Brown,Winter,4.3,No,Next Day Air,Yes,Yes,6,Bank Transfer,Quarterly
1816,62,Male,Sunglasses,Accessories,57,Kentucky,M,Maroon,Summer,3.6,No,Express,No,No,23,Cash,Monthly
1817,50,Female,Socks,Clothing,47,Indiana,M,Indigo,Summer,3.4,Yes,Store Pickup,No,No,10,Venmo,Every 3 Months
1818,18,Male,Shirt,Clothing,53,Louisiana,S,Turquoise,Spring,3.3,Yes,Next Day Air,No,No,19,Venmo,Bi-Weekly
1819,54,Male,Sandals,Footwear,71,South Dakota,M,Gray,Summer,4.1,No,Express,No,No,10,Venmo,Quarterly
1820,70,Female,Jeans,Clothing,81,Illinois,L,Green,Winter,3.2,Yes,Next Day Air,Yes,Yes,3,Credit Card,Annually
1821,18,Female,Sunglasses,Accessories,68,Nevada,M,Olive,Winter,4.0,No,Next Day Air,No,No,10,Cash,Every 3 Months
1822,67,Male,Jacket,Outerwear,73,North Carolina,M,Charcoal,Fall,3.6,No,Store Pickup,No,No,14,PayPal,Quarterly
1823,18,Male,Scarf,Accessories,46,Maine,L,Turquoise,Fall,3.1,No,2-Day Shipping,No,No,10,PayPal,Every 3 Months
1824,58,Female,Jeans,Clothing,64,Mississippi,M,Beige,Fall,3.4,Yes,Standard,No,No,30,Bank Transfer,Monthly
1825,44,Female,Belt,Accessories,75,North Dakota,L,Turquoise,Fall,3.8,No,Store Pickup,Yes,Yes,17,Cash,Bi-Weekly
1826,18,Male,Shoes,Footwear,71,South Carolina,M,Peach,Fall,3.5,No,Express,No,No,19,Venmo,Monthly
1827,51,Male,Shorts,Clothing,78,Georgia,XL,Violet,Spring,4.8,Yes,Store Pickup,Yes,Yes,4,PayPal,Every 3 Months
1828,61,Male,Dress,Clothing,73,Montana,L,Gray,Winter,3.8,No,Free Shipping,Yes,Yes,8,PayPal,Annually
1829,49,Female,Backpack,Accessories,58,Delaware,M,Violet,Winter,3.6,Yes,Free Shipping,Yes,Yes,8,Debit Card,Every 3 Months
1830,53,Male,Coat,Outerwear,78,Alabama,M,Turquoise,Spring,3.4,No,2-Day Shipping,Yes,Yes,21,Debit Card,Fortnightly
1831,38,Male,Hoodie,Clothing,52,North Carolina,L,Magenta,Spring,3.6,No,2-Day Shipping,No,No,3,Cash,Every 3 Months
1832,18,Female,Jeans,Clothing,68,Missouri,L,Gray,Winter,3.3,No,Standard,No,No,9,PayPal,Quarterly
1833,54,Male,Coat,Outerwear,88,Illinois,M,Charcoal,Spring,3.1,No,Standard,No,No,4,Credit Card,Annually
1834,70,Male,Dress,Clothing,83,Arizona,M,Brown,Winter,4.1,No,Standard,No,No,7,PayPal,Quarterly
1835,61,Male,T-shirt,Clothing,68,West Virginia,S,Orange,Winter,4.6,No,2-Day Shipping,No,No,8,PayPal,Annually
1836,18,Male,Backpack,Accessories,63,Tennessee,L,Yellow,Spring,3.5,No,Free Shipping,Yes,Yes,21,Credit Card,Monthly
1837,21,Male,Shirt,Clothing,86,Washington,L,Orange,Winter,4.0,Yes,Free Shipping,No,No,28,Debit Card,Monthly
1838,31,Male,Shorts,Clothing,44,Colorado,M,Yellow,Spring,3.3,No,Store Pickup,No,No,12,Venmo,Quarterly
1839,20,Female,Hat,Accessories,80,Alabama,M,Red,Summer,3.8,No,2-Day Shipping,Yes,Yes,18,Venmo,Monthly
1840,45,Female,Sunglasses,Accessories,59,Hawaii,L,Purple,Fall,3.0,No,Free Shipping,No,No,19,Credit Card,Monthly
1841,50,Male,Belt,Accessories,59,Colorado,XL,Red,Fall,3.2,No,Standard,No,No,30,Debit Card,Quarterly
1842,23,Female,Shirt,Clothing,51,Minnesota,M,White,Spring,3.2,No,Standard,No,No,33,Venmo,Quarterly
1843,56,Male,Sunglasses,Accessories,44,North Carolina,M,Turquoise,Spring,3.7,Yes,Standard,Yes,Yes,10,Cash,Every 3 Months
1844,53,Female,Handbag,Accessories,81,Georgia,M,Charcoal,Summer,3.0,No,Express,No,No,3,PayPal,Every 3 Months
1845,36,Male,Shoes,Footwear,66,Maryland,L,Orange,Fall,2.3,No,Standard,No,No,6,Cash,Monthly
1846,41,Female,Sandals,Footwear,60,Nebraska,S,Magenta,Summer,2.8,Yes,Store Pickup,No,No,5,PayPal,Every 3 Months
1847,18,Male,Belt,Accessories,69,Kansas,M,Turquoise,Summer,3.6,Yes,Free Shipping,No,No,11,Cash,Annually
1848,39,Female,Boots,Footwear,55,Mississippi,L,Cyan,Spring,3.2,No,Free Shipping,Yes,Yes,9,Credit Card,Every 3 Months
1849,44,Male,Sandals,Footwear,33,New Jersey,M,Teal,Winter,3.3,No,Store Pickup,No,No,9,Bank Transfer,Every 3 Months
1850,47,Female,Sweater,Clothing,55,West Virginia,S,Magenta,Fall,3.9,No,Standard,No,No,16,Venmo,Fortnightly
1851,50,Male,Jacket,Outerwear,51,Kansas,M,White,Winter,3.1,Yes,Express,Yes,Yes,5,Debit Card,Quarterly
1852,48,Female,Sandals,Footwear,70,California,S,Silver,Summer,3.6,Yes,Free Shipping,No,No,19,Bank Transfer,Bi-Weekly
1853,40,Male,Shorts,Clothing,83,Utah,M,Green,Winter,5.0,No,Free Shipping,No,No,13,Bank Transfer,Every 3 Months
1854,48,Female,T-shirt,Clothing,48,New Hampshire,M,Turquoise,Fall,3.5,No,2-Day Shipping,No,No,3,Credit Card,Annually
1855,59,Female,Sunglasses,Accessories,70,Mississippi,S,Charcoal,Fall,3.6,No,Store Pickup,No,No,15,Debit Card,Annually
1856,43,Female,Pants,Clothing,48,Oregon,S,Beige,Summer,3.9,No,2-Day Shipping,No,No,7,Debit Card,Every 3 Months
1857,49,Male,Scarf,Accessories,63,Wyoming,L,Maroon,Fall,3.3,Yes,Free Shipping,Yes,Yes,32,PayPal,Quarterly
1858,41,Male,Scarf,Accessories,43,Connecticut,L,Indigo,Summer,3.4,No,Store Pickup,No,No,11,PayPal,Every 3 Months
1859,34,Male,Socks,Clothing,68,Utah,S,Brown,Fall,3.6,No,Express,No,No,34,Cash,Weekly
1860,52,Male,Pants,Clothing,86,New York,L,Yellow,Summer,3.8,Yes,Standard,No,No,23,PayPal,Fortnightly
1861,36,Female,Sneakers,Footwear,63,New Jersey,S,Beige,Winter,3.1,No,Standard,Yes,Yes,22,Venmo,Monthly
1862,50,Female,Socks,Clothing,67,Utah,L,Orange,Winter,4.0,No,Free Shipping,No,No,5,PayPal,Quarterly
1863,44,Female,Hat,Accessories,66,Kansas,L,Gold,Summer,4.7,No,Store Pickup,Yes,Yes,16,Credit Card,Bi-Weekly
1864,39,Male,Sweater,Clothing,54,South Carolina,M,Gray,Summer,2.6,No,Express,No,No,9,PayPal,Annually
1865,39,Female,Scarf,Accessories,78,New Hampshire,M,Cyan,Winter,4.0,No,Standard,No,No,10,Cash,Every 3 Months
1866,36,Female,Sunglasses,Accessories,49,Washington,M,Indigo,Fall,3.7,No,Free Shipping,No,No,17,Bank Transfer,Quarterly
1867,19,Female,Pants,Clothing,33,Mississippi,M,Pink,Spring,3.5,No,Next Day Air,No,No,28,PayPal,Monthly
1868,50,Male,Belt,Accessories,42,Oregon,M,Green,Winter,3.9,No,Express,Yes,Yes,25,Debit Card,Bi-Weekly
1869,47,Male,Handbag,Accessories,67,Missouri,S,Red,Fall,4.6,No,Store Pickup,No,No,13,Debit Card,Monthly
1870,57,Female,Hoodie,Clothing,52,Maryland,L,Magenta,Fall,3.9,No,Standard,Yes,Yes,9,Bank Transfer,Annually
1871,36,Male,Socks,Clothing,59,Maine,M,Silver,Winter,4.3,No,Express,Yes,Yes,12,Debit Card,Every 3 Months
1872,70,Male,Gloves,Accessories,59,Washington,M,Magenta,Spring,3.7,Yes,Express,Yes,Yes,32,Bank Transfer,Fortnightly
1873,38,Female,Backpack,Accessories,66,Tennessee,M,Indigo,Winter,4.0,Yes,Next Day Air,No,No,11,Venmo,Monthly
1874,31,Female,Jewelry,Accessories,74,Idaho,L,Maroon,Spring,3.4,No,Store Pickup,No,No,11,Venmo,Annually
1875,29,Female,Sandals,Footwear,90,Utah,M,Purple,Winter,3.7,Yes,Next Day Air,No,No,11,Cash,Every 3 Months
1876,18,Female,Socks,Clothing,42,New Jersey,M,Magenta,Fall,3.5,No,Free Shipping,No,No,10,Cash,Every 3 Months
1877,67,Male,Shorts,Clothing,73,Colorado,L,Violet,Fall,3.8,No,Free Shipping,No,No,5,Debit Card,Annually
1878,65,Male,Jewelry,Accessories,60,Rhode Island,S,Maroon,Fall,2.8,No,Standard,No,No,9,PayPal,Quarterly
1879,53,Male,Backpack,Accessories,37,Florida,M,Gray,Summer,3.1,No,Next Day Air,No,No,18,Venmo,Monthly
1880,31,Female,Shoes,Footwear,68,Utah,M,Beige,Winter,4.4,No,Express,No,No,15,PayPal,Annually
1881,70,Male,Hoodie,Clothing,88,Minnesota,M,Indigo,Spring,4.5,No,Standard,No,No,19,Bank Transfer,Bi-Weekly
1882,39,Female,Gloves,Accessories,45,Virginia,XL,Black,Fall,,No,Express,No,No,15,PayPal,Quarterly
1883,40,Male,Gloves,Accessories,59,Missouri,M,Beige,Winter,3.4,Yes,Standard,No,No,17,PayPal,Quarterly
1884,66,Female,Sweater,Clothing,38,California,M,Indigo,Spring,3.3,Yes,Next Day Air,No,No,14,Credit Card,Every 3 Months
1885,54,Male,Sunglasses,Accessories,55,Rhode Island,S,Gray,Fall,3.9,No,Free Shipping,No,No,14,Credit Card,Annually
1886,70,Male,Sunglasses,Accessories,60,Oregon,XL,Violet,Winter,3.7,No,Standard,No,No,16,PayPal,Quarterly
1887,48,Male,Skirt,Clothing,90,Kansas,L,Red,Fall,4.1,No,Standard,Yes,Yes,21,Bank Transfer,Monthly
1888,38,Male,Skirt,Clothing,43,Hawaii,S,Silver,Fall,2.9,No,Next Day Air,No,No,40,Venmo,Fortnightly
1889,35,Female,T-shirt,Clothing,73,Utah,M,Olive,Spring,3.9,No,Express,No,No,6,Credit Card,Annually
1890,18,Male,Boots,Footwear,65,Rhode Island,S,Blue,Winter,3.4,No,Free Shipping,No,No,20,Cash,Monthly
1891,40,Male,Hoodie,Clothing,94,Iowa,L,Turquoise,Winter,3.3,No,Store Pickup,No,No,23,Credit Card,Monthly
1892,61,Female,Blouse,Clothing,61,Oklahoma,M,Maroon,Winter,4.0,No,Next Day Air,Yes,Yes,20,Debit Card,Bi-Weekly
1893,53,Female,Pants,Clothing,63,Illinois,S,Lavender,Spring,,Yes,Express,Yes,Yes,2,Cash,Quarterly
1894,44,Male,T-shirt,Clothing,72,Georgia,M,Peach,Summer,3.6,No,Express,Yes,Yes,14,Cash,Every 3 Months
1895,29,Male,Socks,Clothing,66,North Dakota,XL,Charcoal,Winter,4.5,No,Express,No,No,8,Cash,Annually
1896,47,Male,Jewelry,Accessories,72,Tennessee,M,Maroon,Fall,3.8,No,Free Shipping,No,No,6,Credit Card,Annually
1897,59,Female,Hoodie,Clothing,67,Virginia,S,Peach,Winter,4.9,No,Next Day Air,No,No,19,Debit Card,Monthly
1898,50,Male,Shorts,Clothing,34,Mississippi,XL,Purple,Fall,2.3,No,Express,No,No,20,PayPal,Quarterly
1899,47,Male,Sweater,Clothing,66,Delaware,S,Maroon,Fall,3.7,No,Next Day Air,Yes,Yes,14,Debit Card,Every 3 Months
1900,32,Male,Shirt,Clothing,66,Nevada,M,Yellow,Summer,3.0,No,2-Day Shipping,No,No,4,Debit Card,Annually
1901,57,Female,Jeans,Clothing,46,Ohio,M,Yellow,Winter,3.1,No,Express,No,No,10,PayPal,Monthly
1902,18,Male,Gloves,Accessories,62,Wisconsin,M,Blue,Fall,3.4,No,2-Day Shipping,No,No,11,Bank Transfer,Annually
1903,50,Female,Sunglasses,Accessories,28,Colorado,M,Blue,Winter,4.3,No,2-Day Shipping,Yes,Yes,12,Bank Transfer,Annually
1904,70,Male,Sunglasses,Accessories,61,North Carolina,S,Maroon,Spring,3.5,No,Free Shipping,Yes,Yes,37,Venmo,Fortnightly
1905,21,Female,Skirt,Clothing,69,Montana,S,Teal,Summer,3.0,No,Store Pickup,No,No,14,Bank Transfer,Every 3 Months
1906,40,Male,Shoes,Footwear,75,New Jersey,M,Maroon,Spring,4.0,No,2-Day Shipping,No,No,4,Bank Transfer,Annually
1907,44,Male,Hat,Accessories,68,California,L,Cyan,Fall,3.0,No,Free Shipping,No,No,15,Venmo,Quarterly
1908,37,Male,Sweater,Clothing,44,Alabama,S,Orange,Fall,4.7,No,Free Shipping,No,No,24,Cash,Monthly
1909,60,Female,Dress,Clothing,35,New Mexico,L,White,Summer,2.9,No,Standard,No,No,16,Credit Card,Monthly
1910,51,Female,Boots,Footwear,75,Georgia,M,Charcoal,Summer,3.5,No,Store Pickup,No,No,17,Bank Transfer,Quarterly
1911,46,Male,Blouse,Clothing,64,New Mexico,S,Magenta,Fall,4.9,No,Next Day Air,Yes,Yes,11,Cash,Monthly
1912,56,Male,Hoodie,Clothing,66,Alaska,M,Peach,Winter,3.5,No,Next Day Air,No,No,20,Venmo,Quarterly
1913,44,Female,Sunglasses,Accessories,84,South Dakota,M,Indigo,Summer,4.0,No,Express,Yes,Yes,12,Bank Transfer,Every 3 Months
1914,70,Male,Jeans,Clothing,32,Kentucky,M,Black,Summer,3.6,No,Standard,Yes,Yes,6,Bank Transfer,Quarterly
1915,46,Male,Jacket,Outerwear,97,Minnesota,M,Pink,Spring,3.6,No,Store Pickup,Yes,Yes,16,Venmo,Quarterly
1916,47,Male,Shirt,Clothing,49,Louisiana,L,Red,Winter,3.2,No,Store Pickup,Yes,Yes,2,Credit Card,Quarterly
1917,18,Female,Dress,Clothing,71,Massachusetts,XL,Pink,Winter,4.0,No,2-Day Shipping,Yes,Yes,24,PayPal,Bi-Weekly
1918,36,Female,Shorts,Clothing,58,Nebraska,M,Pink,Fall,4.5,No,2-Day Shipping,No,No,11,Venmo,Annually
1919,61,Female,Skirt,Clothing,52,North Carolina,XL,Pink,Winter,2.5,No,Express,No,No,11,PayPal,Annually
1920,24,Female,Sneakers,Footwear,36,Ohio,M,Green,Winter,3.1,No,Standard,No,No,21,Debit Card,Bi-Weekly
1921,18,Male,Sneakers,Footwear,55,Wyoming,S,Beige,Winter,3.3,Yes,Free Shipping,Yes,Yes,15,Credit Card,Every 3 Months
1922,44,Male,Boots,Footwear,67,Florida,M,Yellow,Summer,3.1,No,Next Day Air,No,No,5,Cash,Monthly
1923,65,Male,Hat,Accessories,63,Utah,L,Cyan,Spring,4.1,No,Express,No,No,12,Bank Transfer,Quarterly
1924,45,Male,Hat,Accessories,72,New Mexico,L,Teal,Winter,3.4,No,Express,Yes,Yes,10,Cash,Every 3 Months
1925,39,Male,Hoodie,Clothing,53,Kansas,XL,Olive,Spring,3.7,Yes,Express,No,No,9,PayPal,Annually
1926,18,Male,Shorts,Clothing,76,Virginia,L,Olive,Summer,4.6,Yes,Standard,No,No,6,Cash,Quarterly
1927,51,Male,Boots,Footwear,61,Oklahoma,M,Beige,Fall,2.6,No,Store Pickup,No,No,20,PayPal,Monthly
1928,54,Female,Backpack,Accessories,67,Georgia,XL,Yellow,Winter,3.9,No,2-Day Shipping,No,No,32,Bank Transfer,Monthly
1929,18,Male,Gloves,Accessories,71,Florida,XL,Olive,Fall,3.7,Yes,Express,Yes,Yes,23,PayPal,Monthly
1930,61,Male,Scarf,Accessories,55,North Carolina,L,Teal,Summer,3.7,Yes,2-Day Shipping,Yes,Yes,24,Bank Transfer,Quarterly
1931,55,Female,Shoes,Footwear,64,Oregon,M,Silver,Winter,3.1,No,Standard,No,No,4,Credit Card,Quarterly
1932,61,Female,Sweater,Clothing,65,Arizona,L,Brown,Spring,3.5,No,Standard,No,No,2,Debit Card,Monthly
1933,53,Female,Handbag,Accessories,70,New York,M,White,Spring,3.7,No,Next Day Air,No,No,10,Bank Transfer,Quarterly
1934,54,Female,Handbag,Accessories,81,Nebraska,XL,Orange,Fall,3.6,No,Store Pickup,Yes,Yes,15,Credit Card,Annually
1935,52,Female,Shoes,Footwear,50,Wisconsin,XL,Charcoal,Summer,4.1,No,2-Day Shipping,Yes,Yes,31,Bank Transfer,Monthly
1936,57,Male,Shirt,Clothing,39,Pennsylvania,L,Orange,Summer,3.0,No,Free Shipping,No,No,5,Cash,Every 3 Months
1937,18,Male,Shirt,Clothing,85,Virginia,M,Peach,Summer,2.9,Yes,Next Day Air,No,No,10,Debit Card,Every 3 Months
1938,21,Female,Hat,Accessories,36,Alaska,S,Pink,Summer,2.5,No,2-Day Shipping,Yes,Yes,20,Cash,Quarterly
1939,33,Male,Sneakers,Footwear,83,Rhode Island,XL,Green,Winter,3.7,Yes,Next Day Air,Yes,Yes,5,Bank Transfer,Every 3 Months
1940,42,Male,Coat,Outerwear,53,Kentucky,L,White,Summer,4.1,No,Free Shipping,No,No,8,Venmo,Every 3 Months
1941,50,Male,Hat,Accessories,53,Nevada,L,Cyan,Fall,3.0,Yes,Free Shipping,Yes,Yes,10,Cash,Quarterly
1942,49,Male,Skirt,Clothing,63,Utah,XL,Maroon,Spring,2.9,Yes,Store Pickup,Yes,Yes,9,PayPal,Quarterly
1943,61,Male,Sweater,Clothing,35,Utah,M,Teal,Winter,4.8,No,Express,Yes,Yes,24,Bank Transfer,Monthly
1944,61,Male,Jewelry,Accessories,41,Idaho,L,Black,Winter,4.5,No,Express,No,No,8,Debit Card,Annually
1945,31,Female,Jeans,Clothing,31,Illinois,S,Lavender,Spring,4.5,No,Free Shipping,Yes,Yes,21,PayPal,Quarterly
1946,48,Female,Backpack,Accessories,68,Oregon,M,Magenta,Fall,4.0,No,Next Day Air,Yes,Yes,17,Cash,Quarterly
1947,31,Male,Sandals,Footwear,60,Utah,M,Silver,Fall,4.1,No,2-Day Shipping,No,No,6,Credit Card,Annually
1948,41,Female,Blouse,Clothing,58,New Mexico,M,Silver,Spring,3.5,No,Next Day Air,No,No,7,Credit Card,Every 3 Months
1949,49,Male,Jeans,Clothing,63,Arizona,M,Silver,Winter,2.8,Yes,Standard,No,No,6,Cash,Quarterly
1950,18,Female,Dress,Clothing,58,Florida,L,Green,Winter,2.9,No,Free Shipping,No,No,3,PayPal,Every 3 Months
1951,70,Female,Hoodie,Clothing,56,Pennsylvania,S,Maroon,Winter,3.7,Yes,Next Day Air,No,No,15,Credit Card,Every 3 Months
1952,52,Male,Handbag,Accessories,78,Pennsylvania,L,Beige,Fall,4.3,Yes,Express,No,No,14,PayPal,Every 3 Months
1953,35,Female,T-shirt,Clothing,30,Vermont,S,Teal,Fall,3.6,No,2-Day Shipping,Yes,Yes,29,Bank Transfer,Fortnightly
1954,70,Female,Shirt,Clothing,35,Nebraska,L,Gray,Fall,4.1,No,Express,Yes,Yes,3,Bank Transfer,Quarterly
1955,39,Female,Shirt,Clothing,86,Michigan,M,Magenta,Winter,3.6,Yes,Store Pickup,No,No,11,PayPal,Annually
1956,46,Female,Blouse,Clothing,62,Colorado,L,Purple,Fall,3.9,No,Next Day Air,Yes,Yes,12,Debit Card,Every 3 Months
1957,37,Female,Jewelry,Accessories,25,South Carolina,M,Silver,Fall,4.2,No,Standard,Yes,Yes,16,Credit Card,Fortnightly
1958,69,Male,Scarf,Accessories,68,West Virginia,M,Blue,Spring,4.5,Yes,Express,Yes,Yes,22,Debit Card,Fortnightly
1959,42,Female,Backpack,Accessories,32,Arizona,M,Silver,Fall,3.9,No,Next Day Air,No,No,22,Cash,Bi-Weekly
1960,46,Female,Belt,Accessories,78,Missouri,S,Indigo,Spring,4.9,No,Free Shipping,No,No,23,PayPal,Fortnightly
1961,62,Female,Dress,Clothing,73,Louisiana,M,Lavender,Summer,3.6,No,Standard,Yes,Yes,6,Venmo,Quarterly
1962,53,Male,Handbag,Accessories,91,Pennsylvania,M,Brown,Winter,4.5,No,Free Shipping,Yes,Yes,29,Venmo,Monthly
1963,43,Female,Shorts,Clothing,53,Rhode Island,S,Purple,Spring,4.0,No,2-Day Shipping,Yes,Yes,33,PayPal,Quarterly
1964,61,Male,Jacket,Outerwear,49,Hawaii,L,Magenta,Winter,2.5,No,Free Shipping,Yes,Yes,11,Credit Card,Annually
1965,70,Female,Pants,Clothing,55,West Virginia,M,Blue,Summer,4.5,Yes,Next Day Air,Yes,Yes,13,PayPal,Annually
1966,49,Male,Skirt,Clothing,56,Connecticut,M,Brown,Winter,3.1,Yes,Standard,Yes,Yes,27,Cash,Bi-Weekly
1967,46,Female,Dress,Clothing,64,South Carolina,M,Red,Winter,3.6,No,2-Day Shipping,No,No,17,Cash,Quarterly
1968,47,Female,Shoes,Footwear,31,Pennsylvania,M,Blue,Spring,4.2,No,Standard,No,No,17,Debit Card,Monthly
1969,64,Male,Socks,Clothing,64,Florida,M,Olive,Spring,3.3,Yes,2-Day Shipping,Yes,Yes,8,Debit Card,Quarterly
1970,35,Male,Jacket,Outerwear,52,North Dakota,L,Purple,Winter,3.6,No,Standard,Yes,Yes,43,PayPal,Weekly
1971,40,Male,Skirt,Clothing,50,Indiana,M,Violet,Summer,4.1,No,Free Shipping,No,No,13,Cash,Annually
1972,21,Female,Sneakers,Footwear,82,Indiana,M,Brown,Summer,3.2,No,Store Pickup,Yes,Yes,24,Venmo,Bi-Weekly
1973,26,Female,Scarf,Accessories,79,California,M,Gray,Spring,3.6,Yes,Store Pickup,Yes,Yes,8,Bank Transfer,Every 3 Months
1974,36,Male,Pants,Clothing,76,Pennsylvania,M,Brown,Fall,3.5,Yes,Next Day Air,Yes,Yes,25,Bank Transfer,Fortnightly
1975,43,Male,T-shirt,Clothing,68,South Dakota,L,Turquoise,Spring,4.3,No,Next Day Air,No,No,28,Credit Card,Quarterly
1976,70,Male,Hoodie,Clothing,60,Montana,M,Orange,Summer,4.6,Yes,Next Day Air,Yes,Yes,29,Debit Card,Monthly
1977,52,Male,Shoes,Footwear,65,Rhode Island,L,Yellow,Summer,3.0,Yes,Standard,Yes,Yes,21,PayPal,Monthly
1978,30,Female,Boots,Footwear,41,Louisiana,M,Black,Winter,3.7,Yes,2-Day Shipping,No,No,13,Cash,Monthly
1979,33,Female,Blouse,Clothing,44,New Hampshire,L,Purple,Summer,3.4,Yes,Next Day Air,Yes,Yes,36,Credit Card,Weekly
1980,65,Male,Jeans,Clothing,60,South Carolina,M,Beige,Winter,3.7,No,Store Pickup,No,No,16,Credit Card,Monthly
1981,61,Female,Jeans,Clothing,40,Michigan,XL,Blue,Fall,4.8,No,Free Shipping,No,No,4,Bank Transfer,Annually
1982,44,Male,Pants,Clothing,75,New Mexico,M,Lavender,Summer,3.9,Yes,Store Pickup,Yes,Yes,28,Venmo,Bi-Weekly
1983,37,Female,Belt,Accessories,62,Delaware,M,Indigo,Spring,3.4,Yes,Store Pickup,Yes,Yes,11,Bank Transfer,Monthly
1984,61,Male,Sweater,Clothing,59,Montana,XL,Indigo,Winter,2.9,Yes,Free Shipping,No,No,15,Cash,Annually
1985,29,Female,Jeans,Clothing,54,Texas,M,Black,Summer,4.3,Yes,Express,Yes,Yes,2,Cash,Every 3 Months
1986,50,Female,Sneakers,Footwear,67,Rhode Island,M,Olive,Fall,3.4,No,Express,Yes,Yes,17,Venmo,Quarterly
1987,70,Male,Gloves,Accessories,68,Kansas,M,Green,Summer,3.3,No,Standard,Yes,Yes,13,PayPal,Annually
1988,47,Female,Sandals,Footwear,52,Nevada,M,Yellow,Summer,3.8,Yes,Next Day Air,No,No,13,Venmo,Quarterly
1989,32,Female,T-shirt,Clothing,50,New Mexico,L,Silver,Fall,4.0,No,Free Shipping,No,No,6,Venmo,Monthly
1990,50,Male,Sandals,Footwear,57,Washington,M,Lavender,Summer,3.4,No,Free Shipping,No,No,19,Cash,Monthly
1991,37,Male,Jewelry,Accessories,62,Tennessee,S,Silver,Winter,3.2,No,Express,Yes,Yes,6,Bank Transfer,Annually
1992,23,Female,Backpack,Accessories,62,South Dakota,S,Orange,Fall,4.6,No,Standard,Yes,Yes,14,Credit Card,Monthly
1993,55,Male,Hoodie,Clothing,56,Pennsylvania,XL,Maroon,Winter,4.1,No,2-Day Shipping,Yes,Yes,13,Cash,Quarterly
1994,61,Male,Boots,Footwear,77,Louisiana,M,Violet,Summer,4.2,Yes,Standard,Yes,Yes,18,Cash,Fortnightly
1995,39,Male,Handbag,Accessories,61,Maine,M,Orange,Spring,3.5,Yes,Next Day Air,No,No,12,Cash,Monthly
1996,38,Female,Sandals,Footwear,44,Mississippi,XL,Maroon,Spring,3.2,Yes,Store Pickup,No,No,13,Cash,Quarterly
1997,30,Male,Scarf,Accessories,84,Michigan,M,Orange,Winter,3.4,Yes,Free Shipping,Yes,Yes,14,Cash,Quarterly
1998,42,Male,Shoes,Footwear,76,West Virginia,L,Silver,Winter,2.7,No,Free Shipping,No,No,17,Bank Transfer,Quarterly
1999,36,Female,Jewelry,Accessories,35,Utah,L,Red,Fall,3.5,No,Free Shipping,Yes,Yes,22,Cash,Bi-Weekly
2000,29,Male,Jacket,Outerwear,71,Vermont,M,Olive,Fall,3.2,No,Express,No,No,15,Debit Card,Monthly
2001,70,Female,Jeans,Clothing,79,New Mexico,L,Charcoal,Spring,3.7,No,2-Day Shipping,Yes,Yes,28,Venmo,Fortnightly
2002,51,Male,Socks,Clothing,53,Georgia,XL,Peach,Winter,3.7,No,Standard,No,No,12,Debit Card,Quarterly
2003,53,Female,Sunglasses,Accessories,69,Delaware,M,Lavender,Fall,3.8,No,Standard,Yes,Yes,7,Credit Card,Quarterly
2004,57,Female,Backpack,Accessories,75,Indiana,S,White,Fall,3.4,No,2-Day Shipping,Yes,Yes,33,Credit Card,Bi-Weekly
2005,56,Male,Hat,Accessories,61,North Carolina,L,Violet,Spring,3.0,No,Store Pickup,No,No,21,Cash,Fortnightly
2006,38,Female,Handbag,Accessories,97,Maine,M,Beige,Fall,2.9,Yes,Standard,No,No,15,Cash,Annually
2007,48,Male,Hat,Accessories,67,North Carolina,M,Yellow,Fall,3.9,No,Next Day Air,No,No,15,Venmo,Annually
2008,40,Male,Sandals,Footwear,62,Utah,M,Violet,Winter,3.7,No,Store Pickup,No,No,10,Cash,Every 3 Months
2009,51,Male,Dress,Clothing,55,Kentucky,L,Violet,Spring,2.9,No,Standard,Yes,Yes,3,Bank Transfer,Annually
2010,49,Female,Shoes,Footwear,59,Washington,L,Maroon,Spring,4.5,No,2-Day Shipping,No,No,30,Bank Transfer,Fortnightly
2011,38,Male,Blouse,Clothing,49,Montana,XL,Gold,Winter,4.2,No,Express,Yes,Yes,30,Venmo,Monthly
2012,24,Male,Sunglasses,Accessories,39,South Dakota,M,Peach,Summer,3.1,No,Standard,Yes,Yes,5,Venmo,Every 3 Months
2013,46,Male,Sneakers,Footwear,46,Arizona,XL,Violet,Summer,3.8,No,Next Day Air,No,No,27,PayPal,Monthly
2014,41,Male,Socks,Clothing,62,Indiana,M,Magenta,Fall,3.6,Yes,2-Day Shipping,No,No,20,PayPal,Fortnightly
2015,18,Male,Jeans,Clothing,77,Washington,L,Yellow,Summer,3.9,Yes,Store Pickup,No,No,5,Venmo,Quarterly
2016,52,Male,Socks,Clothing,69,Vermont,L,Gold,Winter,3.8,Yes,Free Shipping,Yes,Yes,13,Bank Transfer,Every 3 Months
2017,58,Male,Hat,Accessories,60,New Hampshire,M,Turquoise,Winter,4.2,No,Store Pickup,No,No,10,Venmo,Monthly
2018,70,Male,Socks,Clothing,92,Alaska,M,Black,Summer,4.6,No,Store Pickup,No,No,13,Credit Card,Every 3 Months
2019,38,Female,T-shirt,Clothing,85,Arizona,M,Teal,Spring,3.9,No,Standard,No,No,9,Venmo,Annually
2020,36,Male,Sneakers,Footwear,51,Michigan,M,White,Winter,4.0,Yes,2-Day Shipping,Yes,Yes,7,Debit Card,Annually
2021,27,Female,Skirt,Clothing,75,Vermont,L,Purple,Fall,4.6,Yes,Free Shipping,Yes,Yes,13,PayPal,Monthly
2022,47,Male,Backpack,Accessories,38,Maine,S,Peach,Winter,3.4,No,Free Shipping,No,No,18,Bank Transfer,Bi-Weekly
2023,47,Male,Handbag,Accessories,61,Vermont,L,Lavender,Summer,3.2,No,Free Shipping,No,No,10,Cash,Every 3 Months
2024,32,Male,Pants,Clothing,36,Nebraska,M,Turquoise,Summer,4.1,No,Free Shipping,No,No,34,Debit Card,Fortnightly
2025,41,Male,Dress,Clothing,54,Connecticut,M,Brown,Spring,3.0,Yes,Standard,Yes,Yes,16,Cash,Quarterly
2026,18,Male,Coat,Outerwear,84,New Hampshire,L,Gray,Summer,3.1,Yes,Standard,No,No,29,Bank Transfer,Fortnightly
2027,58,Female,Belt,Accessories,50,Maine,M,Brown,Fall,4.7,No,Express,No,No,6,Cash,Monthly
2028,32,Male,Jeans,Clothing,41,Idaho,XL,Gold,Spring,2.7,No,Standard,No,No,6,Bank Transfer,Annually
2029,43,Male,Boots,Footwear,55,North Dakota,XL,Olive,Fall,3.8,Yes,Standard,Yes,Yes,11,Bank Transfer,Annually
2030,23,Female,Sunglasses,Accessories,42,Hawaii,M,Green,Fall,2.9,No,Store Pickup,No,No,25,PayPal,Bi-Weekly
2031,35,Male,Dress,Clothing,71,Virginia,M,Lavender,Winter,3.9,Yes,Free Shipping,Yes,Yes,16,Cash,Quarterly
2032,40,Male,Jewelry,Accessories,82,South Dakota,S,Cyan,Spring,4.8,Yes,Express,Yes,Yes,27,Venmo,Monthly
2033,44,Male,Gloves,Accessories,60,South Carolina,L,Green,Spring,3.1,Yes,Express,Yes,Yes,2,Bank Transfer,Quarterly
2034,51,Male,Socks,Clothing,74,Arkansas,S,Maroon,Summer,2.4,No,Free Shipping,No,No,15,Venmo,Every 3 Months
2035,66,Male,Boots,Footwear,57,Wisconsin,XL,Cyan,Winter,3.9,Yes,Next Day Air,No,No,44,Debit Card,Fortnightly
2036,55,Female,T-shirt,Clothing,56,Missouri,XL,White,Spring,3.3,No,Next Day Air,Yes,Yes,4,Cash,Every 3 Months
2037,58,Female,Hoodie,Clothing,87,Oregon,S,Violet,Winter,3.6,No,2-Day Shipping,Yes,Yes,14,PayPal,Every 3 Months
2038,66,Male,Shirt,Clothing,61,Georgia,L,Turquoise,Winter,3.9,Yes,Express,No,No,11,Bank Transfer,Every 3 Months
2039,53,Female,Boots,Footwear,77,Rhode Island,M,Beige,Spring,4.0,No,2-Day Shipping,No,No,11,PayPal,Quarterly
2040,43,Female,Hat,Accessories,45,Kansas,M,Maroon,Summer,4.1,No,Express,Yes,Yes,3,Venmo,Annually
2041,59,Male,Sneakers,Footwear,66,Oklahoma,M,Silver,Summer,3.6,Yes,Next Day Air,Yes,Yes,32,PayPal,Fortnightly
2042,60,Female,Jeans,Clothing,44,Indiana,L,Green,Summer,4.0,No,2-Day Shipping,Yes,Yes,9,Cash,Annually
2043,54,Female,Shoes,Footwear,61,Washington,S,Cyan,Winter,3.5,No,Next Day Air,No,No,4,Bank Transfer,Annually
2044,22,Female,Jewelry,Accessories,61,Oklahoma,L,Peach,Summer,3.6,No,Express,Yes,Yes,6,Credit Card,Every 3 Months
2045,31,Female,Pants,Clothing,76,Minnesota,M,Beige,Fall,3.7,Yes,Store Pickup,Yes,Yes,5,Credit Card,Quarterly
2046,40,Male,Blouse,Clothing,49,Minnesota,L,Peach,Spring,4.0,No,Free Shipping,No,No,5,Credit Card,Quarterly
2047,56,Male,Shoes,Footwear,57,Alabama,XL,Magenta,Fall,3.3,No,Next Day Air,Yes,Yes,13,Venmo,Monthly
2048,44,Male,Pants,Clothing,77,Iowa,L,Purple,Summer,3.8,No,Standard,No,No,24,Credit Card,Fortnightly
2049,61,Male,Hat,Accessories,44,South Carolina,M,Purple,Winter,3.5,Yes,Next Day Air,No,No,22,Venmo,Fortnightly
2050,64,Male,Backpack,Accessories,20,Tennessee,M,Olive,Winter,3.3,No,Express,No,No,8,Debit Card,Every 3 Months
2051,62,Female,Socks,Clothing,54,Wyoming,M,Orange,Spring,4.3,Yes,2-Day Shipping,No,No,13,Bank Transfer,Every 3 Months
2052,62,Male,Jacket,Outerwear,84,California,M,Beige,Fall,3.8,Yes,Standard,Yes,Yes,10,Debit Card,Every 3 Months
2053,28,Male,Sneakers,Footwear,61,Illinois,XL,Yellow,Summer,3.9,No,2-Day Shipping,No,No,10,Cash,Quarterly
2054,51,Female,Belt,Accessories,48,Rhode Island,M,Black,Summer,3.2,Yes,Standard,Yes,Yes,4,PayPal,Annually
2055,35,Male,Gloves,Accessories,58,Maine,M,Yellow,Summer,3.6,No,Express,No,No,8,Cash,Every 3 Months
2056,19,Male,Sunglasses,Accessories,51,Illinois,L,Yellow,Winter,4.1,No,2-Day Shipping,Yes,Yes,13,Debit Card,Every 3 Months
2057,40,Female,Jewelry,Accessories,32,Iowa,M,Purple,Summer,4.0,No,Next Day Air,No,No,13,Bank Transfer,Monthly
2058,64,Male,Hoodie,Clothing,53,Virginia,L,Red,Spring,5.0,No,Store Pickup,Yes,Yes,27,Credit Card,Bi-Weekly
2059,51,Male,Hat,Accessories,75,Texas,M,Beige,Spring,3.9,Yes,Next Day Air,Yes,Yes,24,Cash,Monthly
2060,70,Male,Sweater,Clothing,60,Alabama,S,White,Winter,3.3,Yes,Store Pickup,Yes,Yes,22,Bank Transfer,Quarterly
2061,47,Female,Scarf,Accessories,33,Texas,L,Olive,Summer,3.5,No,Free Shipping,Yes,Yes,20,Bank Transfer,Monthly
2062,70,Male,Jewelry,Accessories,91,Nevada,M,Green,Spring,3.2,Yes,Store Pickup,Yes,Yes,15,Bank Transfer,Annually
2063,47,Male,Hoodie,Clothing,48,Texas,XL,Pink,Summer,3.3,Yes,Free Shipping,No,No,36,Credit Card,Bi-Weekly
2064,44,Male,Jacket,Outerwear,74,New York,M,Olive,Winter,3.7,No,Standard,No,No,23,PayPal,Monthly
2065,25,Male,Sweater,Clothing,71,Ohio,S,Indigo,Winter,3.4,No,2-Day Shipping,No,No,6,Cash,Annually
2066,61,Female,Blouse,Clothing,65,New Hampshire,M,Green,Winter,4.5,No,Free Shipping,No,No,9,Credit Card,Every 3 Months
2067,36,Male,Shirt,Clothing,60,Oregon,M,Blue,Fall,4.2,Yes,Free Shipping,Yes,Yes,23,Credit Card,Bi-Weekly
2068,34,Female,Sunglasses,Accessories,28,South Dakota,M,Violet,Winter,4.3,No,2-Day Shipping,Yes,Yes,4,Bank Transfer,Every 3 Months
2069,63,Male,T-shirt,Clothing,83,Montana,M,Pink,Winter,3.5,Yes,Express,No,No,14,Debit Card,Annually
2070,61,Male,Jewelry,Accessories,44,Colorado,M,Gray,Spring,4.3,Yes,Standard,Yes,Yes,16,Credit Card,Monthly
2071,61,Female,Backpack,Accessories,73,California,XL,Red,Summer,4.4,No,Free Shipping,No,No,36,Venmo,Fortnightly
2072,39,Male,Sweater,Clothing,82,Massachusetts,M,Purple,Fall,4.7,Yes,Next Day Air,Yes,Yes,34,Venmo,Bi-Weekly
2073,43,Male,Coat,Outerwear,54,Mississippi,L,Brown,Summer,3.3,Yes,2-Day Shipping,Yes,Yes,12,Cash,Every 3 Months
2074,43,Female,Socks,Clothing,38,Utah,M,Charcoal,Winter,3.7,No,Free Shipping,No,No,2,PayPal,Every 3 Months
2075,56,Male,Backpack,Accessories,51,Alaska,L,Cyan,Winter,3.3,No,2-Day Shipping,No,No,16,Cash,Quarterly
2076,67,Male,Shirt,Clothing,79,Vermont,M,Blue,Fall,5.0,Yes,Free Shipping,No,No,1,Cash,Every 3 Months
2077,50,Female,Backpack,Accessories,47,Arizona,M,Teal,Spring,3.6,No,2-Day Shipping,No,No,2,Credit Card,Every 3 Months
2078,70,Male,Shoes,Footwear,62,Missouri,M,Brown,Summer,4.4,No,Free Shipping,No,No,8,Debit Card,Annually
2079,57,Male,Jeans,Clothing,50,Michigan,S,Teal,Spring,3.8,No,Standard,No,No,7,Venmo,Quarterly
2080,40,Male,Socks,Clothing,71,Nevada,M,Olive,Summer,4.2,No,Free Shipping,No,No,10,Cash,Every 3 Months
2081,56,Male,Socks,Clothing,48,Arizona,M,Blue,Spring,3.7,No,Store Pickup,No,No,7,Cash,Every 3 Months
2082,70,Male,Skirt,Clothing,52,Rhode Island,XL,Turquoise,Spring,4.3,Yes,Next Day Air,Yes,Yes,29,Venmo,Fortnightly
2083,70,Female,Coat,Outerwear,51,Connecticut,M,Charcoal,Spring,3.8,No,Free Shipping,Yes,Yes,14,Credit Card,Every 3 Months
2084,62,Male,Scarf,Accessories,46,Rhode Island,XL,Yellow,Summer,4.8,Yes,Free Shipping,No,No,8,Bank Transfer,Annually
2085,44,Female,Hat,Accessories,74,New Hampshire,M,Beige,Spring,3.9,No,Free Shipping,No,No,10,Cash,Quarterly
2086,41,Male,Jacket,Outerwear,62,Vermont,M,Peach,Spring,3.2,No,Store Pickup,No,No,13,Debit Card,Every 3 Months
2087,53,Male,Shoes,Footwear,51,Wisconsin,M,Gray,Summer,4.0,Yes,Next Day Air,No,No,30,Debit Card,Bi-Weekly
2088,69,Male,Sandals,Footwear,33,Texas,M,Olive,Fall,,No,Next Day Air,Yes,Yes,18,Cash,Monthly
2089,51,Female,Dress,Clothing,54,Minnesota,L,Teal,Fall,3.1,No,2-Day Shipping,No,No,29,PayPal,Monthly
2090,51,Male,Sweater,Clothing,51,Massachusetts,S,Silver,Summer,3.9,Yes,Store Pickup,Yes,Yes,5,Venmo,Annually
2091,45,Male,Dress,Clothing,42,North Dakota,L,Gray,Fall,3.3,No,Next Day Air,No,No,3,Bank Transfer,Monthly
2092,39,Female,Dress,Clothing,46,North Carolina,S,Black,Spring,3.6,No,Free Shipping,No,No,5,Venmo,Quarterly
2093,42,Female,Dress,Clothing,60,South Carolina,M,Gray,Fall,3.7,No,Store Pickup,Yes,Yes,35,Venmo,Fortnightly
2094,46,Male,Shorts,Clothing,39,Missouri,S,Teal,Spring,2.5,No,Standard,No,No,8,PayPal,Quarterly
2095,70,Female,Shorts,Clothing,59,Mississippi,L,Maroon,Spring,3.4,Yes,Standard,Yes,Yes,6,Venmo,Every 3 Months
2096,40,Male,Belt,Accessories,77,Colorado,M,Red,Winter,4.3,Yes,Free Shipping,No,No,5,Cash,Every 3 Months
2097,45,Male,Dress,Clothing,49,Florida,XL,Maroon,Summer,3.6,No,Free Shipping,Yes,Yes,6,Credit Card,Every 3 Months
2098,31,Male,Blouse,Clothing,41,Tennessee,M,Olive,Fall,2.6,No,Standard,No,No,9,Cash,Annually
2099,55,Male,Hoodie,Clothing,75,Wyoming,S,Black,Summer,3.7,No,Free Shipping,No,No,3,Credit Card,Every 3 Months
2100,65,Male,Hat,Accessories,56,New Mexico,L,Beige,Fall,4.0,No,Store Pickup,No,No,33,Credit Card,Quarterly
2101,68,Female,Backpack,Accessories,54,Louisiana,M,Purple,Fall,3.6,No,Free Shipping,No,No,5,Venmo,Quarterly
2102,47,Male,Backpack,Accessories,71,Arizona,L,Cyan,Winter,3.6,Yes,Store Pickup,No,No,10,Venmo,Every 3 Months
2103,53,Female,Sweater,Clothing,57,Arizona,M,Indigo,Spring,3.4,No,Express,Yes,Yes,3,Debit Card,Quarterly
2104,42,Female,Socks,Clothing,59,North Dakota,L,Indigo,Fall,4.1,No,Standard,No,No,5,Bank Transfer,Every 3 Months
2105,52,Female,Socks,Clothing,33,North Carolina,M,Peach,Winter,3.2,No,Free Shipping,No,No,6,PayPal,Every 3 Months
2106,49,Female,Sweater,Clothing,45,Iowa,XL,White,Summer,4.0,No,Standard,No,No,42,Bank Transfer,Bi-Weekly
2107,45,Female,Jeans,Clothing,88,Georgia,M,Red,Summer,3.5,No,Store Pickup,No,No,9,Cash,Every 3 Months
2108,46,Female,Coat,Outerwear,51,Arkansas,L,Peach,Fall,4.4,No,Next Day Air,No,No,4,Debit Card,Quarterly
2109,51,Male,Socks,Clothing,59,Ohio,M,Teal,Fall,3.4,No,Next Day Air,No,No,19,Bank Transfer,Quarterly
2110,40,Male,Socks,Clothing,86,New Mexico,L,Maroon,Summer,3.0,No,Free Shipping,No,No,23,Venmo,Fortnightly
2111,40,Male,Jewelry,Accessories,68,Kentucky,L,Brown,Winter,4.1,No,2-Day Shipping,Yes,Yes,17,Bank Transfer,Quarterly
2112,70,Male,Backpack,Accessories,62,Oregon,L,Maroon,Fall,4.0,No,Store Pickup,No,No,5,Credit Card,Annually
2113,70,Male,Jeans,Clothing,45,Texas,M,Yellow,Fall,3.9,No,Standard,Yes,Yes,3,Credit Card,Every 3 Months
2114,26,Female,Blouse,Clothing,48,Montana,M,Silver,Spring,4.2,No,2-Day Shipping,No,No,20,PayPal,Monthly
2115,25,Male,Coat,Outerwear,63,Indiana,L,Green,Fall,3.0,No,Standard,Yes,Yes,21,Venmo,Bi-Weekly
2116,30,Female,Blouse,Clothing,63,Alabama,M,Green,Winter,3.2,No,Express,Yes,Yes,3,Debit Card,Quarterly
2117,42,Male,Belt,Accessories,83,South Carolina,L,Violet,Fall,4.5,Yes,2-Day Shipping,No,No,2,Debit Card,Every 3 Months
2118,57,Male,Boots,Footwear,62,New Hampshire,M,Blue,Fall,3.9,No,Standard,No,No,15,Cash,Annually
2119,53,Male,Jeans,Clothing,49,Louisiana,M,White,Fall,3.4,No,Store Pickup,No,No,6,Cash,Quarterly
2120,47,Male,Hat,Accessories,61,Alabama,M,Pink,Spring,2.7,Yes,Next Day Air,Yes,Yes,15,Bank Transfer,Monthly
2121,52,Male,Jeans,Clothing,72,South Dakota,L,Teal,Spring,3.0,Yes,Express,No,No,16,Credit Card,Quarterly
2122,34,Male,Skirt,Clothing,63,Washington,M,Green,Fall,3.1,No,2-Day Shipping,Yes,Yes,22,Venmo,Fortnightly
2123,40,Male,T-shirt,Clothing,60,Missouri,M,Pink,Spring,3.4,Yes,Next Day Air,Yes,Yes,11,PayPal,Every 3 Months
2124,44,Male,Jacket,Outerwear,56,Indiana,L,Green,Spring,3.8,Yes,Express,Yes,Yes,22,Cash,Monthly
2125,20,Male,T-shirt,Clothing,75,New Mexico,M,Beige,Winter,2.9,No,2-Day Shipping,No,No,14,PayPal,Quarterly
2126,27,Male,Jeans,Clothing,60,Utah,XL,Magenta,Summer,3.4,Yes,Next Day Air,Yes,Yes,15,PayPal,Annually
2127,27,Male,Coat,Outerwear,72,New Jersey,M,Yellow,Winter,2.8,No,Express,No,No,10,PayPal,Every 3 Months
2128,55,Male,Sweater,Clothing,47,Alabama,M,Gold,Winter,3.4,No,Next Day Air,Yes,Yes,4,Credit Card,Annually
2129,48,Male,Sandals,Footwear,55,Georgia,M,Charcoal,Spring,5.0,Yes,Next Day Air,Yes,Yes,15,Bank Transfer,Monthly
2130,53,Male,Hat,Accessories,65,California,M,White,Winter,4.5,No,2-Day Shipping,No,No,29,Cash,Quarterly
2131,18,Male,Backpack,Accessories,43,Massachusetts,L,Violet,Summer,4.1,Yes,Store Pickup,No,No,11,Debit Card,Annually
2132,22,Female,Gloves,Accessories,38,Minnesota,S,Turquoise,Fall,3.4,No,Standard,Yes,Yes,22,Venmo,Quarterly
2133,54,Female,Handbag,Accessories,81,Nebraska,M,Yellow,Spring,3.1,No,Express,No,No,18,Bank Transfer,Quarterly
2134,18,Female,Jeans,Clothing,71,Pennsylvania,S,Yellow,Summer,3.6,No,Next Day Air,Yes,Yes,14,Bank Transfer,Monthly
2135,62,Male,Jacket,Outerwear,75,Colorado,L,Violet,Fall,2.7,No,Next Day Air,Yes,Yes,27,PayPal,Quarterly
2136,18,Male,Jacket,Outerwear,51,West Virginia,L,Yellow,Summer,4.0,No,Store Pickup,Yes,Yes,8,Credit Card,Every 3 Months
2137,57,Male,Sneakers,Footwear,64,Indiana,S,Red,Fall,3.5,No,Express,Yes,Yes,14,Venmo,Every 3 Months
2138,31,Female,Sunglasses,Accessories,56,Nebraska,M,Gray,Spring,3.7,No,Store Pickup,Yes,Yes,25,Venmo,Quarterly
2139,60,Female,Scarf,Accessories,56,Hawaii,M,Magenta,Spring,2.8,Yes,Next Day Air,Yes,Yes,8,Bank Transfer,Every 3 Months
2140,70,Female,Sunglasses,Accessories,56,Louisiana,L,Indigo,Fall,3.8,No,Free Shipping,No,No,21,Venmo,Bi-Weekly
2141,18,Female,Dress,Clothing,35,Tennessee,S,Maroon,Summer,3.6,No,2-Day Shipping,No,No,16,Debit Card,Monthly
2142,54,Male,Gloves,Accessories,24,Arizona,M,Purple,Fall,3.2,No,Express,No,No,8,Cash,Annually
2143,18,Female,Sunglasses,Accessories,68,Missouri,L,Gold,Summer,3.9,Yes,Store Pickup,Yes,Yes,7,Cash,Annually
2144,50,Female,Handbag,Accessories,60,New Jersey,M,Beige,Spring,3.5,No,Standard,No,No,11,PayPal,Every 3 Months
2145,41,Male,Hoodie,Clothing,62,New Hampshire,L,Peach,Fall,3.9,No,2-Day Shipping,Yes,Yes,7,Venmo,Quarterly
2146,46,Female,Handbag,Accessories,69,Maryland,M,Yellow,Spring,4.1,No,Next Day Air,Yes,Yes,16,PayPal,Monthly
2147,30,Male,Gloves,Accessories,65,Maine,XL,Turquoise,Winter,3.1,No,Store Pickup,No,No,4,Debit Card,Quarterly
2148,56,Female,Hoodie,Clothing,82,Virginia,S,Beige,Spring,3.8,No,2-Day Shipping,No,No,12,Debit Card,Monthly
2149,22,Female,Coat,Outerwear,87,Illinois,S,Orange,Winter,3.7,No,2-Day Shipping,Yes,Yes,3,Bank Transfer,Annually
2150,63,Male,Jewelry,Accessories,58,Missouri,M,Olive,Summer,4.5,No,Standard,No,No,2,Bank Transfer,Quarterly
2151,38,Female,Shorts,Clothing,61,Maine,M,Lavender,Winter,4.2,No,Express,Yes,Yes,17,Venmo,Monthly
2152,23,Male,Shorts,Clothing,62,Rhode Island,L,Pink,Spring,3.5,No,Standard,Yes,Yes,3,Debit Card,Annually
2153,68,Female,Belt,Accessories,32,South Dakota,M,Lavender,Summer,3.5,No,Free Shipping,No,No,37,Credit Card,Fortnightly
2154,43,Female,Hoodie,Clothing,73,Texas,M,Violet,Summer,3.8,No,Store Pickup,No,No,14,Venmo,Every 3 Months
2155,70,Female,Sandals,Footwear,69,California,L,Violet,Spring,3.0,No,Standard,No,No,21,Debit Card,Monthly
2156,62,Female,Sweater,Clothing,31,California,M,Pink,Summer,3.1,No,Next Day Air,No,No,19,Debit Card,Quarterly
2157,32,Male,Dress,Clothing,89,Maine,L,Magenta,Spring,3.4,Yes,Store Pickup,Yes,Yes,14,Debit Card,Annually
2158,43,Male,Pants,Clothing,51,Minnesota,L,Orange,Summer,2.3,No,Standard,No,No,3,Credit Card,Monthly
2159,46,Male,Backpack,Accessories,61,Arkansas,S,Violet,Summer,3.2,Yes,Store Pickup,No,No,7,Credit Card,Every 3 Months
2160,67,Male,Coat,Outerwear,66,Vermont,L,Gray,Spring,3.4,No,Express,No,No,20,PayPal,Monthly
2161,51,Male,Sneakers,Footwear,63,Vermont,L,Turquoise,Winter,5.0,Yes,Next Day Air,Yes,Yes,16,Cash,Monthly
2162,47,Male,Handbag,Accessories,95,Michigan,L,Orange,Fall,3.4,No,Next Day Air,No,No,30,Venmo,Fortnightly
2163,41,Male,Sneakers,Footwear,56,Rhode Island,S,Black,Winter,4.0,No,Free Shipping,No,No,13,PayPal,Every 3 Months
2164,43,Male,Pants,Clothing,53,New Hampshire,M,Red,Winter,3.6,No,Free Shipping,Yes,Yes,22,Cash,Quarterly
2165,64,Female,Jewelry,Accessories,57,North Carolina,XL,Cyan,Summer,4.0,No,Next Day Air,No,No,10,Bank Transfer,Annually
2166,44,Male,Coat,Outerwear,54,Utah,M,Maroon,Summer,3.0,No,Next Day Air,No,No,13,Bank Transfer,Every 3 Months
2167,38,Female,Dress,Clothing,63,California,M,White,Winter,2.8,No,Next Day Air,Yes,Yes,12,Bank Transfer,Annually
2168,36,Male,Jacket,Outerwear,55,Idaho,M,Silver,Summer,4.4,No,Store Pickup,No,No,20,Cash,Fortnightly
2169,36,Male,Skirt,Clothing,66,Michigan,L,Purple,Spring,,No,Free Shipping,Yes,Yes,16,Cash,Bi-Weekly
2170,23,Male,Socks,Clothing,41,Vermont,L,Black,Fall,4.6,No,Store Pickup,No,No,17,Credit Card,Monthly
2171,33,Male,Handbag,Accessories,54,New Jersey,XL,Turquoise,Winter,3.5,Yes,Next Day Air,No,No,12,Cash,Quarterly
2172,66,Male,Boots,Footwear,44,Maryland,XL,Green,Spring,3.2,No,2-Day Shipping,No,No,6,Venmo,Every 3 Months
2173,41,Male,Blouse,Clothing,55,Alaska,M,Black,Fall,3.4,Yes,Next Day Air,Yes,Yes,6,Venmo,Annually
2174,55,Male,Sneakers,Footwear,31,New Jersey,M,White,Summer,4.6,No,Store Pickup,No,No,4,Debit Card,Annually
2175,18,Male,Shorts,Clothing,25,Indiana,S,Charcoal,Summer,3.3,Yes,Store Pickup,No,No,20,Cash,Quarterly
2176,53,Female,Sunglasses,Accessories,52,Kentucky,S,Green,Summer,3.5,No,Free Shipping,No,No,17,Venmo,Quarterly
2177,42,Male,Gloves,Accessories,32,Wyoming,S,Brown,Spring,4.3,No,Standard,No,No,2,Cash,Annually
2178,37,Female,T-shirt,Clothing,86,Nebraska,XL,Peach,Summer,4.0,No,Store Pickup,No,No,23,PayPal,Monthly
2179,47,Male,Hat,Accessories,51,Connecticut,S,Turquoise,Summer,5.0,No,Next Day Air,No,No,23,Bank Transfer,Monthly
2180,37,Female,Scarf,Accessories,68,Arizona,M,Maroon,Winter,4.4,No,Next Day Air,No,No,15,PayPal,Every 3 Months
2181,18,Female,Belt,Accessories,62,Maryland,M,Turquoise,Spring,3.3,No,Standard,No,No,16,Bank Transfer,Monthly
2182,58,Female,Pants,Clothing,47,Arkansas,M,White,Winter,4.5,Yes,Next Day Air,Yes,Yes,19,Debit Card,Monthly
2183,48,Female,Dress,Clothing,51,Michigan,M,Turquoise,Spring,2.5,No,Standard,Yes,Yes,6,Bank Transfer,Annually
2184,39,Male,Jacket,Outerwear,80,Massachusetts,S,Charcoal,Summer,4.1,No,Free Shipping,Yes,Yes,26,Debit Card,Monthly
2185,30,Male,Sunglasses,Accessories,74,Utah,M,Cyan,Summer,3.4,Yes,Standard,No,No,4,PayPal,Annually
2186,22,Male,Sneakers,Footwear,74,Kentucky,M,Gray,Summer,4.0,No,Standard,No,No,6,PayPal,Annually
2187,47,Female,Handbag,Accessories,46,Indiana,L,Peach,Winter,4.9,No,Next Day Air,No,No,10,PayPal,Annually
2188,68,Female,Sandals,Footwear,69,New Mexico,L,Turquoise,Winter,2.6,No,Express,Yes,Yes,3,Cash,Every 3 Months
2189,47,Male,Jeans,Clothing,48,New York,L,Gray,Fall,4.3,No,Standard,No,No,5,Venmo,Quarterly
2190,23,Female,Hat,Accessories,73,Alaska,M,Pink,Fall,4.3,No,Free Shipping,No,No,14,Debit Card,Annually
2191,47,Male,Belt,Accessories,73,California,S,Charcoal,Fall,4.1,No,Free Shipping,No,No,6,Venmo,Every 3 Months
2192,43,Female,Skirt,Clothing,36,Florida,M,Olive,Winter,3.1,No,Standard,Yes,Yes,28,Debit Card,Monthly
2193,57,Female,Shorts,Clothing,62,Rhode Island,XL,Silver,Winter,3.6,No,Free Shipping,Yes,Yes,2,PayPal,Every 3 Months
2194,53,Male,Jewelry,Accessories,39,Hawaii,M,Indigo,Winter,3.2,No,2-Day Shipping,Yes,Yes,12,Credit Card,Every 3 Months
2195,18,Female,Sandals,Footwear,73,Wyoming,M,Charcoal,Spring,3.9,No,Standard,Yes,Yes,15,PayPal,Monthly
2196,52,Female,Hat,Accessories,39,Minnesota,XL,Lavender,Summer,3.0,No,Next Day Air,No,No,19,Bank Transfer,Quarterly
2197,29,Male,Sweater,Clothing,63,Washington,XL,Silver,Summer,3.4,No,Express,No,No,20,Venmo,Monthly
2198,23,Male,Jacket,Outerwear,80,Illinois,S,White,Spring,4.0,No,Standard,No,No,14,PayPal,Quarterly
2199,41,Male,Shorts,Clothing,59,Michigan,L,Peach,Winter,3.3,No,Free Shipping,No,No,22,Credit Card,Bi-Weekly
2200,50,Female,Shirt,Clothing,72,Connecticut,M,Pink,Spring,3.5,No,Standard,No,No,17,Credit Card,Monthly
2201,19,Male,Coat,Outerwear,73,Texas,M,Lavender,Winter,3.1,No,2-Day Shipping,No,No,27,Venmo,Bi-Weekly
2202,55,Female,Sandals,Footwear,91,New Jersey,M,White,Winter,3.8,Yes,Store Pickup,No,No,19,PayPal,Bi-Weekly
2203,55,Female,Coat,Outerwear,50,Arkansas,XL,Turquoise,Fall,3.5,No,Free Shipping,No,No,23,Bank Transfer,Quarterly
2204,45,Male,Shoes,Footwear,60,Pennsylvania,M,Yellow,Summer,3.2,Yes,Next Day Air,No,No,12,Credit Card,Every 3 Months
2205,31,Male,Scarf,Accessories,32,Vermont,L,Turquoise,Summer,3.4,Yes,Store Pickup,Yes,Yes,15,Bank Transfer,Every 3 Months
2206,29,Female,Hoodie,Clothing,53,Ohio,S,Olive,Fall,3.8,No,Standard,Yes,Yes,9,Venmo,Every 3 Months
2207,59,Female,Skirt,Clothing,45,South Dakota,L,Yellow,Fall,3.1,Yes,Free Shipping,Yes,Yes,2,Cash,Annually
2208,21,Male,Jacket,Outerwear,52,Indiana,L,Peach,Fall,3.6,Yes,Express,Yes,Yes,23,PayPal,Monthly
2209,60,Male,Boots,Footwear,41,Michigan,L,Peach,Fall,3.7,Yes,Standard,Yes,Yes,9,Debit Card,Annually
2210,42,Male,Sweater,Clothing,50,Texas,XL,Pink,Winter,3.8,No,Free Shipping,No,No,14,PayPal,Quarterly
2211,43,Female,Sweater,Clothing,62,New Mexico,L,Charcoal,Winter,3.4,No,Express,No,No,20,Venmo,Monthly
2212,18,Male,T-shirt,Clothing,72,New Mexico,L,Teal,Winter,4.1,Yes,Standard,Yes,Yes,15,Credit Card,Monthly
2213,42,Female,Jeans,Clothing,74,Rhode Island,M,Indigo,Summer,,No,2-Day Shipping,Yes,Yes,5,Bank Transfer,Monthly
2214,53,Male,Boots,Footwear,75,New Mexico,XL,Pink,Spring,4.0,No,Next Day Air,No,No,10,PayPal,Every 3 Months
2215,24,Female,Skirt,Clothing,40,Connecticut,M,Turquoise,Summer,3.8,No,Next Day Air,No,No,7,Cash,Monthly
2216,51,Male,Pants,Clothing,52,Hawaii,M,Blue,Summer,2.8,Yes,Express,Yes,Yes,5,Cash,Quarterly
2217,45,Male,Coat,Outerwear,77,Rhode Island,M,Gray,Summer,4.6,Yes,Standard,No,No,24,Venmo,Monthly
2218,34,Female,Jewelry,Accessories,60,Illinois,M,White,Fall,3.8,No,Express,Yes,Yes,16,Credit Card,Monthly
2219,57,Female,Hat,Accessories,85,North Dakota,M,Indigo,Winter,3.9,Yes,Standard,Yes,Yes,30,Venmo,Quarterly
2220,18,Male,Blouse,Clothing,53,Mississippi,M,Pink,Winter,3.3,No,Standard,No,No,19,Credit Card,Bi-Weekly
2221,49,Male,Shirt,Clothing,76,New York,M,Orange,Fall,3.6,Yes,Next Day Air,Yes,Yes,18,PayPal,Quarterly
2222,68,Male,Dress,Clothing,56,Idaho,XL,Turquoise,Fall,4.4,No,Store Pickup,No,No,12,Bank Transfer,Every 3 Months
2223,66,Male,Jeans,Clothing,64,Kansas,XL,Maroon,Summer,4.2,No,2-Day Shipping,Yes,Yes,26,Credit Card,Fortnightly
2224,50,Male,Shirt,Clothing,64,Ohio,M,Lavender,Fall,3.5,No,Free Shipping,No,No,16,Cash,Fortnightly
2225,39,Female,Socks,Clothing,58,Florida,XL,Beige,Summer,4.6,No,Free Shipping,Yes,Yes,6,Debit Card,Monthly
2226,34,Male,Shirt,Clothing,48,Kansas,M,Magenta,Winter,3.1,Yes,Free Shipping,No,No,7,PayPal,Monthly
2227,39,Female,T-shirt,Clothing,62,Wyoming,M,Orange,Winter,2.7,No,2-Day Shipping,Yes,Yes,7,Debit Card,Every 3 Months
2228,52,Male,Jacket,Outerwear,78,Delaware,XL,Purple,Summer,2.4,No,Store Pickup,No,No,10,Debit Card,Quarterly
2229,32,Male,Pants,Clothing,60,New Hampshire,L,Silver,Fall,4.2,No,2-Day Shipping,No,No,34,Venmo,Monthly
2230,55,Female,Sweater,Clothing,20,Delaware,L,Silver,Spring,3.3,No,Next Day Air,No,No,19,PayPal,Monthly
2231,70,Male,Sandals,Footwear,57,Oklahoma,M,Magenta,Summer,3.6,No,2-Day Shipping,No,No,10,Bank Transfer,Quarterly
2232,43,Female,Socks,Clothing,69,Connecticut,M,Black,Winter,4.4,No,Express,No,No,7,PayPal,Every 3 Months
2233,24,Male,Handbag,Accessories,47,New Hampshire,S,Gold,Fall,3.9,Yes,Free Shipping,No,No,7,Bank Transfer,Every 3 Months
2234,24,Female,Shoes,Footwear,83,Michigan,XL,Lavender,Fall,2.9,Yes,2-Day Shipping,No,No,14,Credit Card,Annually
2235,56,Female,Hat,Accessories,47,Ohio,M,Yellow,Spring,4.7,No,Next Day Air,Yes,Yes,25,PayPal,Bi-Weekly
2236,43,Female,T-shirt,Clothing,53,Alabama,M,Silver,Winter,3.5,No,Next Day Air,Yes,Yes,28,Credit Card,Monthly
2237,57,Male,Gloves,Accessories,60,Montana,S,Violet,Winter,3.7,No,Standard,Yes,Yes,20,Cash,Bi-Weekly
2238,36,Male,Jewelry,Accessories,42,Nevada,L,Yellow,Summer,3.3,No,Express,No,No,18,PayPal,Bi-Weekly
2239,56,Male,Dress,Clothing,73,Illinois,M,Brown,Winter,3.0,No,Free Shipping,No,No,3,Credit Card,Monthly
2240,42,Male,Skirt,Clothing,84,Iowa,L,Beige,Fall,3.8,Yes,Free Shipping,No,No,7,Credit Card,Annually
2241,33,Male,Socks,Clothing,46,Oklahoma,M,Orange,Summer,2.8,Yes,Standard,No,No,18,PayPal,Quarterly
2242,38,Male,Shoes,Footwear,63,Nevada,S,Gold,Summer,3.6,Yes,Express,Yes,Yes,31,Cash,Quarterly
2243,26,Male,Sweater,Clothing,94,New Hampshire,S,Turquoise,Fall,4.7,Yes,Express,Yes,Yes,39,PayPal,Bi-Weekly
2244,70,Male,Socks,Clothing,76,Washington,M,Magenta,Summer,4.2,No,Standard,No,No,26,Credit Card,Quarterly
2245,43,Male,Hat,Accessories,37,Massachusetts,L,Beige,Fall,3.9,Yes,Next Day Air,No,No,4,PayPal,Annually
2246,54,Male,Coat,Outerwear,87,Utah,L,Cyan,Spring,2.9,No,Store Pickup,No,No,3,PayPal,Every 3 Months
2247,36,Male,Jeans,Clothing,20,Wisconsin,M,Green,Summer,3.7,No,Next Day Air,No,No,11,Cash,Every 3 Months
2248,28,Female,Jeans,Clothing,68,New Hampshire,M,Beige,Fall,3.2,No,Free Shipping,No,No,27,Bank Transfer,Monthly
2249,40,Male,Pants,Clothing,50,Hawaii,M,Gray,Winter,4.6,Yes,Store Pickup,Yes,Yes,9,Cash,Annually
2250,61,Male,Gloves,Accessories,64,Massachusetts,L,Olive,Summer,3.5,No,Store Pickup,No,No,18,Debit Card,Quarterly
2251,36,Male,Scarf,Accessories,67,Arizona,XL,Violet,Fall,3.3,Yes,Free Shipping,No,No,35,PayPal,Weekly
2252,31,Female,Sandals,Footwear,62,Ohio,L,Pink,Summer,3.5,No,Next Day Air,Yes,Yes,26,Venmo,Fortnightly
2253,46,Male,T-shirt,Clothing,67,Indiana,S,Blue,Winter,3.2,No,Store Pickup,No,No,22,Venmo,Quarterly
2254,51,Female,Skirt,Clothing,50,Washington,M,Lavender,Summer,3.8,No,Standard,Yes,Yes,14,Cash,Annually
2255,69,Female,Skirt,Clothing,48,North Carolina,XL,Silver,Fall,4.8,No,Express,No,No,11,Credit Card,Quarterly
2256,49,Male,Blouse,Clothing,73,Missouri,M,Indigo,Summer,3.7,No,Express,Yes,Yes,17,Debit Card,Monthly
2257,54,Female,Gloves,Accessories,63,Georgia,L,Orange,Summer,3.2,Yes,Standard,Yes,Yes,7,Debit Card,Every 3 Months
2258,55,Female,Sandals,Footwear,51,California,XL,Yellow,Fall,3.6,No,2-Day Shipping,No,No,18,Venmo,Quarterly
2259,27,Male,Skirt,Clothing,61,North Dakota,L,Brown,Fall,2.9,Yes,Free Shipping,Yes,Yes,31,Credit Card,Bi-Weekly
2260,30,Male,Hat,Accessories,53,Rhode Island,M,Magenta,Fall,5.0,No,Next Day Air,Yes,Yes,3,Cash,Monthly
2261,28,Female,Dress,Clothing,52,Indiana,M,Peach,Winter,4.8,No,Express,No,No,3,Venmo,Quarterly
2262,24,Female,Hat,Accessories,70,Alabama,XL,Silver,Fall,4.5,Yes,Standard,Yes,Yes,18,Venmo,Quarterly
2263,56,Male,Shorts,Clothing,44,Kansas,M,Teal,Winter,4.2,No,Store Pickup,Yes,Yes,5,Venmo,Every 3 Months
2264,48,Male,Hat,Accessories,87,Rhode Island,XL,Gray,Summer,3.7,Yes,Express,No,No,10,Venmo,Every 3 Months
2265,45,Female,Shorts,Clothing,62,New Jersey,M,Magenta,Fall,3.6,No,Store Pickup,No,No,33,PayPal,Monthly
2266,18,Male,Coat,Outerwear,45,California,L,Teal,Summer,3.5,Yes,Standard,Yes,Yes,11,Credit Card,Annually
2267,70,Female,Shoes,Footwear,64,Colorado,XL,Teal,Fall,5.0,No,Next Day Air,No,No,24,Credit Card,Bi-Weekly
2268,31,Male,Shoes,Footwear,51,Colorado,M,Teal,Spring,3.5,Yes,Free Shipping,No,No,12,Credit Card,Monthly
2269,70,Female,Sandals,Footwear,60,Pennsylvania,M,Pink,Winter,3.3,No,Next Day Air,No,No,17,Cash,Monthly
2270,22,Female,Socks,Clothing,56,South Carolina,S,Gold,Fall,3.6,No,Standard,No,No,15,Credit Card,Every 3 Months
2271,32,Female,Handbag,Accessories,68,Massachusetts,L,Indigo,Fall,4.1,No,Standard,No,No,22,Venmo,Quarterly
2272,18,Female,Shirt,Clothing,69,Ohio,L,Pink,Winter,1.6,No,Store Pickup,No,No,6,Debit Card,Quarterly
2273,49,Female,Sneakers,Footwear,64,Alaska,M,Gold,Summer,3.9,No,Express,Yes,Yes,21,PayPal,Quarterly
2274,27,Female,Shirt,Clothing,95,New Hampshire,L,Purple,Summer,2.2,Yes,Standard,No,No,2,Venmo,Monthly
2275,28,Female,Shirt,Clothing,46,Indiana,XL,Maroon,Fall,4.6,No,Express,Yes,Yes,14,Credit Card,Annually
2276,23,Male,Jewelry,Accessories,79,Tennessee,L,Magenta,Winter,2.7,No,Store Pickup,No,No,8,Debit Card,Monthly
2277,56,Female,Shorts,Clothing,80,Missouri,M,Green,Summer,3.2,No,2-Day Shipping,Yes,Yes,39,Cash,Bi-Weekly
2278,55,Male,Belt,Accessories,68,Texas,XL,Silver,Spring,2.6,Yes,Store Pickup,No,No,19,Cash,Fortnightly
2279,70,Female,T-shirt,Clothing,65,New Hampshire,L,Magenta,Spring,4.8,No,Store Pickup,No,No,5,Credit Card,Quarterly
2280,34,Female,Jewelry,Accessories,72,Minnesota,S,Gray,Fall,3.7,No,Express,No,No,18,Cash,Fortnightly
2281,47,Male,Sneakers,Footwear,55,West Virginia,XL,Indigo,Spring,5.0,No,Free Shipping,No,No,21,PayPal,Bi-Weekly
2282,25,Male,Backpack,Accessories,55,Wyoming,M,Maroon,Fall,4.9,Yes,2-Day Shipping,Yes,Yes,11,Venmo,Every 3 Months
2283,39,Male,Blouse,Clothing,57,Minnesota,XL,Peach,Winter,4.4,Yes,Standard,Yes,Yes,23,Debit Card,Fortnightly
2284,36,Female,Shorts,Clothing,63,Louisiana,L,Yellow,Fall,2.9,No,Express,No,No,9,Debit Card,Monthly
2285,51,Male,Jeans,Clothing,50,North Carolina,L,Green,Spring,3.8,No,Store Pickup,No,No,20,Bank Transfer,Monthly
2286,59,Male,Skirt,Clothing,46,Florida,M,Charcoal,Fall,4.5,No,Standard,No,No,12,Debit Card,Every 3 Months
2287,59,Female,Handbag,Accessories,40,Maryland,S,Yellow,Summer,4.0,No,Free Shipping,No,No,39,Cash,Weekly
2288,31,Female,T-shirt,Clothing,48,Texas,M,Brown,Spring,3.5,Yes,Express,No,No,12,Debit Card,Every 3 Months
2289,59,Male,Jeans,Clothing,48,Vermont,L,Violet,Spring,3.9,No,Free Shipping,No,No,33,Venmo,Bi-Weekly
2290,43,Male,Dress,Clothing,48,Massachusetts,L,Brown,Fall,4.0,No,Next Day Air,Yes,Yes,4,Venmo,Annually
2291,39,Female,Jacket,Outerwear,70,Maryland,S,Indigo,Fall,2.7,No,Next Day Air,Yes,Yes,14,Debit Card,Quarterly
2292,33,Female,Dress,Clothing,46,Utah,M,Yellow,Summer,3.4,No,Standard,No,No,3,Debit Card,Quarterly
2293,36,Female,Shorts,Clothing,66,Hawaii,L,Charcoal,Winter,4.1,No,Express,No,No,24,Bank Transfer,Bi-Weekly
2294,70,Male,Jewelry,Accessories,94,Arkansas,M,Brown,Fall,4.3,Yes,Store Pickup,Yes,Yes,24,Venmo,Bi-Weekly
2295,49,Male,Hoodie,Clothing,78,Arkansas,S,Peach,Winter,3.8,No,Express,No,No,19,Venmo,Bi-Weekly
2296,47,Male,Jacket,Outerwear,51,Colorado,S,Charcoal,Spring,3.4,No,Store Pickup,No,No,10,Debit Card,Annually
2297,40,Female,Jeans,Clothing,53,Utah,L,Beige,Summer,3.6,No,Express,No,No,3,Bank Transfer,Every 3 Months
2298,70,Male,Jewelry,Accessories,37,Arizona,M,Purple,Spring,3.3,No,Store Pickup,No,No,33,Bank Transfer,Monthly
2299,64,Male,Scarf,Accessories,66,Kentucky,L,White,Summer,3.7,Yes,Store Pickup,Yes,Yes,4,Cash,Annually
2300,33,Female,Boots,Footwear,64,New Mexico,M,Red,Winter,4.2,No,2-Day Shipping,No,No,12,Venmo,Every 3 Months
2301,40,Female,Gloves,Accessories,60,New Mexico,S,Yellow,Summer,5.0,No,Free Shipping,No,No,27,Debit Card,Monthly
2302,41,Female,Sneakers,Footwear,43,Tennessee,L,Olive,Summer,2.9,No,Store Pickup,Yes,Yes,11,Debit Card,Every 3 Months
2303,46,Male,Shorts,Clothing,48,Wyoming,XL,Peach,Spring,4.5,No,Free Shipping,No,No,6,Debit Card,Quarterly
2304,33,Male,Sunglasses,Accessories,72,Massachusetts,M,Yellow,Summer,4.0,No,Free Shipping,No,No,16,Bank Transfer,Bi-Weekly
2305,51,Male,Hat,Accessories,63,Idaho,L,Maroon,Spring,2.8,No,Free Shipping,No,No,14,Bank Transfer,Annually
2306,66,Male,Sunglasses,Accessories,49,California,L,Beige,Spring,3.7,Yes,Express,No,No,6,Bank Transfer,Annually
2307,24,Male,Belt,Accessories,36,Vermont,XL,Cyan,Spring,3.6,No,Express,No,No,30,Credit Card,Monthly
2308,27,Male,Dress,Clothing,57,Maine,M,Peach,Fall,3.7,No,Express,No,No,14,Cash,Annually
2309,37,Female,Jeans,Clothing,56,Vermont,S,Turquoise,Fall,4.3,No,2-Day Shipping,No,No,17,PayPal,Monthly
2310,37,Female,Socks,Clothing,37,Louisiana,S,Peach,Fall,4.9,No,Next Day Air,Yes,Yes,8,Venmo,Monthly
2311,70,Female,Hoodie,Clothing,59,Pennsylvania,L,Lavender,Spring,4.5,Yes,Standard,Yes,Yes,14,Venmo,Every 3 Months
2312,59,Male,Shirt,Clothing,56,North Carolina,L,Green,Winter,3.8,Yes,Store Pickup,Yes,Yes,10,Bank Transfer,Annually
2313,58,Male,Sweater,Clothing,49,Oklahoma,M,Purple,Fall,3.9,No,Next Day Air,Yes,Yes,11,Venmo,Annually
2314,40,Male,Jewelry,Accessories,50,North Carolina,S,Violet,Fall,5.0,No,Express,No,No,22,Credit Card,Fortnightly
2315,40,Male,Scarf,Accessories,61,Kansas,S,Gold,Winter,3.1,No,Store Pickup,Yes,Yes,31,Credit Card,Fortnightly
2316,22,Male,Scarf,Accessories,64,Colorado,M,Olive,Summer,4.5,Yes,Free Shipping,No,No,7,Cash,Annually
2317,56,Male,Belt,Accessories,77,Alabama,XL,Lavender,Fall,3.1,No,2-Day Shipping,No,No,17,Venmo,Monthly
2318,51,Female,Socks,Clothing,61,Michigan,M,Gold,Spring,2.8,No,Next Day Air,No,No,19,Cash,Monthly
2319,63,Male,Hoodie,Clothing,77,Vermont,L,Lavender,Summer,4.1,Yes,Free Shipping,Yes,Yes,18,Bank Transfer,Quarterly
2320,41,Female,Belt,Accessories,36,North Carolina,M,Blue,Summer,2.8,No,2-Day Shipping,No,No,6,Debit Card,Quarterly
2321,42,Male,Sandals,Footwear,62,North Dakota,L,Olive,Spring,3.4,No,Store Pickup,No,No,3,Cash,Every 3 Months
2322,47,Male,Sunglasses,Accessories,51,Illinois,L,Blue,Fall,4.6,No,Express,No,No,9,Bank Transfer,Quarterly
2323,57,Male,Gloves,Accessories,69,Missouri,M,Magenta,Spring,3.2,No,Express,Yes,Yes,21,Debit Card,Monthly
2324,22,Male,Hat,Accessories,61,Massachusetts,L,Violet,Winter,4.8,No,Standard,No,No,29,Credit Card,Monthly
2325,55,Male,Sunglasses,Accessories,88,Connecticut,L,Brown,Spring,2.4,Yes,2-Day Shipping,No,No,3,Cash,Annually
2326,44,Female,Belt,Accessories,48,New Mexico,XL,Gold,Spring,4.4,Yes,2-Day Shipping,No,No,21,Venmo,Monthly
2327,28,Male,Sunglasses,Accessories,52,Maine,M,Red,Summer,2.9,Yes,2-Day Shipping,Yes,Yes,5,PayPal,Every 3 Months
2328,18,Male,Hoodie,Clothing,63,Massachusetts,M,Violet,Summer,3.6,No,Standard,Yes,Yes,35,Venmo,Monthly
2329,42,Female,T-shirt,Clothing,56,New Jersey,M,White,Fall,3.8,No,Free Shipping,Yes,Yes,10,PayPal,Every 3 Months
2330,66,Male,Dress,Clothing,43,Alaska,L,Brown,Fall,3.5,No,Next Day Air,No,No,24,Venmo,Fortnightly
2331,69,Female,Backpack,Accessories,63,Washington,M,Cyan,Fall,3.6,No,Standard,No,No,10,Venmo,Annually
2332,49,Male,Backpack,Accessories,49,Idaho,XL,Yellow,Fall,2.9,No,Next Day Air,No,No,32,Debit Card,Quarterly
2333,70,Female,T-shirt,Clothing,65,North Dakota,M,Maroon,Winter,4.5,No,Express,No,No,15,Credit Card,Annually
2334,43,Male,Skirt,Clothing,37,Rhode Island,XL,Teal,Fall,3.0,Yes,Free Shipping,No,No,10,Debit Card,Annually
2335,58,Male,Sneakers,Footwear,55,Delaware,M,Beige,Spring,2.9,No,Express,No,No,1,Venmo,Quarterly
2336,37,Female,Jeans,Clothing,61,Illinois,S,Blue,Summer,3.6,No,Free Shipping,No,No,14,Credit Card,Every 3 Months
2337,36,Female,Sneakers,Footwear,63,Massachusetts,M,Cyan,Fall,3.2,No,Next Day Air,No,No,29,Bank Transfer,Monthly
2338,34,Male,Blouse,Clothing,69,South Dakota,L,Blue,Summer,4.2,No,Next Day Air,No,No,8,PayPal,Every 3 Months
2339,18,Female,Pants,Clothing,54,New York,L,Violet,Winter,3.4,No,Free Shipping,Yes,Yes,21,Bank Transfer,Bi-Weekly
2340,63,Male,Shorts,Clothing,65,Mississippi,M,Teal,Summer,3.7,No,Standard,No,No,9,Cash,Every 3 Months
2341,34,Male,Pants,Clothing,57,Texas,S,Indigo,Summer,3.8,No,Next Day Air,Yes,Yes,7,Venmo,Annually
2342,32,Male,Blouse,Clothing,70,Mississippi,XL,Black,Summer,4.3,No,Store Pickup,No,No,4,Credit Card,Quarterly
2343,26,Female,Shirt,Clothing,33,Vermont,M,Blue,Fall,3.4,No,Store Pickup,No,No,13,Debit Card,Quarterly
2344,41,Male,Shorts,Clothing,22,Rhode Island,M,Gold,Fall,2.7,Yes,Express,No,No,14,Debit Card,Annually
2345,70,Female,Blouse,Clothing,78,Florida,XL,Red,Summer,3.2,No,Express,Yes,Yes,27,Cash,Monthly
2346,70,Male,Boots,Footwear,57,Maryland,S,Teal,Spring,4.3,Yes,Next Day Air,No,No,7,Bank Transfer,Quarterly
2347,19,Female,Skirt,Clothing,31,Alaska,S,Olive,Spring,3.9,No,Express,Yes,Yes,27,Bank Transfer,Fortnightly
2348,39,Female,T-shirt,Clothing,55,Idaho,M,Violet,Summer,3.5,No,2-Day Shipping,No,No,2,PayPal,Every 3 Months
2349,28,Male,Hoodie,Clothing,50,Alaska,L,White,Winter,3.7,No,Standard,Yes,Yes,3,Venmo,Every 3 Months
2350,59,Male,Coat,Outerwear,74,Colorado,M,Silver,Winter,3.4,No,2-Day Shipping,No,No,11,Debit Card,Every 3 Months
2351,48,Male,Boots,Footwear,74,Alabama,XL,Black,Fall,4.1,Yes,Store Pickup,No,No,2,Debit Card,Quarterly
2352,34,Female,Coat,Outerwear,61,North Dakota,M,Violet,Fall,3.8,No,2-Day Shipping,Yes,Yes,7,PayPal,Annually
2353,45,Male,Boots,Footwear,75,Massachusetts,XL,Violet,Fall,3.5,No,Next Day Air,No,No,19,Debit Card,Monthly
2354,37,Male,Pants,Clothing,39,Mississippi,S,Olive,Spring,4.3,No,Store Pickup,No,No,7,Cash,Annually
2355,68,Male,Belt,Accessories,20,Rhode Island,S,Orange,Summer,4.5,No,Free Shipping,No,No,23,PayPal,Monthly
2356,52,Female,Dress,Clothing,66,South Dakota,M,Silver,Winter,3.1,Yes,Free Shipping,No,No,13,Credit Card,Monthly
2357,54,Male,Sandals,Footwear,56,Nebraska,S,Orange,Fall,3.1,No,Next Day Air,No,No,13,PayPal,Monthly
2358,18,Male,Sweater,Clothing,34,Minnesota,M,Green,Spring,5.0,Yes,Express,Yes,Yes,7,Credit Card,Quarterly
2359,43,Female,Sweater,Clothing,68,North Carolina,L,Purple,Spring,4.1,No,Free Shipping,No,No,20,Credit Card,Quarterly
2360,70,Male,Boots,Footwear,33,Massachusetts,L,Silver,Winter,4.7,No,2-Day Shipping,No,No,15,Bank Transfer,Annually
2361,64,Female,Shoes,Footwear,64,Minnesota,L,Brown,Winter,4.2,Yes,Standard,No,No,19,Credit Card,Monthly
2362,18,Male,Coat,Outerwear,80,Iowa,S,Pink,Spring,3.9,No,Express,No,No,4,Cash,Every 3 Months
2363,39,Male,Sweater,Clothing,62,Georgia,L,Charcoal,Summer,2.4,No,Express,No,No,14,Venmo,Every 3 Months
2364,26,Female,Blouse,Clothing,61,Georgia,M,Orange,Winter,3.0,No,Express,No,No,7,PayPal,Annually
2365,70,Female,Jeans,Clothing,50,North Carolina,L,Blue,Summer,4.1,No,2-Day Shipping,No,No,22,Cash,Monthly
2366,48,Female,Hoodie,Clothing,61,Tennessee,L,Yellow,Spring,3.2,No,Express,No,No,17,Credit Card,Fortnightly
2367,32,Male,Gloves,Accessories,65,Michigan,M,Pink,Summer,3.7,No,Free Shipping,No,No,15,Debit Card,Annually
2368,45,Male,Skirt,Clothing,48,California,M,Magenta,Summer,4.2,No,Store Pickup,No,No,10,Bank Transfer,Quarterly
2369,18,Male,Boots,Footwear,42,New Mexico,XL,Maroon,Summer,3.7,No,Next Day Air,No,No,24,Debit Card,Fortnightly
2370,28,Male,Shorts,Clothing,71,Virginia,M,Peach,Winter,3.9,No,Next Day Air,Yes,Yes,14,Cash,Annually
2371,45,Male,Jewelry,Accessories,87,Nebraska,L,Brown,Winter,4.6,No,Next Day Air,No,No,30,PayPal,Fortnightly
2372,57,Male,Shoes,Footwear,90,Alaska,XL,Maroon,Fall,4.5,Yes,Standard,Yes,Yes,30,Bank Transfer,Bi-Weekly
2373,18,Male,Sunglasses,Accessories,21,California,M,Purple,Spring,3.7,Yes,2-Day Shipping,No,No,19,Cash,Monthly
2374,38,Male,Socks,Clothing,78,Nebraska,M,Gold,Summer,4.5,No,Express,No,No,15,Debit Card,Annually
2375,59,Male,Hoodie,Clothing,48,Utah,M,Magenta,Spring,3.1,No,Express,Yes,Yes,23,Debit Card,Fortnightly
2376,22,Male,Blouse,Clothing,93,Arizona,L,Green,Spring,3.8,Yes,Store Pickup,No,No,10,Debit Card,Annually
2377,47,Female,Sunglasses,Accessories,40,Pennsylvania,M,Charcoal,Summer,4.1,No,Next Day Air,No,No,4,PayPal,Every 3 Months
2378,45,Female,Backpack,Accessories,45,Rhode Island,M,Yellow,Spring,3.7,Yes,Standard,Yes,Yes,26,Cash,Bi-Weekly
2379,70,Male,Hoodie,Clothing,57,Arizona,M,Orange,Fall,3.6,No,Next Day Air,Yes,Yes,17,Cash,Quarterly
2380,41,Female,Coat,Outerwear,62,Hawaii,XL,Indigo,Summer,2.9,No,Standard,No,No,9,Venmo,Quarterly
2381,41,Female,Backpack,Accessories,51,Alabama,XL,Green,Fall,3.7,No,2-Day Shipping,No,No,16,Cash,Bi-Weekly
2382,57,Male,Sneakers,Footwear,75,New Hampshire,M,Pink,Fall,2.7,No,Next Day Air,Yes,Yes,15,Bank Transfer,Annually
2383,24,Male,Pants,Clothing,84,Florida,XL,Blue,Winter,3.6,Yes,Store Pickup,No,No,13,Debit Card,Quarterly
2384,41,Male,Coat,Outerwear,53,Virginia,L,Orange,Summer,3.6,No,Next Day Air,No,No,25,PayPal,Quarterly
2385,37,Male,Shorts,Clothing,84,California,XL,Cyan,Spring,4.1,No,Standard,No,No,12,Bank Transfer,Annually
2386,42,Female,Shorts,Clothing,38,North Carolina,S,Violet,Winter,3.0,No,Express,No,No,18,Cash,Bi-Weekly
2387,57,Female,Sandals,Footwear,50,South Carolina,M,Silver,Summer,3.9,No,Standard,Yes,Yes,2,Venmo,Every 3 Months
2388,52,Male,Sandals,Footwear,100,Florida,L,Red,Winter,4.0,No,2-Day Shipping,No,No,5,Credit Card,Annually
2389,33,Female,Sunglasses,Accessories,69,Illinois,M,Brown,Winter,3.7,Yes,2-Day Shipping,Yes,Yes,29,Venmo,Fortnightly
2390,46,Male,Hoodie,Clothing,47,South Carolina,M,Blue,Winter,4.0,No,Standard,No,No,28,Bank Transfer,Fortnightly
2391,66,Female,Shorts,Clothing,62,California,L,Magenta,Fall,3.9,No,Next Day Air,Yes,Yes,6,PayPal,Every 3 Months
2392,32,Female,Scarf,Accessories,68,Minnesota,L,Green,Fall,2.2,No,Standard,No,No,9,Venmo,Monthly
2393,46,Male,Boots,Footwear,65,Illinois,M,Red,Summer,3.1,No,Free Shipping,No,No,8,Venmo,Quarterly
2394,41,Male,T-shirt,Clothing,78,Alabama,M,Purple,Summer,5.0,No,Standard,Yes,Yes,17,Credit Card,Bi-Weekly
2395,43,Female,Jeans,Clothing,44,Minnesota,M,Indigo,Winter,4.1,No,2-Day Shipping,Yes,Yes,9,Cash,Annually
2396,20,Female,Jewelry,Accessories,47,Missouri,S,Charcoal,Fall,3.4,No,Standard,No,No,6,Cash,Monthly
2397,65,Male,Scarf,Accessories,49,Louisiana,M,Green,Spring,4.0,Yes,2-Day Shipping,No,No,13,Cash,Quarterly
2398,32,Male,T-shirt,Clothing,45,South Dakota,M,Maroon,Summer,4.1,No,Express,No,No,7,Cash,Every 3 Months
2399,59,Male,Backpack,Accessories,64,California,L,Gold,Winter,4.7,Yes,Store Pickup,Yes,Yes,9,Bank Transfer,Monthly
2400,35,Female,Jacket,Outerwear,51,Michigan,M,Gray,Spring,3.4,No,Next Day Air,No,No,11,Bank Transfer,Quarterly
2401,35,Female,Jeans,Clothing,63,Georgia,M,Gold,Summer,3.3,No,2-Day Shipping,No,No,7,Bank Transfer,Quarterly
2402,62,Female,Scarf,Accessories,73,Pennsylvania,L,Black,Winter,3.5,Yes,Free Shipping,Yes,Yes,18,Cash,Fortnightly
2403,59,Female,Handbag,Accessories,37,Nevada,S,Peach,Summer,3.4,No,Express,Yes,Yes,20,Venmo,Quarterly
2404,47,Female,Backpack,Accessories,47,Oklahoma,M,Yellow,Fall,3.4,No,Next Day Air,Yes,Yes,9,PayPal,Annually
2405,55,Female,Boots,Footwear,52,Colorado,M,White,Winter,3.8,No,2-Day Shipping,No,No,5,PayPal,Annually
2406,40,Male,Belt,Accessories,53,Minnesota,L,White,Summer,3.5,No,2-Day Shipping,No,No,20,Venmo,Monthly
2407,44,Female,Jewelry,Accessories,60,Arizona,S,Pink,Winter,3.7,Yes,2-Day Shipping,No,No,13,Debit Card,Quarterly
2408,34,Male,Dress,Clothing,78,Kentucky,M,Red,Summer,4.8,Yes,Free Shipping,No,No,22,PayPal,Bi-Weekly
2409,58,Male,Gloves,Accessories,79,West Virginia,M,Black,Summer,3.2,Yes,Store Pickup,Yes,Yes,40,Debit Card,Weekly
2410,34,Female,Shorts,Clothing,45,Oregon,L,Cyan,Spring,3.9,No,2-Day Shipping,No,No,7,Debit Card,Quarterly
2411,66,Female,T-shirt,Clothing,69,Arkansas,L,Purple,Summer,3.0,No,Standard,No,No,31,Venmo,Quarterly
2412,39,Female,Hat,Accessories,79,Maine,XL,Yellow,Fall,4.3,No,Standard,No,No,7,Debit Card,Quarterly
2413,44,Male,Scarf,Accessories,76,Utah,L,Violet,Spring,4.4,No,Express,Yes,Yes,15,Venmo,Quarterly
2414,55,Male,Jacket,Outerwear,71,Florida,M,Peach,Summer,3.1,No,Standard,No,No,10,Venmo,Monthly
2415,44,Male,Sunglasses,Accessories,62,Pennsylvania,M,Blue,Fall,3.3,Yes,Next Day Air,Yes,Yes,15,Debit Card,Every 3 Months
2416,40,Male,Sneakers,Footwear,44,Kentucky,S,Yellow,Winter,4.1,Yes,Store Pickup,No,No,30,Debit Card,Monthly
2417,44,Male,Shirt,Clothing,51,Mississippi,M,Gray,Fall,3.5,No,Store Pickup,No,No,16,Venmo,Quarterly
2418,57,Male,Belt,Accessories,39,Utah,S,Black,Fall,4.6,Yes,Free Shipping,Yes,Yes,9,Credit Card,Every 3 Months
2419,34,Male,Jacket,Outerwear,86,North Dakota,M,Silver,Fall,,No,2-Day Shipping,Yes,Yes,10,Bank Transfer,Annually
2420,42,Female,Shorts,Clothing,54,Iowa,L,Charcoal,Summer,4.3,No,Free Shipping,No,No,16,Bank Transfer,Quarterly
2421,44,Male,Boots,Footwear,59,Alabama,L,Gray,Summer,5.0,No,Standard,No,No,6,Debit Card,Annually
2422,57,Male,Scarf,Accessories,47,Idaho,M,Pink,Fall,4.0,No,Standard,No,No,3,Bank Transfer,Every 3 Months
2423,43,Female,Socks,Clothing,35,Massachusetts,M,Yellow,Spring,3.3,No,Standard,Yes,Yes,10,Venmo,Every 3 Months
2424,70,Male,Hat,Accessories,68,Connecticut,M,Violet,Winter,3.3,No,Free Shipping,No,No,9,Cash,Annually
2425,42,Female,T-shirt,Clothing,66,Vermont,M,Charcoal,Summer,3.6,No,2-Day Shipping,No,No,21,Cash,Quarterly
2426,40,Female,Socks,Clothing,79,Arizona,M,Charcoal,Winter,4.1,Yes,Next Day Air,No,No,5,Debit Card,Every 3 Months
2427,41,Male,Shirt,Clothing,30,Nevada,M,Teal,Spring,2.8,No,Store Pickup,No,No,20,Credit Card,Bi-Weekly
2428,24,Female,Jeans,Clothing,85,Wisconsin,M,Gray,Summer,3.5,Yes,Free Shipping,No,No,12,Debit Card,Every 3 Months
2429,28,Female,T-shirt,Clothing,62,Kentucky,XL,Black,Summer,3.8,Yes,Next Day Air,No,No,10,Cash,Every 3 Months
2430,36,Female,Sandals,Footwear,72,Nebraska,M,Orange,Summer,4.6,No,Free Shipping,No,No,2,Debit Card,Every 3 Months
2431,61,Female,Hoodie,Clothing,22,Arkansas,M,Pink,Fall,4.8,Yes,Standard,No,No,24,Cash,Fortnightly
2432,44,Female,Sandals,Footwear,73,Oregon,S,Yellow,Fall,3.6,Yes,Next Day Air,No,No,3,PayPal,Annually
2433,37,Female,Belt,Accessories,56,Wisconsin,M,Maroon,Winter,3.1,No,2-Day Shipping,No,No,13,Venmo,Quarterly
2434,62,Male,Pants,Clothing,54,Rhode Island,M,Silver,Winter,3.8,No,Next Day Air,Yes,Yes,11,Cash,Every 3 Months
2435,67,Female,Dress,Clothing,56,Delaware,XL,Olive,Spring,3.8,No,Store Pickup,No,No,7,Credit Card,Every 3 Months
2436,63,Female,Coat,Outerwear,58,Louisiana,M,White,Winter,4.3,No,Next Day Air,No,No,11,Credit Card,Every 3 Months
2437,31,Female,Backpack,Accessories,34,Oregon,M,Maroon,Summer,3.5,No,Express,No,No,12,Debit Card,Annually
2438,37,Female,Coat,Outerwear,48,South Carolina,XL,Pink,Summer,3.0,No,Next Day Air,No,No,20,Venmo,Monthly
2439,70,Male,Shorts,Clothing,58,Massachusetts,M,Yellow,Spring,3.7,No,Store Pickup,No,No,14,Credit Card,Quarterly
2440,48,Female,Sunglasses,Accessories,78,Wisconsin,M,Turquoise,Fall,3.5,No,2-Day Shipping,No,No,29,Bank Transfer,Bi-Weekly
2441,40,Female,Sandals,Footwear,78,Hawaii,L,Lavender,Winter,3.4,No,Standard,Yes,Yes,20,Venmo,Monthly
2442,55,Male,Jacket,Outerwear,72,Pennsylvania,M,Maroon,Summer,3.1,No,Free Shipping,No,No,8,PayPal,Monthly
2443,59,Male,Hoodie,Clothing,56,Missouri,XL,Orange,Winter,2.9,Yes,Standard,Yes,Yes,15,PayPal,Annually
2444,35,Male,Coat,Outerwear,100,Oklahoma,S,Brown,Spring,4.0,Yes,Express,Yes,Yes,4,Venmo,Annually
2445,47,Male,T-shirt,Clothing,69,New Jersey,L,Cyan,Winter,3.9,No,Free Shipping,No,No,11,Debit Card,Quarterly
2446,58,Female,Shoes,Footwear,70,Michigan,M,Purple,Summer,3.2,No,Store Pickup,Yes,Yes,12,PayPal,Quarterly
2447,27,Male,Hat,Accessories,42,South Dakota,L,Black,Summer,4.2,Yes,Free Shipping,No,No,3,Bank Transfer,Annually
2448,44,Male,Handbag,Accessories,61,Texas,L,Peach,Spring,2.6,No,2-Day Shipping,No,No,8,PayPal,Every 3 Months
2449,27,Female,Dress,Clothing,38,South Dakota,L,Maroon,Winter,3.5,No,Standard,No,No,24,Cash,Quarterly
2450,29,Female,Sandals,Footwear,93,California,L,Maroon,Fall,3.8,No,Standard,Yes,Yes,22,PayPal,Fortnightly
2451,36,Female,Pants,Clothing,45,Michigan,L,Turquoise,Winter,4.4,No,Express,Yes,Yes,10,Bank Transfer,Monthly
2452,51,Female,Handbag,Accessories,47,Pennsylvania,S,Gold,Summer,3.4,No,2-Day Shipping,No,No,34,Cash,Fortnightly
2453,39,Female,Hat,Accessories,47,Utah,S,Silver,Spring,4.4,No,Free Shipping,No,No,23,Debit Card,Fortnightly
2454,34,Female,Jewelry,Accessories,51,Maine,M,Silver,Fall,3.4,No,2-Day Shipping,No,No,20,Venmo,Monthly
2455,45,Female,Sunglasses,Accessories,68,Pennsylvania,M,Yellow,Spring,4.2,No,Store Pickup,No,No,5,Credit Card,Annually
2456,27,Male,Scarf,Accessories,57,New Hampshire,M,Teal,Fall,4.8,No,Standard,No,No,7,Credit Card,Quarterly
2457,50,Female,Sunglasses,Accessories,58,Idaho,L,Maroon,Spring,3.2,No,Free Shipping,No,No,7,Debit Card,Quarterly
2458,61,Male,Sunglasses,Accessories,69,Vermont,L,Indigo,Spring,3.8,No,Store Pickup,Yes,Yes,2,Bank Transfer,Annually
2459,43,Male,Gloves,Accessories,39,Minnesota,XL,Silver,Fall,4.1,Yes,Standard,Yes,Yes,15,Credit Card,Monthly
2460,41,Male,Jewelry,Accessories,75,New Mexico,M,White,Fall,3.0,Yes,Standard,No,No,5,Cash,Monthly
2461,50,Female,Sneakers,Footwear,62,Iowa,L,Gray,Spring,3.9,No,Standard,No,No,23,Credit Card,Fortnightly
2462,18,Female,Handbag,Accessories,46,Alaska,L,Indigo,Spring,3.4,No,Free Shipping,No,No,17,Credit Card,Fortnightly
2463,52,Male,Shirt,Clothing,60,Minnesota,XL,Maroon,Winter,3.2,No,Express,No,No,23,Credit Card,Monthly
2464,70,Female,Jewelry,Accessories,59,Oregon,L,Blue,Spring,3.5,No,Store Pickup,Yes,Yes,8,Cash,Quarterly
2465,42,Male,Pants,Clothing,20,Kentucky,M,Gray,Spring,3.4,No,Express,No,No,19,PayPal,Quarterly
2466,42,Female,Sweater,Clothing,80,Washington,S,Charcoal,Winter,4.2,No,Next Day Air,Yes,Yes,28,Debit Card,Bi-Weekly
2467,55,Female,Boots,Footwear,79,Pennsylvania,XL,Silver,Fall,3.6,No,Free Shipping,Yes,Yes,12,Credit Card,Every 3 Months
2468,69,Female,Sweater,Clothing,37,North Carolina,L,Maroon,Spring,5.0,No,Store Pickup,Yes,Yes,17,Debit Card,Monthly
2469,59,Female,Backpack,Accessories,45,South Dakota,L,Peach,Winter,3.4,No,Free Shipping,Yes,Yes,17,Credit Card,Bi-Weekly
2470,18,Male,Coat,Outerwear,90,Utah,L,Black,Summer,3.9,No,Standard,No,No,23,Cash,Quarterly
2471,52,Male,T-shirt,Clothing,75,Oregon,L,Orange,Fall,3.6,Yes,Express,No,No,13,PayPal,Every 3 Months
2472,70,Female,Pants,Clothing,64,Tennessee,L,Purple,Fall,2.9,No,Standard,Yes,Yes,10,Credit Card,Every 3 Months
2473,53,Female,T-shirt,Clothing,65,Oklahoma,XL,Purple,Summer,4.7,No,Standard,No,No,4,Credit Card,Annually
2474,27,Male,Socks,Clothing,64,Utah,XL,Silver,Summer,3.8,No,Free Shipping,No,No,8,Venmo,Annually
2475,48,Male,Belt,Accessories,46,Colorado,M,Blue,Fall,3.3,Yes,Free Shipping,Yes,Yes,2,Cash,Annually
2476,25,Male,Shoes,Footwear,51,Louisiana,S,Olive,Summer,3.9,No,Standard,Yes,Yes,23,Cash,Quarterly
2477,62,Male,Belt,Accessories,73,Vermont,S,Maroon,Spring,4.4,No,2-Day Shipping,No,No,3,Debit Card,Every 3 Months
2478,30,Male,Sweater,Clothing,69,Mississippi,M,Violet,Fall,3.2,No,Next Day Air,Yes,Yes,20,Bank Transfer,Quarterly
2479,45,Male,Backpack,Accessories,62,Alabama,L,Purple,Fall,3.8,No,Express,No,No,30,Venmo,Monthly
2480,31,Female,Socks,Clothing,48,Texas,L,White,Fall,4.3,No,Free Shipping,No,No,28,Cash,Monthly
2481,36,Male,Scarf,Accessories,73,North Carolina,M,Beige,Fall,3.8,No,Next Day Air,No,No,10,Debit Card,Quarterly
2482,66,Male,Gloves,Accessories,42,Virginia,M,Magenta,Fall,4.1,No,Express,No,No,5,Credit Card,Quarterly
2483,46,Male,Dress,Clothing,82,Alabama,M,Purple,Winter,3.5,No,Express,Yes,Yes,21,Venmo,Fortnightly
2484,36,Male,Sneakers,Footwear,48,Delaware,L,Blue,Winter,2.7,No,Express,No,No,5,Bank Transfer,Every 3 Months
2485,27,Female,Sneakers,Footwear,46,Montana,L,Pink,Winter,3.5,No,Express,Yes,Yes,6,Bank Transfer,Every 3 Months
2486,18,Male,Sweater,Clothing,58,Georgia,S,Cyan,Spring,3.4,No,2-Day Shipping,No,No,20,Credit Card,Bi-Weekly
2487,25,Female,Gloves,Accessories,60,Nebraska,M,Black,Spring,3.7,No,Store Pickup,No,No,19,Venmo,Quarterly
2488,46,Female,Backpack,Accessories,59,Louisiana,M,Pink,Summer,3.4,No,Standard,Yes,Yes,33,Credit Card,Bi-Weekly
2489,59,Male,Shorts,Clothing,37,Hawaii,M,Lavender,Fall,3.8,No,Free Shipping,No,No,8,PayPal,Every 3 Months
2490,36,Female,Socks,Clothing,65,Rhode Island,L,Lavender,Spring,3.5,No,Standard,Yes,Yes,12,Venmo,Every 3 Months
2491,68,Female,Sunglasses,Accessories,73,Alaska,XL,Green,Spring,4.2,No,Store Pickup,Yes,Yes,10,Cash,Quarterly
2492,33,Male,Jacket,Outerwear,67,Utah,S,Purple,Spring,4.0,No,Free Shipping,No,No,5,Credit Card,Annually
2493,40,Male,Scarf,Accessories,32,Delaware,M,Peach,Fall,,No,Express,Yes,Yes,11,Debit Card,Annually
2494,28,Female,Hat,Accessories,54,New Jersey,M,Pink,Winter,4.5,No,Store Pickup,Yes,Yes,10,Cash,Annually
2495,59,Female,Handbag,Accessories,39,Wyoming,M,Silver,Summer,3.3,No,Standard,Yes,Yes,7,Credit Card,Monthly
2496,70,Male,Skirt,Clothing,33,Colorado,M,Peach,Fall,3.0,Yes,2-Day Shipping,Yes,Yes,17,Cash,Monthly
2497,18,Female,Pants,Clothing,49,Washington,S,Black,Spring,4.3,No,Free Shipping,No,No,4,PayPal,Monthly
2498,39,Male,Socks,Clothing,90,Kansas,S,Brown,Spring,3.3,Yes,Next Day Air,No,No,8,Venmo,Every 3 Months
2499,63,Female,Sneakers,Footwear,59,Pennsylvania,L,Yellow,Fall,3.7,No,Next Day Air,No,No,16,Bank Transfer,Monthly
2500,22,Male,Sandals,Footwear,62,Texas,S,Gray,Summer,2.9,Yes,2-Day Shipping,Yes,Yes,38,Debit Card,Weekly
2501,53,Male,Coat,Outerwear,85,Idaho,L,Lavender,Spring,3.4,Yes,Store Pickup,No,No,10,Debit Card,Every 3 Months
2502,62,Female,Sweater,Clothing,68,Louisiana,M,Indigo,Spring,3.6,No,2-Day Shipping,No,No,3,Venmo,Every 3 Months
2503,45,Female,Jewelry,Accessories,40,Utah,M,Yellow,Winter,3.5,Yes,Express,No,No,21,Cash,Quarterly
2504,52,Female,Belt,Accessories,87,Colorado,S,Teal,Fall,3.4,No,Store Pickup,Yes,Yes,9,Bank Transfer,Every 3 Months
2505,70,Male,Jeans,Clothing,61,Colorado,S,Maroon,Winter,3.7,No,Next Day Air,No,No,22,Credit Card,Monthly
2506,70,Male,Sweater,Clothing,79,Kansas,M,Purple,Summer,4.3,Yes,Store Pickup,Yes,Yes,29,Venmo,Monthly
2507,43,Female,Sandals,Footwear,50,New Mexico,L,Olive,Winter,3.1,No,Next Day Air,No,No,5,Credit Card,Annually
2508,36,Female,Scarf,Accessories,26,South Dakota,XL,Pink,Winter,2.2,No,Standard,No,No,11,Credit Card,Annually
2509,30,Male,Hat,Accessories,55,New Hampshire,S,White,Summer,4.5,No,Standard,No,No,29,Cash,Bi-Weekly
2510,59,Female,Shirt,Clothing,40,Missouri,S,Pink,Spring,3.3,No,Express,No,No,9,Venmo,Annually
2511,23,Male,Scarf,Accessories,76,Utah,S,Blue,Winter,3.4,No,2-Day Shipping,Yes,Yes,16,Cash,Fortnightly
2512,40,Male,Jeans,Clothing,41,Florida,L,Maroon,Summer,3.4,Yes,Next Day Air,Yes,Yes,16,Bank Transfer,Monthly
2513,46,Male,Hoodie,Clothing,58,Virginia,M,Teal,Summer,2.9,No,Standard,No,No,13,Cash,Monthly
2514,36,Male,Handbag,Accessories,67,Kansas,M,Beige,Winter,3.5,No,Free Shipping,Yes,Yes,11,Cash,Quarterly
2515,48,Male,Jeans,Clothing,65,Indiana,L,Green,Summer,3.5,No,2-Day Shipping,Yes,Yes,10,Debit Card,Quarterly
2516,70,Female,Jacket,Outerwear,60,West Virginia,L,Cyan,Winter,3.9,No,2-Day Shipping,No,No,11,Debit Card,Quarterly
2517,42,Male,Belt,Accessories,29,North Carolina,L,Red,Spring,3.4,No,Standard,No,No,10,Cash,Every 3 Months
2518,37,Male,Shorts,Clothing,34,Michigan,S,Brown,Summer,2.2,No,Express,No,No,11,Cash,Quarterly
2519,59,Male,Blouse,Clothing,46,Kentucky,M,Peach,Summer,2.9,No,Express,Yes,Yes,13,PayPal,Quarterly
2520,48,Male,Hat,Accessories,40,Minnesota,M,Black,Summer,4.4,Yes,2-Day Shipping,No,No,19,PayPal,Quarterly
2521,66,Male,Jeans,Clothing,57,South Carolina,L,White,Spring,3.2,No,Next Day Air,No,No,3,PayPal,Annually
2522,46,Female,Shirt,Clothing,46,Delaware,L,Gray,Winter,4.0,No,Standard,No,No,25,Venmo,Bi-Weekly
2523,40,Male,Socks,Clothing,43,Florida,S,Lavender,Fall,3.3,Yes,Store Pickup,Yes,Yes,19,Cash,Fortnightly
2524,18,Female,Socks,Clothing,35,Kansas,XL,Silver,Fall,4.2,No,Express,Yes,Yes,4,Cash,Annually
2525,20,Female,Jewelry,Accessories,38,Missouri,M,Indigo,Fall,3.8,Yes,Standard,Yes,Yes,10,Debit Card,Every 3 Months
2526,18,Male,Hat,Accessories,56,South Dakota,L,Blue,Fall,2.9,No,Next Day Air,No,No,17,Cash,Monthly
2527,50,Female,Dress,Clothing,46,Hawaii,S,Violet,Fall,3.0,No,Express,Yes,Yes,28,PayPal,Fortnightly
2528,24,Female,Boots,Footwear,66,South Carolina,M,Blue,Fall,2.8,Yes,Free Shipping,No,No,10,Cash,Annually
2529,63,Female,Socks,Clothing,57,Virginia,S,Maroon,Fall,4.2,No,Next Day Air,No,No,20,Cash,Fortnightly
2530,44,Female,Jewelry,Accessories,60,Michigan,L,Brown,Winter,3.0,Yes,Standard,Yes,Yes,17,Debit Card,Monthly
2531,40,Female,Blouse,Clothing,68,Wisconsin,S,Purple,Spring,3.5,No,Store Pickup,No,No,7,Debit Card,Quarterly
2532,31,Female,Handbag,Accessories,33,Vermont,M,Gold,Fall,3.7,No,Standard,No,No,4,Venmo,Quarterly
2533,53,Female,Blouse,Clothing,68,South Carolina,L,White,Spring,3.8,No,Standard,No,No,23,Debit Card,Monthly
2534,32,Male,Belt,Accessories,63,Maryland,L,Cyan,Spring,3.5,No,Free Shipping,No,No,4,Bank Transfer,Quarterly
2535,29,Female,Hoodie,Clothing,55,Kansas,L,Pink,Winter,2.8,No,Store Pickup,No,No,17,Bank Transfer,Bi-Weekly
2536,62,Female,Jacket,Outerwear,61,Utah,L,Beige,Summer,,Yes,Next Day Air,Yes,Yes,14,Venmo,Annually
2537,49,Female,Sweater,Clothing,59,Minnesota,L,Blue,Fall,3.1,No,Standard,Yes,Yes,14,Bank Transfer,Annually
2538,40,Male,Sandals,Footwear,73,Alaska,L,Gold,Fall,2.1,Yes,2-Day Shipping,No,No,8,Bank Transfer,Monthly
2539,54,Male,Coat,Outerwear,52,Oklahoma,M,Violet,Spring,3.9,Yes,Next Day Air,No,No,18,Bank Transfer,Monthly
2540,44,Male,Skirt,Clothing,68,Louisiana,S,Yellow,Summer,4.0,No,2-Day Shipping,Yes,Yes,10,PayPal,Monthly
2541,50,Male,Blouse,Clothing,92,Washington,M,Peach,Spring,3.1,Yes,Express,Yes,Yes,12,Venmo,Annually
2542,32,Male,Pants,Clothing,63,Texas,S,Green,Summer,4.5,Yes,Standard,Yes,Yes,14,PayPal,Quarterly
2543,70,Male,Jacket,Outerwear,89,Colorado,M,Gray,Spring,3.5,No,Next Day Air,No,No,24,Credit Card,Monthly
2544,35,Male,Sunglasses,Accessories,65,Virginia,M,Cyan,Fall,4.3,No,Express,Yes,Yes,20,Venmo,Fortnightly
2545,67,Male,Backpack,Accessories,61,West Virginia,M,Green,Spring,4.2,No,Store Pickup,No,No,2,Debit Card,Quarterly
2546,41,Male,Skirt,Clothing,47,Pennsylvania,L,Maroon,Summer,3.6,No,Free Shipping,No,No,9,Debit Card,Annually
2547,56,Female,Boots,Footwear,61,Indiana,L,Purple,Summer,2.4,Yes,Standard,No,No,3,Cash,Every 3 Months
2548,55,Male,Jeans,Clothing,42,North Dakota,M,Cyan,Winter,3.8,No,Standard,No,No,15,Bank Transfer,Monthly
2549,61,Male,Jeans,Clothing,73,Utah,XL,Beige,Winter,4.0,No,Store Pickup,No,No,29,Cash,Bi-Weekly
2550,31,Male,Blouse,Clothing,46,South Dakota,M,Olive,Summer,3.3,No,2-Day Shipping,No,No,24,Venmo,Bi-Weekly
2551,60,Male,Backpack,Accessories,91,Michigan,M,Gold,Summer,3.8,Yes,Free Shipping,Yes,Yes,18,Venmo,Bi-Weekly
2552,70,Male,Boots,Footwear,67,Oklahoma,M,Lavender,Fall,3.6,No,2-Day Shipping,No,No,20,PayPal,Quarterly
2553,40,Female,Sandals,Footwear,66,Maryland,M,Purple,Fall,3.1,No,Next Day Air,No,No,19,Bank Transfer,Bi-Weekly
2554,45,Female,Dress,Clothing,43,Illinois,M,Violet,Fall,3.6,Yes,2-Day Shipping,No,No,10,Venmo,Quarterly
2555,36,Male,Pants,Clothing,69,North Dakota,L,Olive,Spring,3.4,No,Express,No,No,37,Credit Card,Bi-Weekly
2556,39,Female,Boots,Footwear,62,Mississippi,M,White,Spring,3.9,Yes,Store Pickup,No,No,13,Credit Card,Every 3 Months
2557,70,Male,Gloves,Accessories,48,Idaho,M,Gold,Fall,3.4,No,Free Shipping,Yes,Yes,8,PayPal,Monthly
2558,29,Male,Pants,Clothing,54,North Dakota,M,Purple,Summer,3.3,Yes,Express,Yes,Yes,13,Cash,Quarterly
2559,30,Male,Socks,Clothing,38,Kentucky,M,Yellow,Winter,2.7,No,Next Day Air,No,No,5,PayPal,Annually
2560,68,Male,Gloves,Accessories,57,New Jersey,L,Cyan,Spring,5.0,No,Store Pickup,No,No,15,Venmo,Every 3 Months
2561,53,Female,Jacket,Outerwear,65,Maine,L,Red,Spring,3.3,No,Express,No,No,30,PayPal,Fortnightly
2562,70,Female,Scarf,Accessories,36,Vermont,L,Magenta,Winter,3.1,No,Express,Yes,Yes,9,Debit Card,Quarterly
2563,37,Female,Shorts,Clothing,66,Texas,M,Violet,Winter,4.1,No,Standard,No,No,6,Venmo,Annually
2564,46,Male,Scarf,Accessories,97,Mississippi,M,Gray,Fall,3.9,Yes,Free Shipping,No,No,34,Cash,Monthly
2565,34,Female,Socks,Clothing,35,Oklahoma,M,Yellow,Spring,4.0,No,Next Day Air,No,No,5,Cash,Annually
2566,46,Male,Sneakers,Footwear,64,Florida,L,Silver,Spring,4.0,Yes,Free Shipping,Yes,Yes,17,Venmo,Bi-Weekly
2567,18,Male,Hoodie,Clothing,85,Wyoming,M,Purple,Winter,4.4,No,Next Day Air,No,No,6,Bank Transfer,Quarterly
2568,54,Male,Skirt,Clothing,46,Hawaii,M,Beige,Summer,3.1,No,2-Day Shipping,Yes,Yes,20,Bank Transfer,Quarterly
2569,49,Female,Handbag,Accessories,64,Utah,S,Blue,Summer,3.8,No,Express,No,No,7,Debit Card,Quarterly
2570,43,Female,Dress,Clothing,64,Texas,L,Pink,Winter,2.8,No,Standard,No,No,2,Credit Card,Annually
2571,38,Male,Jeans,Clothing,69,Florida,S,Magenta,Spring,3.5,No,2-Day Shipping,No,No,11,Cash,Annually
2572,31,Female,Backpack,Accessories,86,Alabama,XL,Green,Summer,4.2,No,2-Day Shipping,No,No,3,PayPal,Quarterly
2573,55,Female,Sneakers,Footwear,37,Oregon,S,Turquoise,Fall,3.1,Yes,Store Pickup,Yes,Yes,12,PayPal,Annually
2574,26,Female,Sneakers,Footwear,63,Utah,M,Maroon,Winter,5.0,No,Free Shipping,Yes,Yes,4,PayPal,Annually
2575,52,Male,Blouse,Clothing,50,Oklahoma,M,Magenta,Summer,3.7,No,2-Day Shipping,No,No,13,Venmo,Monthly
2576,70,Female,Sweater,Clothing,57,Arizona,M,Green,Spring,2.6,No,Express,No,No,2,Cash,Quarterly
2577,66,Female,Belt,Accessories,58,North Carolina,M,Yellow,Spring,4.2,No,2-Day Shipping,No,No,24,Debit Card,Bi-Weekly
2578,21,Female,T-shirt,Clothing,53,Maryland,L,Indigo,Spring,5.0,No,2-Day Shipping,Yes,Yes,10,Credit Card,Every 3 Months
2579,36,Male,Shirt,Clothing,41,Virginia,M,Gold,Summer,2.4,No,Store Pickup,No,No,28,PayPal,Bi-Weekly
2580,50,Female,Boots,Footwear,50,South Dakota,M,Pink,Fall,4.1,Yes,Free Shipping,Yes,Yes,19,Cash,Quarterly
2581,43,Male,Jacket,Outerwear,100,South Carolina,S,Beige,Summer,3.0,Yes,Store Pickup,No,No,20,Cash,Monthly
2582,23,Female,Shirt,Clothing,36,Massachusetts,M,Orange,Spring,3.7,No,Store Pickup,No,No,18,PayPal,Quarterly
2583,50,Male,Sneakers,Footwear,80,Kentucky,XL,Orange,Fall,2.9,No,Standard,Yes,Yes,10,Debit Card,Every 3 Months
2584,44,Male,Backpack,Accessories,46,Tennessee,M,Gold,Winter,4.3,Yes,Express,Yes,Yes,13,Credit Card,Every 3 Months
2585,70,Male,Socks,Clothing,60,Colorado,L,Silver,Spring,3.5,No,Express,Yes,Yes,13,Debit Card,Annually
2586,40,Male,Scarf,Accessories,94,Colorado,M,Black,Fall,4.4,Yes,Free Shipping,No,No,17,Cash,Quarterly
2587,62,Male,Shirt,Clothing,77,Arkansas,M,Yellow,Fall,3.1,Yes,2-Day Shipping,Yes,Yes,29,PayPal,Monthly
2588,25,Male,Hoodie,Clothing,41,Montana,L,Turquoise,Fall,3.6,Yes,Standard,Yes,Yes,21,Bank Transfer,Monthly
2589,29,Male,Jacket,Outerwear,69,Arkansas,S,Charcoal,Spring,2.2,Yes,Standard,Yes,Yes,18,Debit Card,Monthly
2590,55,Male,Scarf,Accessories,57,New Jersey,L,Maroon,Fall,5.0,No,Standard,No,No,24,Credit Card,Monthly
2591,60,Female,Dress,Clothing,80,Florida,M,Charcoal,Fall,4.9,Yes,Free Shipping,No,No,30,Credit Card,Quarterly
2592,30,Female,Hat,Accessories,58,Vermont,M,Peach,Fall,5.0,No,Free Shipping,Yes,Yes,4,PayPal,Monthly
2593,44,Female,Coat,Outerwear,65,Michigan,XL,Green,Winter,4.5,No,Standard,Yes,Yes,5,Venmo,Every 3 Months
2594,23,Male,Blouse,Clothing,92,California,M,Maroon,Fall,3.3,Yes,Free Shipping,Yes,Yes,20,Credit Card,Bi-Weekly
2595,41,Male,Shoes,Footwear,85,Ohio,XL,White,Winter,3.6,No,Standard,No,No,25,Credit Card,Bi-Weekly
2596,57,Female,Sandals,Footwear,71,Kentucky,XL,Peach,Fall,3.8,No,Standard,No,No,14,Bank Transfer,Every 3 Months
2597,37,Male,Dress,Clothing,48,Indiana,M,Turquoise,Summer,3.9,No,Express,Yes,Yes,31,Bank Transfer,Bi-Weekly
2598,40,Male,Belt,Accessories,21,North Carolina,M,Peach,Winter,3.1,Yes,Standard,Yes,Yes,5,Cash,Every 3 Months
2599,27,Female,Sunglasses,Accessories,37,West Virginia,L,Magenta,Fall,3.1,No,2-Day Shipping,Yes,Yes,32,Debit Card,Quarterly
2600,34,Female,Sneakers,Footwear,41,Wisconsin,M,Beige,Fall,2.8,Yes,2-Day Shipping,No,No,6,Venmo,Every 3 Months
2601,70,Male,Socks,Clothing,63,Michigan,L,Blue,Fall,3.4,Yes,Store Pickup,Yes,Yes,7,Debit Card,Annually
2602,45,Female,Blouse,Clothing,73,Texas,S,Olive,Summer,3.5,No,Free Shipping,No,No,13,Credit Card,Every 3 Months
2603,29,Male,Hoodie,Clothing,96,Hawaii,M,Maroon,Fall,3.4,Yes,Standard,No,No,13,Venmo,Every 3 Months
2604,39,Female,Sunglasses,Accessories,77,Texas,M,Maroon,Summer,3.9,No,Free Shipping,No,No,4,PayPal,Quarterly
2605,20,Male,Boots,Footwear,55,West Virginia,L,Turquoise,Spring,2.8,Yes,Free Shipping,Yes,Yes,8,Debit Card,Quarterly
2606,29,Male,Scarf,Accessories,61,Montana,L,Blue,Summer,3.2,No,Express,Yes,Yes,17,Cash,Bi-Weekly
2607,64,Female,Handbag,Accessories,63,Nebraska,M,Pink,Winter,3.3,No,Free Shipping,Yes,Yes,32,Debit Card,Bi-Weekly
2608,42,Male,Pants,Clothing,39,New Hampshire,M,Red,Summer,4.2,Yes,Express,No,No,23,Venmo,Bi-Weekly
2609,70,Female,Sweater,Clothing,44,Arkansas,M,Pink,Fall,3.8,No,Express,No,No,10,PayPal,Annually
2610,43,Male,Sneakers,Footwear,59,Texas,M,Cyan,Summer,3.9,Yes,Store Pickup,Yes,Yes,13,Bank Transfer,Every 3 Months
2611,43,Female,Hat,Accessories,91,Oregon,M,Lavender,Summer,3.2,No,Standard,No,No,25,Credit Card,Bi-Weekly
2612,54,Female,Shoes,Footwear,66,Utah,M,Black,Summer,3.7,No,Store Pickup,No,No,17,Credit Card,Monthly
2613,18,Male,Shorts,Clothing,37,Colorado,M,Charcoal,Winter,3.2,No,Standard,No,No,9,Debit Card,Every 3 Months
2614,47,Female,T-shirt,Clothing,51,South Dakota,M,Teal,Spring,3.3,No,Store Pickup,No,No,12,Bank Transfer,Every 3 Months
2615,43,Male,Coat,Outerwear,81,Maine,S,Peach,Fall,3.8,Yes,Standard,No,No,30,Bank Transfer,Quarterly
2616,66,Male,Shirt,Clothing,60,South Dakota,L,Turquoise,Winter,3.3,Yes,2-Day Shipping,No,No,6,Cash,Quarterly
2617,58,Male,Shirt,Clothing,52,Wyoming,S,Purple,Spring,3.6,No,2-Day Shipping,No,No,28,Debit Card,Bi-Weekly
2618,27,Female,Belt,Accessories,69,Utah,XL,Gold,Winter,3.6,No,2-Day Shipping,No,No,19,Debit Card,Monthly
2619,63,Female,Backpack,Accessories,79,Virginia,M,Teal,Fall,3.0,No,2-Day Shipping,Yes,Yes,5,Venmo,Quarterly
2620,40,Female,Coat,Outerwear,87,Colorado,S,Purple,Summer,3.3,No,Standard,No,No,10,Bank Transfer,Annually
2621,30,Female,Boots,Footwear,55,Kentucky,L,Charcoal,Spring,3.3,No,2-Day Shipping,No,No,23,PayPal,Monthly
2622,47,Female,Scarf,Accessories,54,Iowa,M,Beige,Winter,3.5,No,Store Pickup,Yes,Yes,21,Cash,Quarterly
2623,41,Male,Shirt,Clothing,53,Montana,L,Silver,Spring,2.6,No,Free Shipping,No,No,16,Debit Card,Quarterly
2624,67,Female,Handbag,Accessories,74,Wisconsin,M,Red,Winter,3.3,No,Express,Yes,Yes,11,Venmo,Quarterly
2625,49,Female,Boots,Footwear,54,Ohio,M,Blue,Fall,4.2,No,2-Day Shipping,No,No,18,PayPal,Fortnightly
2626,47,Male,Blouse,Clothing,33,Nevada,L,Magenta,Winter,4.0,Yes,Express,Yes,Yes,2,Debit Card,Annually
2627,58,Female,Jacket,Outerwear,76,South Dakota,M,Violet,Summer,3.4,No,Free Shipping,No,No,27,Venmo,Bi-Weekly
2628,60,Male,Handbag,Accessories,71,Florida,M,Silver,Spring,3.0,Yes,Free Shipping,No,No,29,PayPal,Monthly
2629,56,Male,Dress,Clothing,58,North Dakota,M,Teal,Fall,3.8,Yes,Free Shipping,Yes,Yes,11,Credit Card,Annually
2630,65,Male,Handbag,Accessories,87,Montana,M,Indigo,Summer,4.3,No,2-Day Shipping,Yes,Yes,18,PayPal,Quarterly
2631,53,Male,Scarf,Accessories,54,Hawaii,S,Brown,Fall,4.7,Yes,Next Day Air,Yes,Yes,5,Bank Transfer,Annually
2632,47,Male,T-shirt,Clothing,81,North Carolina,L,Green,Summer,3.4,No,Express,Yes,Yes,22,Bank Transfer,Bi-Weekly
2633,63,Female,Skirt,Clothing,37,Texas,M,Purple,Summer,3.1,No,Free Shipping,No,No,6,Cash,Every 3 Months
2634,43,Female,Hat,Accessories,61,Tennessee,XL,Turquoise,Fall,4.0,No,Next Day Air,Yes,Yes,16,Bank Transfer,Bi-Weekly
2635,44,Male,Sweater,Clothing,45,Texas,M,Pink,Fall,3.9,No,Store Pickup,No,No,7,Debit Card,Every 3 Months
2636,70,Male,Socks,Clothing,63,South Dakota,M,Beige,Fall,3.7,Yes,Next Day Air,Yes,Yes,22,Bank Transfer,Quarterly
2637,68,Male,Scarf,Accessories,75,Mississippi,M,Orange,Fall,3.4,Yes,Express,Yes,Yes,25,PayPal,Monthly
2638,44,Male,Shoes,Footwear,57,Arizona,L,Charcoal,Fall,2.9,Yes,Next Day Air,No,No,9,Venmo,Every 3 Months
2639,37,Female,Gloves,Accessories,46,Wisconsin,L,Peach,Summer,4.2,No,Free Shipping,No,No,20,Venmo,Fortnightly
2640,66,Male,Jacket,Outerwear,64,Minnesota,M,Lavender,Winter,4.1,No,Express,Yes,Yes,8,Debit Card,Every 3 Months
2641,56,Female,Jacket,Outerwear,100,New York,M,Olive,Spring,3.4,No,2-Day Shipping,No,No,6,Cash,Annually
2642,49,Female,Sunglasses,Accessories,66,Alaska,L,Orange,Winter,4.8,Yes,Next Day Air,Yes,Yes,21,Credit Card,Quarterly
2643,39,Female,Dress,Clothing,66,Vermont,M,Peach,Winter,3.8,Yes,Standard,No,No,17,Credit Card,Monthly
2644,49,Female,Shoes,Footwear,67,Vermont,M,Beige,Fall,3.5,No,Express,No,No,9,Debit Card,Every 3 Months
2645,44,Male,Sweater,Clothing,37,Washington,L,Yellow,Spring,3.0,Yes,Next Day Air,No,No,9,Debit Card,Annually
2646,34,Female,Sneakers,Footwear,75,Florida,M,Orange,Winter,2.6,No,2-Day Shipping,No,No,6,Cash,Every 3 Months
2647,46,Female,Belt,Accessories,74,Texas,L,Maroon,Fall,3.4,Yes,Next Day Air,No,No,21,PayPal,Monthly
2648,48,Female,Socks,Clothing,35,New York,L,Indigo,Winter,3.9,Yes,Express,Yes,Yes,22,Cash,Bi-Weekly
2649,38,Female,Belt,Accessories,95,Delaware,S,Blue,Spring,5.0,No,Express,No,No,15,Bank Transfer,Every 3 Months
2650,58,Female,Gloves,Accessories,57,New Hampshire,M,Peach,Summer,3.8,No,Free Shipping,Yes,Yes,9,Venmo,Annually
2651,63,Female,Jacket,Outerwear,50,Mississippi,M,Indigo,Summer,4.0,No,Standard,Yes,Yes,8,Venmo,Every 3 Months
2652,59,Male,Jeans,Clothing,69,New York,L,Violet,Winter,3.2,Yes,Store Pickup,No,No,9,PayPal,Quarterly
2653,40,Female,Jacket,Outerwear,53,California,M,Pink,Summer,3.7,No,Express,Yes,Yes,11,Cash,Annually
2654,55,Female,Skirt,Clothing,32,New Hampshire,M,Magenta,Spring,3.7,No,Standard,Yes,Yes,19,Debit Card,Bi-Weekly
2655,45,Male,Boots,Footwear,56,North Dakota,M,Beige,Fall,3.1,No,Store Pickup,Yes,Yes,10,Venmo,Quarterly
2656,25,Female,Jacket,Outerwear,64,Oklahoma,S,Olive,Spring,4.4,No,Free Shipping,No,No,12,Venmo,Annually
2657,54,Male,Sweater,Clothing,33,Rhode Island,S,Turquoise,Summer,3.6,No,Next Day Air,Yes,Yes,7,PayPal,Quarterly
2658,46,Female,Skirt,Clothing,46,New York,M,Magenta,Winter,4.4,No,Next Day Air,No,No,2,Venmo,Annually
2659,70,Male,Boots,Footwear,49,Oklahoma,S,Pink,Summer,3.7,Yes,Next Day Air,Yes,Yes,9,PayPal,Monthly
2660,66,Male,Sandals,Footwear,60,California,S,Blue,Summer,3.5,Yes,Next Day Air,No,No,29,Cash,Monthly
2661,55,Female,Dress,Clothing,68,South Carolina,M,Lavender,Spring,3.2,No,2-Day Shipping,Yes,Yes,5,Credit Card,Annually
2662,48,Male,Backpack,Accessories,59,Maine,M,Silver,Summer,3.5,No,Free Shipping,No,No,15,Cash,Monthly
2663,46,Male,Sneakers,Footwear,65,Nevada,S,Lavender,Winter,4.5,Yes,Express,Yes,Yes,6,Cash,Annually
2664,29,Male,Hoodie,Clothing,29,Nevada,M,Violet,Winter,3.2,No,Next Day Air,No,No,14,Debit Card,Quarterly
2665,18,Male,Sunglasses,Accessories,57,Wisconsin,S,Lavender,Winter,4.1,No,Store Pickup,No,No,4,PayPal,Annually
2666,31,Female,Shirt,Clothing,41,Kentucky,M,Teal,Summer,3.5,No,Standard,Yes,Yes,13,PayPal,Annually
2667,43,Female,Socks,Clothing,31,Maryland,XL,Pink,Spring,4.1,No,2-Day Shipping,Yes,Yes,27,Venmo,Quarterly
2668,18,Male,Shoes,Footwear,74,Rhode Island,M,White,Spring,3.8,No,2-Day Shipping,No,No,7,PayPal,Annually
2669,36,Female,Sweater,Clothing,37,New York,S,Olive,Spring,2.9,No,Store Pickup,No,No,13,Credit Card,Annually
2670,40,Male,Coat,Outerwear,70,Kansas,M,Magenta,Spring,3.7,No,Express,No,No,15,Venmo,Every 3 Months
2671,41,Female,Hat,Accessories,49,Louisiana,L,Green,Fall,5.0,No,Free Shipping,Yes,Yes,6,Credit Card,Every 3 Months
2672,34,Male,Gloves,Accessories,42,Tennessee,M,Pink,Fall,3.9,No,Free Shipping,No,No,5,PayPal,Every 3 Months
2673,39,Male,Blouse,Clothing,78,Tennessee,XL,Yellow,Fall,4.3,No,2-Day Shipping,Yes,Yes,6,Cash,Every 3 Months
2674,70,Male,Sweater,Clothing,48,Delaware,M,Charcoal,Spring,3.9,No,2-Day Shipping,Yes,Yes,13,Cash,Annually
2675,54,Female,Sneakers,Footwear,51,Maryland,S,White,Fall,4.1,No,Free Shipping,No,No,3,PayPal,Quarterly
2676,36,Male,Sunglasses,Accessories,51,Rhode Island,M,Yellow,Spring,3.3,Yes,Free Shipping,No,No,31,Cash,Fortnightly
2677,43,Male,Sandals,Footwear,63,Colorado,L,Silver,Fall,3.6,No,Free Shipping,Yes,Yes,19,Bank Transfer,Quarterly
2678,44,Female,Shirt,Clothing,55,Georgia,M,Orange,Winter,4.2,No,Free Shipping,No,No,27,Bank Transfer,Quarterly
2679,32,Female,Pants,Clothing,47,Delaware,XL,Turquoise,Summer,3.5,No,Store Pickup,Yes,Yes,22,PayPal,Monthly
2680,32,Male,T-shirt,Clothing,43,Nebraska,XL,Gold,Summer,4.3,No,Store Pickup,No,No,6,Venmo,Quarterly
2681,59,Female,Sneakers,Footwear,59,Minnesota,S,Peach,Summer,3.0,No,Next Day Air,Yes,Yes,17,Venmo,Monthly
2682,38,Female,Pants,Clothing,48,Kentucky,S,Teal,Fall,3.7,No,Free Shipping,Yes,Yes,13,Venmo,Annually
2683,28,Male,Belt,Accessories,85,Connecticut,M,Teal,Fall,3.6,No,2-Day Shipping,No,No,17,Venmo,Fortnightly
2684,43,Female,Handbag,Accessories,49,New York,M,Orange,Spring,5.0,No,Express,Yes,Yes,15,Venmo,Quarterly
2685,46,Male,T-shirt,Clothing,69,South Dakota,M,Indigo,Summer,3.5,Yes,Express,Yes,Yes,20,Bank Transfer,Monthly
2686,18,Female,Sunglasses,Accessories,62,Hawaii,M,White,Fall,4.0,Yes,2-Day Shipping,No,No,32,Credit Card,Monthly
2687,43,Male,Backpack,Accessories,52,North Dakota,XL,Pink,Fall,2.6,No,Standard,Yes,Yes,28,PayPal,Monthly
2688,57,Female,Jacket,Outerwear,88,South Carolina,M,Silver,Fall,2.9,Yes,Express,No,No,4,Cash,Annually
2689,51,Male,T-shirt,Clothing,67,Nevada,L,Peach,Fall,3.9,No,Store Pickup,No,No,11,Credit Card,Every 3 Months
2690,70,Male,Scarf,Accessories,66,New Hampshire,L,Turquoise,Summer,3.6,No,Store Pickup,Yes,Yes,21,Credit Card,Monthly
2691,63,Female,Pants,Clothing,67,Florida,S,Magenta,Fall,3.6,No,Express,Yes,Yes,12,PayPal,Quarterly
2692,66,Male,Sandals,Footwear,34,West Virginia,M,Olive,Summer,3.5,No,Standard,Yes,Yes,7,Debit Card,Quarterly
2693,70,Female,Scarf,Accessories,64,West Virginia,M,Teal,Summer,3.6,No,Free Shipping,No,No,22,Venmo,Quarterly
2694,55,Female,Socks,Clothing,54,Oklahoma,XL,Maroon,Summer,2.7,No,Store Pickup,No,No,24,PayPal,Fortnightly
2695,46,Female,Sandals,Footwear,52,Virginia,M,Gold,Summer,3.6,No,Express,No,No,26,Debit Card,Monthly
2696,59,Male,Sunglasses,Accessories,100,New Mexico,L,Red,Spring,3.6,No,Free Shipping,No,No,11,Bank Transfer,Every 3 Months
2697,36,Female,Pants,Clothing,34,North Dakota,M,Indigo,Spring,4.3,No,2-Day Shipping,No,No,24,Cash,Monthly
2698,46,Male,Hat,Accessories,62,Tennessee,M,Blue,Spring,4.3,Yes,2-Day Shipping,No,No,12,Credit Card,Every 3 Months
2699,34,Male,Dress,Clothing,55,Alaska,XL,Indigo,Summer,2.0,No,Store Pickup,No,No,9,Venmo,Every 3 Months
2700,50,Female,Sandals,Footwear,59,Hawaii,M,Black,Summer,3.2,No,Standard,No,No,39,Credit Card,Fortnightly
2701,34,Female,Sunglasses,Accessories,41,Hawaii,L,Turquoise,Spring,4.8,No,Express,No,No,16,PayPal,Quarterly
2702,34,Male,Backpack,Accessories,67,New York,M,Yellow,Spring,4.3,Yes,Standard,No,No,2,Cash,Every 3 Months
2703,50,Male,Sneakers,Footwear,42,Illinois,S,Gold,Fall,3.9,No,Standard,No,No,8,PayPal,Monthly
2704,42,Female,Boots,Footwear,71,Maryland,S,Violet,Spring,3.3,Yes,Express,Yes,Yes,12,Credit Card,Quarterly
2705,18,Female,Shorts,Clothing,61,Missouri,M,Purple,Winter,4.1,No,Standard,No,No,16,Venmo,Fortnightly
2706,22,Male,Shorts,Clothing,60,Pennsylvania,L,White,Spring,2.8,Yes,Next Day Air,Yes,Yes,9,PayPal,Annually
2707,27,Female,Jeans,Clothing,57,Montana,M,Charcoal,Summer,3.4,No,Standard,No,No,21,Debit Card,Fortnightly
2708,31,Male,Jacket,Outerwear,93,Alaska,M,Black,Winter,3.8,No,2-Day Shipping,No,No,24,Bank Transfer,Fortnightly
2709,50,Male,Coat,Outerwear,77,Ohio,S,White,Spring,4.0,No,Standard,No,No,27,Credit Card,Monthly
2710,47,Female,Boots,Footwear,63,Michigan,L,Gold,Summer,3.8,No,2-Day Shipping,Yes,Yes,21,Credit Card,Bi-Weekly
2711,60,Female,Shorts,Clothing,65,Colorado,L,Orange,Summer,3.9,No,Express,No,No,9,Venmo,Every 3 Months
2712,55,Male,Hoodie,Clothing,65,North Carolina,L,Violet,Fall,3.8,Yes,Store Pickup,Yes,Yes,12,Venmo,Every 3 Months
2713,60,Male,Sneakers,Footwear,69,Indiana,XL,Green,Winter,3.5,No,Express,No,No,11,Cash,Quarterly
2714,53,Male,Shorts,Clothing,48,Mississippi,S,Blue,Fall,4.5,No,2-Day Shipping,No,No,26,Venmo,Bi-Weekly
2715,47,Female,Scarf,Accessories,92,Wisconsin,S,Silver,Summer,4.9,No,Next Day Air,Yes,Yes,16,Debit Card,Monthly
2716,60,Male,Shorts,Clothing,67,Idaho,M,Magenta,Summer,3.7,Yes,2-Day Shipping,Yes,Yes,7,Credit Card,Annually
2717,58,Male,Dress,Clothing,100,Vermont,M,Beige,Fall,3.0,No,2-Day Shipping,No,No,10,Venmo,Quarterly
2718,50,Female,Gloves,Accessories,92,Mississippi,L,Green,Summer,3.6,No,2-Day Shipping,No,No,17,Credit Card,Bi-Weekly
2719,63,Male,Jacket,Outerwear,60,Washington,L,Olive,Fall,3.7,No,2-Day Shipping,No,No,8,Venmo,Every 3 Months
2720,18,Female,Sandals,Footwear,64,Texas,S,Turquoise,Summer,2.3,No,2-Day Shipping,No,No,6,Debit Card,Annually
2721,40,Male,Handbag,Accessories,63,Tennessee,XL,Cyan,Spring,4.6,No,Free Shipping,No,No,10,Debit Card,Annually
2722,39,Female,Blouse,Clothing,79,Hawaii,S,Maroon,Fall,3.3,Yes,Next Day Air,Yes,Yes,9,Bank Transfer,Quarterly
2723,61,Male,Shoes,Footwear,62,South Carolina,L,Charcoal,Summer,3.2,No,Express,Yes,Yes,10,Bank Transfer,Quarterly
2724,68,Male,Sunglasses,Accessories,82,Maine,M,Gray,Summer,3.5,Yes,Free Shipping,Yes,Yes,21,Venmo,Bi-Weekly
2725,22,Male,Scarf,Accessories,29,Virginia,L,Gold,Summer,3.5,No,Next Day Air,No,No,5,Debit Card,Annually
2726,65,Female,Belt,Accessories,47,Wyoming,S,Olive,Spring,3.8,No,2-Day Shipping,Yes,Yes,18,Credit Card,Bi-Weekly
2727,26,Female,Sweater,Clothing,55,New Mexico,XL,Pink,Summer,4.2,No,Express,No,No,12,Venmo,Annually
2728,27,Male,Sweater,Clothing,53,Virginia,XL,Blue,Winter,4.5,Yes,Standard,Yes,Yes,18,PayPal,Monthly
2729,40,Male,Sandals,Footwear,38,Nebraska,M,Black,Summer,4.1,Yes,Store Pickup,Yes,Yes,30,PayPal,Monthly
2730,39,Female,Jewelry,Accessories,71,Alaska,M,Red,Fall,3.2,No,2-Day Shipping,No,No,19,Debit Card,Quarterly
2731,21,Male,Blouse,Clothing,46,Utah,L,Gray,Summer,3.6,Yes,Standard,No,No,9,Credit Card,Annually
2732,54,Male,Skirt,Clothing,53,Nebraska,M,Peach,Spring,3.8,Yes,Next Day Air,Yes,Yes,18,Cash,Monthly
2733,54,Female,Jacket,Outerwear,80,Arizona,M,Black,Winter,3.8,No,2-Day Shipping,No,No,14,Bank Transfer,Every 3 Months
2734,60,Male,Sunglasses,Accessories,77,Arkansas,M,Peach,Winter,4.0,No,Store Pickup,No,No,18,Cash,Monthly
2735,37,Male,Hat,Accessories,54,Oregon,L,Violet,Spring,3.8,Yes,Free Shipping,Yes,Yes,5,Cash,Every 3 Months
2736,43,Male,Shirt,Clothing,41,Washington,M,Lavender,Spring,3.6,No,Express,No,No,8,Debit Card,Annually
2737,44,Male,Coat,Outerwear,61,Ohio,M,Orange,Winter,4.1,Yes,Store Pickup,No,No,28,Venmo,Bi-Weekly
2738,69,Male,Sneakers,Footwear,78,Minnesota,XL,Gray,Spring,3.6,No,Store Pickup,Yes,Yes,11,Bank Transfer,Quarterly
2739,18,Female,Backpack,Accessories,76,Kansas,M,Gray,Winter,4.3,No,2-Day Shipping,Yes,Yes,7,Credit Card,Annually
2740,30,Female,Jeans,Clothing,63,Massachusetts,S,Black,Spring,4.2,No,Free Shipping,No,No,25,Bank Transfer,Monthly
2741,44,Male,Belt,Accessories,61,Kentucky,XL,Magenta,Winter,4.6,No,Express,No,No,8,Credit Card,Quarterly
2742,28,Female,Boots,Footwear,39,Indiana,M,White,Winter,3.8,No,Express,Yes,Yes,9,Debit Card,Monthly
2743,40,Male,Sandals,Footwear,67,Connecticut,S,Blue,Spring,4.5,No,2-Day Shipping,No,No,10,PayPal,Annually
2744,42,Female,Coat,Outerwear,81,New Hampshire,M,Lavender,Spring,3.4,No,Standard,No,No,23,Bank Transfer,Monthly
2745,34,Male,Jewelry,Accessories,60,Hawaii,L,Teal,Spring,4.0,No,Free Shipping,Yes,Yes,8,Venmo,Monthly
2746,45,Female,T-shirt,Clothing,61,Delaware,S,Maroon,Winter,4.2,No,2-Day Shipping,Yes,Yes,7,Cash,Quarterly
2747,53,Male,Sunglasses,Accessories,46,Indiana,M,Silver,Summer,3.1,Yes,Free Shipping,Yes,Yes,3,Bank Transfer,Quarterly
2748,40,Male,Sneakers,Footwear,79,South Carolina,S,Indigo,Fall,3.4,No,2-Day Shipping,No,No,18,PayPal,Monthly
2749,37,Male,Dress,Clothing,42,New Hampshire,M,Peach,Fall,3.3,Yes,Express,Yes,Yes,9,Cash,Annually
2750,42,Male,Sweater,Clothing,64,Missouri,M,Yellow,Fall,3.7,Yes,Store Pickup,No,No,13,Cash,Quarterly
2751,44,Male,Handbag,Accessories,64,New Jersey,S,Orange,Spring,3.4,No,Store Pickup,No,No,5,Debit Card,Every 3 Months
2752,18,Female,Sweater,Clothing,82,New Hampshire,XL,Silver,Summer,3.8,Yes,Express,No,No,8,Debit Card,Annually
2753,51,Female,Sandals,Footwear,77,Missouri,L,Purple,Fall,3.6,No,2-Day Shipping,No,No,7,PayPal,Monthly
2754,37,Male,Dress,Clothing,76,Texas,L,Blue,Spring,3.5,No,Free Shipping,Yes,Yes,16,Venmo,Monthly
2755,63,Female,Socks,Clothing,53,Oregon,XL,Charcoal,Summer,3.8,No,Free Shipping,Yes,Yes,14,PayPal,Monthly
2756,53,Female,Shirt,Clothing,95,Georgia,XL,Peach,Fall,3.3,No,Express,No,No,5,Bank Transfer,Annually
2757,62,Female,Jewelry,Accessories,74,South Dakota,L,Green,Summer,3.2,No,Store Pickup,No,No,31,Cash,Monthly
2758,29,Female,Sunglasses,Accessories,57,Florida,M,Maroon,Summer,3.0,Yes,Store Pickup,Yes,Yes,20,Debit Card,Bi-Weekly
2759,38,Female,Gloves,Accessories,52,Arkansas,L,Maroon,Winter,2.7,No,Free Shipping,No,No,17,Cash,Bi-Weekly
2760,25,Male,Gloves,Accessories,69,Michigan,M,Silver,Fall,3.3,No,Standard,Yes,Yes,16,Cash,Monthly
2761,33,Female,Pants,Clothing,51,Maryland,M,Yellow,Fall,4.0,No,Next Day Air,No,No,5,Cash,Every 3 Months
2762,63,Female,Scarf,Accessories,37,South Carolina,M,Yellow,Spring,3.6,No,2-Day Shipping,No,No,7,Credit Card,Monthly
2763,66,Male,Coat,Outerwear,69,Ohio,M,Black,Winter,3.6,No,Free Shipping,Yes,Yes,2,Bank Transfer,Every 3 Months
2764,27,Male,Boots,Footwear,24,Arizona,M,Red,Winter,3.4,No,Store Pickup,Yes,Yes,10,Debit Card,Every 3 Months
2765,37,Male,Blouse,Clothing,64,Missouri,L,Red,Winter,4.9,No,Express,Yes,Yes,23,Cash,Quarterly
2766,43,Female,Sunglasses,Accessories,67,South Carolina,M,Turquoise,Fall,3.8,No,Express,Yes,Yes,31,Venmo,Monthly
2767,53,Male,Pants,Clothing,54,Oregon,M,Lavender,Fall,3.4,No,Store Pickup,No,No,5,PayPal,Annually
2768,18,Female,Jeans,Clothing,76,Montana,S,Maroon,Fall,3.1,No,Store Pickup,Yes,Yes,7,Debit Card,Every 3 Months
2769,20,Female,Sweater,Clothing,72,New Mexico,L,Magenta,Fall,4.7,No,2-Day Shipping,No,No,12,Credit Card,Every 3 Months
2770,51,Female,Skirt,Clothing,48,New Hampshire,M,Indigo,Summer,2.9,Yes,2-Day Shipping,Yes,Yes,21,Credit Card,Monthly
2771,18,Male,Blouse,Clothing,59,Idaho,M,Gold,Fall,3.2,No,Express,Yes,Yes,17,Debit Card,Bi-Weekly
2772,37,Female,Sneakers,Footwear,52,New Hampshire,L,Pink,Summer,3.2,No,Express,Yes,Yes,7,Cash,Quarterly
2773,46,Female,Pants,Clothing,53,North Dakota,L,Beige,Winter,3.7,No,Express,Yes,Yes,17,Credit Card,Fortnightly
2774,50,Male,Sunglasses,Accessories,75,Arizona,M,Red,Summer,4.0,No,Express,No,No,25,PayPal,Monthly
2775,42,Female,Jacket,Outerwear,78,Ohio,L,Turquoise,Summer,3.6,No,Next Day Air,No,No,30,Debit Card,Bi-Weekly
2776,39,Male,Handbag,Accessories,46,Illinois,M,Cyan,Spring,3.5,No,Free Shipping,No,No,32,Debit Card,Monthly
2777,57,Female,Hat,Accessories,61,Alabama,XL,Cyan,Winter,2.9,No,2-Day Shipping,Yes,Yes,7,Credit Card,Every 3 Months
2778,48,Male,Handbag,Accessories,45,Pennsylvania,M,Maroon,Fall,,No,Express,No,No,18,Credit Card,Bi-Weekly
2779,34,Male,Hoodie,Clothing,50,Maryland,L,Turquoise,Spring,3.9,No,Store Pickup,No,No,5,Venmo,Every 3 Months
2780,45,Male,Hoodie,Clothing,89,Massachusetts,S,Blue,Spring,4.0,Yes,Next Day Air,Yes,Yes,12,Bank Transfer,Annually
2781,50,Male,Belt,Accessories,98,New York,L,Lavender,Winter,3.3,No,Free Shipping,No,No,3,Bank Transfer,Quarterly
2782,70,Male,Sneakers,Footwear,94,New Hampshire,M,Cyan,Spring,3.5,Yes,Express,Yes,Yes,10,Venmo,Annually
2783,56,Female,Sandals,Footwear,64,New York,M,Turquoise,Summer,4.4,No,Store Pickup,No,No,42,Credit Card,Weekly
2784,62,Male,Boots,Footwear,63,West Virginia,L,Violet,Spring,2.3,No,2-Day Shipping,No,No,17,Venmo,Quarterly
2785,35,Male,Backpack,Accessories,79,North Carolina,L,Blue,Fall,4.2,Yes,Standard,Yes,Yes,16,Cash,Quarterly
2786,36,Female,Sunglasses,Accessories,65,Arizona,M,Brown,Spring,3.6,Yes,Express,Yes,Yes,18,PayPal,Fortnightly
2787,40,Female,Sandals,Footwear,37,Idaho,L,Brown,Summer,3.9,No,Store Pickup,No,No,22,Credit Card,Bi-Weekly
2788,42,Male,Sneakers,Footwear,95,Minnesota,M,Teal,Fall,4.6,Yes,Store Pickup,Yes,Yes,12,Cash,Every 3 Months
2789,29,Female,Backpack,Accessories,38,Mississippi,M,Violet,Summer,3.5,No,Standard,No,No,4,Credit Card,Quarterly
2790,63,Male,Coat,Outerwear,93,Maine,S,Indigo,Fall,2.0,Yes,2-Day Shipping,Yes,Yes,8,Credit Card,Quarterly
2791,57,Female,Boots,Footwear,72,Georgia,M,Brown,Fall,3.0,No,Standard,No,No,6,Venmo,Annually
2792,39,Male,Hat,Accessories,93,Colorado,XL,Pink,Summer,3.8,Yes,Express,Yes,Yes,10,PayPal,Quarterly
2793,54,Female,Socks,Clothing,78,Delaware,S,Violet,Summer,4.7,Yes,Free Shipping,No,No,15,Bank Transfer,Annually
2794,47,Female,T-shirt,Clothing,49,West Virginia,XL,Violet,Summer,3.5,No,Express,Yes,Yes,4,Cash,Annually
2795,55,Female,Sneakers,Footwear,77,Maryland,M,Magenta,Summer,4.6,No,Store Pickup,No,No,17,Credit Card,Fortnightly
2796,24,Female,T-shirt,Clothing,52,Wisconsin,L,Silver,Fall,2.3,No,2-Day Shipping,No,No,10,Credit Card,Quarterly
2797,42,Female,Scarf,Accessories,41,Kentucky,S,White,Winter,3.4,No,Store Pickup,No,No,7,Venmo,Annually
2798,43,Male,Handbag,Accessories,28,Kansas,L,Teal,Fall,4.4,No,Free Shipping,Yes,Yes,15,Bank Transfer,Every 3 Months
2799,53,Female,Sneakers,Footwear,58,Missouri,XL,Magenta,Spring,4.2,No,Express,No,No,7,Credit Card,Monthly
2800,35,Female,Sneakers,Footwear,39,West Virginia,M,Gold,Winter,2.5,Yes,Store Pickup,No,No,11,Bank Transfer,Annually
2801,18,Female,Boots,Footwear,83,New Hampshire,M,Indigo,Winter,3.1,No,Free Shipping,Yes,Yes,9,Bank Transfer,Quarterly
2802,28,Male,T-shirt,Clothing,39,Alaska,L,Indigo,Winter,3.6,Yes,Free Shipping,No,No,12,Bank Transfer,Every 3 Months
2803,43,Male,Sweater,Clothing,58,Indiana,L,Yellow,Spring,3.3,Yes,Store Pickup,Yes,Yes,10,Debit Card,Every 3 Months
2804,45,Female,Handbag,Accessories,52,Wyoming,S,Red,Winter,4.5,No,Express,No,No,23,PayPal,Quarterly
2805,69,Male,Dress,Clothing,67,Delaware,L,Turquoise,Summer,3.7,Yes,2-Day Shipping,Yes,Yes,7,Credit Card,Every 3 Months
2806,53,Male,Hat,Accessories,43,Tennessee,L,Silver,Winter,2.9,No,Store Pickup,No,No,15,Debit Card,Every 3 Months
2807,45,Male,Jacket,Outerwear,86,Washington,L,Magenta,Winter,3.9,No,2-Day Shipping,Yes,Yes,13,Venmo,Quarterly
2808,44,Female,Jewelry,Accessories,60,Hawaii,M,Silver,Winter,4.1,No,Express,No,No,15,PayPal,Quarterly
2809,61,Male,Belt,Accessories,57,Nevada,M,Peach,Spring,3.1,No,Next Day Air,No,No,20,Debit Card,Fortnightly
2810,35,Male,Scarf,Accessories,47,New Jersey,XL,Red,Fall,3.2,No,Free Shipping,Yes,Yes,6,Debit Card,Every 3 Months
2811,42,Male,Sneakers,Footwear,69,South Carolina,M,Gray,Fall,3.2,No,2-Day Shipping,No,No,5,PayPal,Quarterly
2812,28,Female,Shorts,Clothing,86,South Carolina,M,Cyan,Fall,4.5,Yes,Next Day Air,No,No,10,Debit Card,Every 3 Months
2813,65,Female,Gloves,Accessories,100,Arkansas,XL,Charcoal,Winter,3.7,No,Express,Yes,Yes,8,Cash,Quarterly
2814,50,Male,Shorts,Clothing,49,Kansas,M,Gray,Fall,2.4,Yes,Free Shipping,Yes,Yes,14,Cash,Annually
2815,33,Male,Hat,Accessories,55,West Virginia,M,Yellow,Spring,3.0,No,2-Day Shipping,No,No,6,Venmo,Annually
2816,42,Female,T-shirt,Clothing,27,Louisiana,L,White,Spring,4.1,No,Store Pickup,No,No,9,PayPal,Annually
2817,52,Male,Handbag,Accessories,68,Illinois,L,Brown,Fall,3.5,No,Store Pickup,Yes,Yes,17,Venmo,Fortnightly
2818,40,Female,Shoes,Footwear,38,New York,XL,Olive,Summer,2.9,No,Next Day Air,No,No,14,PayPal,Every 3 Months
2819,36,Male,Pants,Clothing,68,Georgia,L,White,Summer,3.5,Yes,Free Shipping,Yes,Yes,3,Venmo,Annually
2820,34,Female,Gloves,Accessories,77,Delaware,M,Red,Winter,4.3,No,Express,No,No,10,Credit Card,Every 3 Months
2821,49,Male,Blouse,Clothing,51,South Carolina,M,Peach,Spring,5.0,No,Standard,No,No,13,Debit Card,Monthly
2822,39,Female,Pants,Clothing,43,Colorado,S,Orange,Fall,3.7,No,Next Day Air,Yes,Yes,3,Credit Card,Annually
2823,37,Male,Hoodie,Clothing,79,Vermont,XL,Green,Summer,4.0,No,Next Day Air,No,No,18,Bank Transfer,Quarterly
2824,24,Female,Shirt,Clothing,75,Illinois,S,White,Spring,3.6,Yes,Express,Yes,Yes,2,Credit Card,Every 3 Months
2825,45,Female,Jacket,Outerwear,50,Colorado,M,Blue,Summer,3.7,No,Express,No,No,8,Cash,Annually
2826,41,Female,Coat,Outerwear,70,Pennsylvania,M,Turquoise,Summer,3.0,No,Standard,No,No,10,Bank Transfer,Every 3 Months
2827,39,Male,Backpack,Accessories,49,Florida,S,Turquoise,Summer,4.6,Yes,Express,Yes,Yes,10,Cash,Annually
2828,47,Male,Scarf,Accessories,74,Maine,M,Gold,Spring,3.5,No,Next Day Air,No,No,38,PayPal,Fortnightly
2829,55,Female,Sandals,Footwear,62,Louisiana,L,Maroon,Fall,3.0,No,2-Day Shipping,No,No,12,Credit Card,Monthly
2830,55,Female,Boots,Footwear,84,Montana,S,Violet,Summer,3.2,No,Store Pickup,No,No,16,Credit Card,Quarterly
2831,52,Male,Sunglasses,Accessories,42,Mississippi,XL,Magenta,Fall,4.1,No,Next Day Air,No,No,8,PayPal,Annually
2832,40,Male,Jeans,Clothing,62,Georgia,XL,Gray,Fall,3.3,No,Free Shipping,No,No,21,Bank Transfer,Fortnightly
2833,35,Male,Gloves,Accessories,57,Idaho,S,Black,Fall,4.7,No,Store Pickup,Yes,Yes,7,Venmo,Monthly
2834,28,Female,Jacket,Outerwear,72,Georgia,L,Magenta,Fall,4.0,No,2-Day Shipping,No,No,40,Bank Transfer,Weekly
2835,35,Female,Skirt,Clothing,49,Arizona,M,Gold,Summer,4.2,No,Express,No,No,14,Debit Card,Annually
2836,44,Female,Hat,Accessories,21,North Carolina,S,Turquoise,Summer,3.5,No,2-Day Shipping,No,No,13,Cash,Quarterly
2837,32,Female,Shirt,Clothing,69,Mississippi,M,Turquoise,Fall,3.3,No,2-Day Shipping,No,No,37,Bank Transfer,Monthly
2838,45,Male,Skirt,Clothing,59,Colorado,L,Green,Spring,3.7,No,Standard,Yes,Yes,3,Venmo,Annually
2839,30,Male,Hat,Accessories,44,Kentucky,L,Cyan,Fall,3.0,No,Standard,No,No,15,Venmo,Annually
2840,19,Male,Dress,Clothing,50,North Dakota,M,Gray,Summer,4.0,No,Free Shipping,No,No,4,PayPal,Quarterly
2841,56,Female,Jacket,Outerwear,49,Iowa,L,Lavender,Summer,4.2,No,Next Day Air,No,No,26,Bank Transfer,Quarterly
2842,37,Male,Shoes,Footwear,30,Massachusetts,L,Pink,Spring,3.2,No,Express,No,No,13,Debit Card,Annually
2843,31,Male,T-shirt,Clothing,81,Pennsylvania,L,Brown,Summer,4.1,Yes,Express,Yes,Yes,14,Venmo,Every 3 Months
2844,28,Male,Shoes,Footwear,69,North Dakota,M,Yellow,Summer,3.8,No,2-Day Shipping,No,No,17,Bank Transfer,Monthly
2845,50,Male,Sneakers,Footwear,38,Oklahoma,L,Purple,Winter,4.3,No,Store Pickup,No,No,19,Credit Card,Monthly
2846,65,Female,Backpack,Accessories,97,Maryland,L,Brown,Fall,4.7,No,Store Pickup,No,No,8,Cash,Quarterly
2847,38,Male,Sunglasses,Accessories,39,Missouri,S,Gray,Summer,4.2,No,Next Day Air,No,No,4,Cash,Every 3 Months
2848,41,Male,Sandals,Footwear,77,Texas,L,Purple,Spring,3.6,Yes,Express,No,No,4,Credit Card,Annually
2849,60,Female,T-shirt,Clothing,58,Utah,M,Maroon,Summer,4.4,No,2-Day Shipping,No,No,15,Debit Card,Monthly
2850,18,Male,Skirt,Clothing,44,Arizona,L,Olive,Winter,3.7,Yes,Free Shipping,No,No,10,Debit Card,Every 3 Months
2851,70,Male,Blouse,Clothing,70,Tennessee,L,Black,Spring,3.5,Yes,Store Pickup,Yes,Yes,23,Credit Card,Monthly
2852,70,Male,Shirt,Clothing,61,Vermont,M,Lavender,Fall,3.3,Yes,Standard,No,No,13,Venmo,Quarterly
2853,18,Female,Gloves,Accessories,53,West Virginia,S,Peach,Fall,3.8,Yes,Standard,Yes,Yes,11,Credit Card,Quarterly
2854,43,Male,Pants,Clothing,79,Indiana,L,Red,Spring,4.3,No,Free Shipping,No,No,25,Bank Transfer,Monthly
2855,33,Female,Belt,Accessories,67,Montana,L,Magenta,Winter,3.1,No,Next Day Air,No,No,20,Venmo,Monthly
2856,40,Female,Hat,Accessories,69,Arizona,L,Olive,Summer,3.0,No,Next Day Air,No,No,15,Cash,Quarterly
2857,38,Female,Sandals,Footwear,57,Colorado,L,Cyan,Fall,2.9,No,Store Pickup,No,No,16,Venmo,Bi-Weekly
2858,56,Male,Sunglasses,Accessories,69,New Hampshire,M,Silver,Spring,4.4,Yes,Next Day Air,No,No,3,Credit Card,Every 3 Months
2859,42,Female,Coat,Outerwear,68,Hawaii,M,Purple,Winter,3.8,No,Express,Yes,Yes,22,Debit Card,Quarterly
2860,30,Male,Shoes,Footwear,68,Idaho,L,Red,Spring,4.5,No,Next Day Air,No,No,22,Venmo,Monthly
2861,41,Male,Hoodie,Clothing,42,Iowa,M,Pink,Summer,3.4,No,2-Day Shipping,Yes,Yes,12,Credit Card,Annually
2862,52,Male,Scarf,Accessories,20,Minnesota,L,Yellow,Winter,3.0,No,Standard,Yes,Yes,24,Credit Card,Monthly
2863,26,Male,Pants,Clothing,86,Delaware,M,Turquoise,Fall,4.6,Yes,2-Day Shipping,Yes,Yes,25,PayPal,Monthly
2864,19,Male,Shoes,Footwear,60,South Dakota,S,Teal,Fall,3.2,No,Free Shipping,No,No,22,Credit Card,Quarterly
2865,70,Male,Backpack,Accessories,66,North Dakota,M,Green,Summer,4.2,No,Free Shipping,No,No,12,Venmo,Quarterly
2866,34,Male,Pants,Clothing,47,South Carolina,M,Black,Winter,2.9,No,Next Day Air,No,No,18,Credit Card,Quarterly
2867,42,Male,Dress,Clothing,54,Washington,L,Beige,Winter,3.8,No,Store Pickup,No,No,14,Bank Transfer,Quarterly
2868,38,Female,Pants,Clothing,82,New Mexico,M,Silver,Fall,3.6,No,Next Day Air,Yes,Yes,9,Cash,Quarterly
2869,52,Female,Sneakers,Footwear,72,Maine,L,Violet,Spring,2.8,Yes,2-Day Shipping,Yes,Yes,14,Credit Card,Quarterly
2870,70,Male,Shoes,Footwear,100,Wisconsin,M,Pink,Winter,4.8,Yes,Store Pickup,Yes,Yes,37,Cash,Weekly
2871,53,Female,Socks,Clothing,72,New Hampshire,L,Red,Spring,3.2,No,2-Day Shipping,No,No,3,Debit Card,Annually
2872,21,Male,Jeans,Clothing,53,Mississippi,M,Blue,Winter,3.1,Yes,Express,Yes,Yes,20,Venmo,Fortnightly
2873,23,Male,Pants,Clothing,65,Massachusetts,M,Orange,Spring,3.3,No,Free Shipping,No,No,28,Venmo,Bi-Weekly
2874,38,Male,Handbag,Accessories,84,Alaska,L,Peach,Spring,2.4,No,Store Pickup,No,No,8,PayPal,Annually
2875,40,Male,Shorts,Clothing,62,West Virginia,M,Brown,Spring,3.5,No,Free Shipping,No,No,5,Bank Transfer,Annually
2876,18,Male,Pants,Clothing,74,South Dakota,M,Red,Spring,3.3,Yes,2-Day Shipping,No,No,7,Cash,Every 3 Months
2877,56,Male,Sneakers,Footwear,83,Ohio,L,Green,Fall,4.2,No,Store Pickup,Yes,Yes,37,Bank Transfer,Fortnightly
2878,28,Male,Sunglasses,Accessories,20,Idaho,S,Charcoal,Summer,3.9,No,Express,No,No,32,Debit Card,Bi-Weekly
2879,66,Male,Scarf,Accessories,68,Washington,XL,Purple,Spring,3.0,No,Free Shipping,Yes,Yes,19,PayPal,Monthly
2880,70,Male,Handbag,Accessories,79,Florida,M,Lavender,Summer,3.4,No,Store Pickup,No,No,22,Debit Card,Bi-Weekly
2881,40,Male,Backpack,Accessories,45,Illinois,M,Olive,Winter,5.0,No,Express,No,No,23,Venmo,Bi-Weekly
2882,51,Male,Sunglasses,Accessories,80,Arkansas,L,Olive,Fall,3.2,Yes,2-Day Shipping,Yes,Yes,7,Venmo,Every 3 Months
2883,26,Male,Shirt,Clothing,58,Iowa,M,Peach,Fall,4.2,No,Free Shipping,Yes,Yes,30,Venmo,Fortnightly
2884,53,Male,Shirt,Clothing,31,Kentucky,XL,Lavender,Summer,3.3,No,Store Pickup,Yes,Yes,13,Bank Transfer,Annually
2885,37,Male,Jacket,Outerwear,81,South Carolina,M,Teal,Fall,3.0,No,2-Day Shipping,Yes,Yes,10,Debit Card,Every 3 Months
2886,28,Male,Boots,Footwear,60,Kentucky,M,Turquoise,Winter,3.3,No,Store Pickup,Yes,Yes,11,Credit Card,Annually
2887,40,Male,Handbag,Accessories,56,West Virginia,S,Maroon,Fall,4.6,No,Standard,Yes,Yes,13,PayPal,Every 3 Months
2888,37,Female,Sweater,Clothing,68,Kansas,S,Charcoal,Spring,2.8,No,Express,Yes,Yes,29,Bank Transfer,Bi-Weekly
2889,39,Male,Hoodie,Clothing,43,Nebraska,S,Gold,Fall,4.1,No,Express,Yes,Yes,14,Debit Card,Annually
2890,58,Male,Shirt,Clothing,70,New Jersey,S,Silver,Winter,4.4,No,2-Day Shipping,No,No,5,Bank Transfer,Annually
2891,32,Male,Jacket,Outerwear,53,Tennessee,M,Gold,Spring,3.3,No,2-Day Shipping,Yes,Yes,7,Venmo,Every 3 Months
2892,70,Female,Boots,Footwear,84,Pennsylvania,M,Silver,Summer,4.2,No,Free Shipping,No,No,22,Cash,Fortnightly
2893,24,Female,Sunglasses,Accessories,75,Utah,M,Pink,Fall,4.3,No,Express,No,No,19,Credit Card,Fortnightly
2894,68,Female,Jacket,Outerwear,93,Washington,M,Magenta,Spring,3.1,No,Standard,No,No,28,Venmo,Fortnightly
2895,29,Female,Blouse,Clothing,65,Colorado,S,Brown,Fall,3.1,No,2-Day Shipping,Yes,Yes,16,Bank Transfer,Quarterly
2896,44,Male,Sunglasses,Accessories,50,California,S,Olive,Winter,3.7,No,Express,No,No,4,Debit Card,Annually
2897,37,Female,Dress,Clothing,46,Minnesota,M,Purple,Fall,3.8,No,Standard,Yes,Yes,25,Credit Card,Monthly
2898,39,Male,T-shirt,Clothing,46,Delaware,M,Brown,Summer,3.5,No,Store Pickup,Yes,Yes,25,Venmo,Quarterly
2899,56,Female,Jacket,Outerwear,65,Missouri,S,Teal,Spring,3.9,No,Express,No,No,6,Bank Transfer,Every 3 Months
2900,66,Male,Sandals,Footwear,49,New Jersey,M,Charcoal,Fall,3.2,No,2-Day Shipping,Yes,Yes,31,Venmo,Fortnightly
2901,62,Male,Jeans,Clothing,63,Indiana,XL,Lavender,Winter,3.2,No,2-Day Shipping,No,No,5,Debit Card,Every 3 Months
2902,38,Female,Hoodie,Clothing,45,California,M,Olive,Winter,3.7,No,Store Pickup,No,No,10,Bank Transfer,Monthly
2903,47,Male,Hat,Accessories,47,Wisconsin,S,Red,Fall,3.9,No,Free Shipping,No,No,1,Bank Transfer,Annually
2904,32,Female,Blouse,Clothing,52,Maine,L,Cyan,Spring,4.5,No,2-Day Shipping,No,No,10,Credit Card,Annually
2905,29,Male,Hat,Accessories,45,Tennessee,M,Green,Summer,4.0,No,2-Day Shipping,Yes,Yes,24,Credit Card,Fortnightly
2906,27,Female,Scarf,Accessories,52,New York,S,Teal,Summer,4.2,No,Standard,Yes,Yes,8,Venmo,Quarterly
2907,37,Female,Blouse,Clothing,67,North Dakota,L,Green,Spring,3.5,No,Next Day Air,No,No,19,PayPal,Fortnightly
2908,48,Male,Jeans,Clothing,44,South Carolina,L,Peach,Spring,3.5,No,2-Day Shipping,No,No,14,PayPal,Annually
2909,18,Female,Socks,Clothing,39,Indiana,XL,Indigo,Fall,3.3,No,Standard,No,No,9,Debit Card,Every 3 Months
2910,43,Female,Jacket,Outerwear,65,Hawaii,XL,Black,Spring,3.7,No,Express,No,No,10,Bank Transfer,Quarterly
2911,67,Female,Blouse,Clothing,40,Wyoming,M,Maroon,Spring,3.8,No,Store Pickup,Yes,Yes,13,Bank Transfer,Annually
2912,61,Male,Handbag,Accessories,84,North Dakota,L,Green,Winter,3.8,Yes,2-Day Shipping,No,No,9,Credit Card,Monthly
2913,35,Male,Shirt,Clothing,47,Iowa,M,Gold,Fall,3.6,No,Store Pickup,Yes,Yes,1,Credit Card,Every 3 Months
2914,23,Female,Scarf,Accessories,58,North Carolina,L,Turquoise,Winter,,No,Free Shipping,No,No,14,Cash,Quarterly
2915,51,Male,Shorts,Clothing,65,Maryland,M,Silver,Spring,4.7,No,2-Day Shipping,Yes,Yes,32,Bank Transfer,Quarterly
2916,18,Male,Pants,Clothing,38,Texas,M,Gold,Summer,3.9,No,Store Pickup,No,No,24,Bank Transfer,Fortnightly
2917,61,Male,Sunglasses,Accessories,43,Montana,S,Olive,Fall,4.1,No,Standard,No,No,15,Bank Transfer,Monthly
2918,41,Female,Handbag,Accessories,47,Kansas,M,Purple,Fall,4.0,No,Standard,No,No,16,Cash,Quarterly
2919,70,Male,Pants,Clothing,71,Ohio,M,Black,Summer,3.6,No,Store Pickup,No,No,17,PayPal,Bi-Weekly
2920,18,Female,T-shirt,Clothing,93,Pennsylvania,L,Blue,Winter,4.0,Yes,Express,No,No,19,Debit Card,Quarterly
2921,58,Female,Coat,Outerwear,100,Maine,M,Olive,Fall,3.6,Yes,Store Pickup,No,No,17,Bank Transfer,Monthly
2922,42,Male,Shirt,Clothing,78,Pennsylvania,L,White,Spring,2.9,No,Standard,No,No,7,Cash,Quarterly
2923,39,Male,Skirt,Clothing,38,Idaho,S,White,Spring,3.4,No,Store Pickup,Yes,Yes,27,Credit Card,Quarterly
2924,23,Female,Sweater,Clothing,44,Idaho,M,Magenta,Spring,4.9,No,Next Day Air,No,No,17,Debit Card,Monthly
2925,53,Male,T-shirt,Clothing,80,Tennessee,M,Purple,Winter,4.4,No,Express,No,No,11,Credit Card,Annually
2926,54,Female,Sunglasses,Accessories,81,New York,M,Maroon,Winter,3.6,No,Standard,Yes,Yes,14,Bank Transfer,Every 3 Months
2927,70,Female,Hat,Accessories,70,Alaska,M,Violet,Summer,4.2,No,Standard,Yes,Yes,7,Cash,Every 3 Months
2928,59,Female,Jewelry,Accessories,70,North Dakota,M,Orange,Fall,3.9,No,Express,Yes,Yes,12,Bank Transfer,Every 3 Months
2929,35,Male,Backpack,Accessories,50,Kansas,M,Violet,Winter,4.8,No,Store Pickup,Yes,Yes,9,Debit Card,Quarterly
2930,29,Female,Jeans,Clothing,85,Indiana,L,Indigo,Spring,3.6,No,Express,No,No,14,Cash,Every 3 Months
2931,23,Female,Handbag,Accessories,45,Michigan,M,White,Winter,3.9,No,Store Pickup,No,No,24,Cash,Quarterly
2932,66,Male,Dress,Clothing,32,Minnesota,L,Red,Summer,3.2,No,Free Shipping,Yes,Yes,18,Venmo,Bi-Weekly
2933,32,Female,T-shirt,Clothing,71,Vermont,L,Silver,Summer,3.6,No,2-Day Shipping,No,No,18,Credit Card,Monthly
2934,66,Female,Backpack,Accessories,48,Michigan,S,Beige,Spring,2.1,No,Express,Yes,Yes,1,Cash,Every 3 Months
2935,52,Female,Hoodie,Clothing,37,Iowa,L,Teal,Fall,3.9,No,Free Shipping,No,No,17,Bank Transfer,Bi-Weekly
2936,49,Male,Shorts,Clothing,78,Rhode Island,L,Charcoal,Fall,4.3,Yes,Free Shipping,No,No,8,Bank Transfer,Every 3 Months
2937,39,Male,Sweater,Clothing,35,Nevada,L,White,Spring,4.7,Yes,Store Pickup,Yes,Yes,3,PayPal,Annually
2938,54,Male,Scarf,Accessories,64,Alabama,L,Charcoal,Fall,4.0,No,2-Day Shipping,Yes,Yes,20,Venmo,Monthly
2939,44,Male,Socks,Clothing,51,New York,M,Teal,Spring,3.5,No,Standard,No,No,14,Bank Transfer,Every 3 Months
2940,38,Male,Belt,Accessories,89,Montana,XL,Peach,Summer,3.3,Yes,2-Day Shipping,No,No,7,Cash,Annually
2941,54,Female,Shoes,Footwear,67,New Hampshire,M,Indigo,Fall,3.4,No,Store Pickup,No,No,7,Credit Card,Every 3 Months
2942,42,Male,Jewelry,Accessories,74,Georgia,S,Violet,Winter,,No,Standard,No,No,12,Cash,Annually
2943,32,Female,Skirt,Clothing,41,Mississippi,L,Indigo,Spring,3.5,No,Free Shipping,No,No,1,Bank Transfer,Quarterly
2944,53,Male,Shoes,Footwear,39,North Carolina,M,Black,Summer,2.9,Yes,Store Pickup,No,No,12,Credit Card,Annually
2945,43,Male,Pants,Clothing,52,North Dakota,M,Black,Summer,3.3,No,Standard,No,No,21,Credit Card,Monthly
2946,51,Male,Boots,Footwear,76,Ohio,M,Turquoise,Fall,3.5,Yes,Next Day Air,Yes,Yes,7,Bank Transfer,Every 3 Months
2947,37,Male,Backpack,Accessories,58,Wyoming,M,Indigo,Winter,3.9,No,2-Day Shipping,No,No,18,Debit Card,Monthly
2948,26,Female,Jeans,Clothing,76,Montana,XL,Teal,Fall,2.7,No,Express,No,No,29,Credit Card,Monthly
2949,70,Female,Sandals,Footwear,69,Michigan,S,Beige,Winter,3.4,No,Standard,Yes,Yes,13,Venmo,Every 3 Months
2950,67,Female,Hat,Accessories,40,Nevada,M,Black,Summer,4.2,No,2-Day Shipping,No,No,26,Credit Card,Fortnightly
2951,57,Male,Belt,Accessories,64,Kentucky,L,Yellow,Fall,4.6,No,2-Day Shipping,No,No,11,Venmo,Every 3 Months
2952,38,Female,Socks,Clothing,61,Kansas,L,Brown,Summer,3.7,No,Store Pickup,Yes,Yes,6,Cash,Every 3 Months
2953,39,Male,Hat,Accessories,83,Ohio,L,Purple,Winter,5.0,Yes,Store Pickup,No,No,10,Bank Transfer,Quarterly
2954,65,Female,Hat,Accessories,48,Kansas,M,Green,Spring,4.2,Yes,Store Pickup,No,No,10,Venmo,Annually
2955,39,Male,Boots,Footwear,49,Pennsylvania,L,Maroon,Winter,3.7,No,Store Pickup,Yes,Yes,14,PayPal,Quarterly
2956,35,Male,Socks,Clothing,70,Pennsylvania,M,Blue,Fall,4.4,Yes,Free Shipping,Yes,Yes,11,Venmo,Every 3 Months
2957,70,Male,Handbag,Accessories,80,West Virginia,L,Gold,Winter,3.4,No,2-Day Shipping,No,No,23,Debit Card,Bi-Weekly
2958,43,Male,Jewelry,Accessories,54,Connecticut,S,Red,Fall,3.1,No,Store Pickup,No,No,23,Credit Card,Bi-Weekly
2959,70,Male,Jewelry,Accessories,73,Maine,M,Olive,Summer,4.3,Yes,Free Shipping,Yes,Yes,12,Debit Card,Quarterly
2960,23,Female,Hat,Accessories,58,Rhode Island,M,Maroon,Summer,4.1,No,2-Day Shipping,No,No,11,Credit Card,Quarterly
2961,52,Female,Shirt,Clothing,57,Michigan,M,White,Spring,4.3,No,Free Shipping,No,No,5,Venmo,Quarterly
2962,70,Female,Jewelry,Accessories,75,North Carolina,S,Lavender,Winter,4.4,No,2-Day Shipping,No,No,30,Credit Card,Bi-Weekly
2963,44,Male,Blouse,Clothing,66,Oregon,M,Teal,Spring,4.9,Yes,Free Shipping,Yes,Yes,5,Cash,Annually
2964,40,Female,Blouse,Clothing,51,Vermont,L,Red,Winter,2.8,No,Store Pickup,No,No,29,Debit Card,Bi-Weekly
2965,26,Male,Scarf,Accessories,49,Idaho,M,Magenta,Fall,3.5,No,Next Day Air,Yes,Yes,14,PayPal,Every 3 Months
2966,60,Male,Socks,Clothing,53,Indiana,M,Gray,Spring,3.5,No,Standard,No,No,5,Bank Transfer,Every 3 Months
2967,32,Male,Shirt,Clothing,47,Mississippi,M,Green,Winter,4.4,No,Next Day Air,Yes,Yes,17,PayPal,Fortnightly
2968,43,Male,Jeans,Clothing,54,Montana,L,Turquoise,Spring,3.9,No,Next Day Air,No,No,7,Bank Transfer,Annually
2969,25,Female,Jewelry,Accessories,64,Virginia,M,Gray,Spring,4.5,Yes,2-Day Shipping,No,No,26,Debit Card,Quarterly
2970,67,Male,Jacket,Outerwear,73,Alaska,M,Pink,Fall,3.8,No,Store Pickup,No,No,3,Debit Card,Every 3 Months
2971,61,Male,Backpack,Accessories,47,Illinois,XL,Brown,Spring,3.7,Yes,2-Day Shipping,Yes,Yes,24,Cash,Monthly
2972,44,Female,Pants,Clothing,51,Virginia,L,Green,Spring,4.1,No,Express,No,No,17,Cash,Fortnightly
2973,27,Male,Sandals,Footwear,60,New Mexico,M,White,Fall,3.8,Yes,Express,Yes,Yes,5,Venmo,Quarterly
2974,67,Female,T-shirt,Clothing,46,North Dakota,L,Olive,Winter,3.9,No,Next Day Air,No,No,2,Cash,Quarterly
2975,39,Male,Coat,Outerwear,59,Illinois,XL,Teal,Spring,4.0,No,Standard,No,No,10,Debit Card,Annually
2976,27,Female,Gloves,Accessories,71,New York,S,Gold,Fall,4.0,No,Next Day Air,No,No,11,Venmo,Quarterly
2977,18,Female,Socks,Clothing,80,Maine,L,Silver,Fall,4.3,No,Express,No,No,22,Debit Card,Quarterly
2978,34,Female,Hat,Accessories,52,Oregon,S,Yellow,Spring,3.8,No,Store Pickup,Yes,Yes,3,Debit Card,Every 3 Months
2979,22,Female,T-shirt,Clothing,47,California,L,White,Spring,3.8,No,Next Day Air,No,No,2,Debit Card,Annually
2980,35,Female,Boots,Footwear,59,Iowa,L,Lavender,Summer,3.0,No,Next Day Air,Yes,Yes,37,PayPal,Weekly
2981,55,Female,Skirt,Clothing,59,North Carolina,XL,Purple,Fall,4.3,No,Next Day Air,Yes,Yes,19,PayPal,Fortnightly
2982,38,Male,Boots,Footwear,71,New Mexico,L,Violet,Spring,4.7,No,Express,No,No,29,PayPal,Fortnightly
2983,49,Male,Shoes,Footwear,54,Texas,S,Teal,Summer,2.6,No,Express,No,No,21,Credit Card,Quarterly
2984,33,Female,Shoes,Footwear,51,South Dakota,M,Yellow,Summer,4.0,No,Next Day Air,Yes,Yes,5,Cash,Every 3 Months
2985,45,Male,Sneakers,Footwear,100,Alabama,XL,Beige,Fall,3.6,Yes,Standard,Yes,Yes,16,Credit Card,Fortnightly
2986,70,Male,Pants,Clothing,43,California,M,Olive,Spring,3.6,Yes,Express,Yes,Yes,27,Debit Card,Monthly
2987,39,Male,Jewelry,Accessories,71,Louisiana,S,Silver,Fall,4.1,No,Free Shipping,Yes,Yes,28,Bank Transfer,Bi-Weekly
2988,50,Male,Sandals,Footwear,84,West Virginia,L,Red,Winter,3.6,No,2-Day Shipping,No,No,4,Bank Transfer,Every 3 Months
2989,21,Male,Shirt,Clothing,60,Mississippi,M,Brown,Fall,3.9,Yes,Express,Yes,Yes,17,Debit Card,Bi-Weekly
2990,67,Female,Blouse,Clothing,71,Vermont,S,Orange,Fall,3.5,Yes,Standard,Yes,Yes,9,PayPal,Every 3 Months
2991,37,Female,Socks,Clothing,37,Arizona,M,Charcoal,Spring,4.6,Yes,Free Shipping,Yes,Yes,2,Venmo,Quarterly
2992,60,Female,Jeans,Clothing,58,Wisconsin,M,Blue,Winter,3.6,No,Free Shipping,No,No,17,Venmo,Fortnightly
2993,42,Male,Boots,Footwear,85,Arkansas,L,Blue,Summer,3.2,Yes,Express,Yes,Yes,7,Venmo,Annually
2994,53,Male,Scarf,Accessories,59,South Dakota,M,White,Spring,4.0,No,Free Shipping,Yes,Yes,35,Bank Transfer,Monthly
2995,54,Female,Jewelry,Accessories,58,Utah,M,Gold,Fall,3.2,No,Free Shipping,No,No,12,PayPal,Every 3 Months
2996,37,Male,Coat,Outerwear,96,Iowa,L,Magenta,Summer,3.7,No,Express,No,No,18,Cash,Quarterly
2997,60,Female,T-shirt,Clothing,71,Kansas,M,Gold,Summer,4.7,No,Store Pickup,Yes,Yes,17,Debit Card,Monthly
2998,33,Male,Hat,Accessories,68,New Jersey,L,Violet,Winter,3.7,No,Store Pickup,No,No,4,PayPal,Annually
2999,56,Female,Shorts,Clothing,45,Oregon,M,Violet,Fall,2.9,No,Standard,No,No,18,Cash,Monthly
3000,38,Male,Pants,Clothing,20,Connecticut,M,Pink,Summer,3.5,No,Next Day Air,No,No,26,Credit Card,Quarterly
3001,49,Female,Hoodie,Clothing,64,Idaho,M,Teal,Winter,4.2,No,Standard,Yes,Yes,20,Credit Card,Quarterly
3002,37,Female,Pants,Clothing,58,Pennsylvania,L,Blue,Summer,3.8,No,Free Shipping,Yes,Yes,5,Debit Card,Annually
3003,45,Male,Dress,Clothing,70,South Dakota,XL,Yellow,Winter,4.1,No,Store Pickup,Yes,Yes,21,Debit Card,Quarterly
3004,28,Female,Gloves,Accessories,65,Delaware,M,Lavender,Winter,3.4,Yes,2-Day Shipping,Yes,Yes,19,PayPal,Bi-Weekly
3005,48,Male,T-shirt,Clothing,59,Vermont,S,Lavender,Summer,3.5,No,Next Day Air,No,No,12,Venmo,Annually
3006,45,Female,Socks,Clothing,58,Utah,M,Charcoal,Winter,4.1,No,Next Day Air,No,No,8,Bank Transfer,Quarterly
3007,36,Female,Handbag,Accessories,39,Utah,M,Turquoise,Fall,4.7,No,Standard,No,No,26,PayPal,Quarterly
3008,43,Male,T-shirt,Clothing,28,Illinois,M,Charcoal,Winter,3.5,No,Free Shipping,No,No,7,Venmo,Every 3 Months
3009,46,Male,Sandals,Footwear,46,North Dakota,XL,Turquoise,Summer,3.7,No,Express,No,No,34,Venmo,Fortnightly
3010,35,Female,Jacket,Outerwear,50,Florida,L,Purple,Summer,4.3,No,Store Pickup,Yes,Yes,19,Venmo,Monthly
3011,42,Male,Backpack,Accessories,56,Georgia,M,Silver,Summer,3.8,No,Free Shipping,No,No,3,Bank Transfer,Every 3 Months
3012,29,Female,Sunglasses,Accessories,31,Arkansas,M,Beige,Fall,4.1,No,Standard,No,No,19,Venmo,Monthly
3013,70,Female,Handbag,Accessories,49,Missouri,S,Red,Fall,3.3,No,Free Shipping,No,No,15,Cash,Every 3 Months
3014,60,Female,Gloves,Accessories,88,Oklahoma,M,Yellow,Summer,3.8,No,2-Day Shipping,Yes,Yes,13,PayPal,Annually
3015,48,Male,Jacket,Outerwear,67,Georgia,M,Indigo,Summer,3.2,No,2-Day Shipping,No,No,11,Bank Transfer,Annually
3016,62,Female,Coat,Outerwear,69,Georgia,XL,Magenta,Summer,2.6,No,2-Day Shipping,Yes,Yes,27,Venmo,Fortnightly
3017,18,Female,Skirt,Clothing,58,Indiana,M,Blue,Fall,3.2,No,Express,No,No,9,Cash,Every 3 Months
3018,18,Male,Sunglasses,Accessories,66,Georgia,S,Maroon,Spring,4.0,Yes,Express,Yes,Yes,12,Debit Card,Quarterly
3019,38,Male,Shoes,Footwear,52,Tennessee,M,Pink,Fall,4.0,No,Store Pickup,No,No,26,Debit Card,Bi-Weekly
3020,23,Male,Shirt,Clothing,55,Florida,S,Gray,Winter,4.2,No,Store Pickup,No,No,17,PayPal,Quarterly
3021,40,Male,Belt,Accessories,48,Indiana,XL,Red,Summer,4.1,No,Free Shipping,Yes,Yes,13,Credit Card,Quarterly
3022,47,Female,Hat,Accessories,33,Kansas,L,Blue,Summer,3.6,No,2-Day Shipping,No,No,17,Credit Card,Quarterly
3023,58,Male,Scarf,Accessories,76,Hawaii,L,Pink,Spring,2.7,No,Free Shipping,No,No,5,Debit Card,Annually
3024,27,Female,Pants,Clothing,44,West Virginia,L,Orange,Fall,3.0,No,Standard,No,No,8,Cash,Every 3 Months
3025,50,Male,Dress,Clothing,90,Hawaii,S,Cyan,Summer,4.4,Yes,Store Pickup,No,No,16,Cash,Monthly
3026,44,Male,Blouse,Clothing,52,Missouri,L,Green,Winter,3.2,Yes,Next Day Air,Yes,Yes,4,Debit Card,Every 3 Months
3027,49,Male,Hat,Accessories,41,New Hampshire,L,Cyan,Winter,3.7,Yes,2-Day Shipping,Yes,Yes,29,Bank Transfer,Monthly
3028,36,Female,Jacket,Outerwear,99,Indiana,M,Peach,Winter,3.6,No,Next Day Air,No,No,3,Credit Card,Quarterly
3029,65,Female,Sneakers,Footwear,36,Mississippi,M,Peach,Spring,2.8,No,Express,No,No,8,PayPal,Annually
3030,42,Male,Sweater,Clothing,28,Florida,L,Olive,Spring,3.9,Yes,Store Pickup,No,No,12,Debit Card,Annually
3031,70,Female,Blouse,Clothing,35,Missouri,XL,Charcoal,Summer,4.6,No,2-Day Shipping,Yes,Yes,12,Bank Transfer,Monthly
3032,32,Male,Sneakers,Footwear,64,Alabama,S,Cyan,Fall,3.6,Yes,Standard,Yes,Yes,9,Bank Transfer,Annually
3033,55,Male,Belt,Accessories,36,Michigan,XL,Teal,Spring,3.6,No,Store Pickup,Yes,Yes,28,Credit Card,Fortnightly
3034,43,Male,Jewelry,Accessories,48,Maine,XL,Magenta,Summer,3.1,No,Standard,No,No,22,Cash,Monthly
3035,39,Female,Socks,Clothing,25,Louisiana,XL,Lavender,Spring,3.5,No,Standard,No,No,14,Venmo,Monthly
3036,53,Female,Shirt,Clothing,81,Colorado,S,Gray,Summer,4.0,Yes,Express,Yes,Yes,9,PayPal,Every 3 Months
3037,40,Female,Sneakers,Footwear,67,Wyoming,M,White,Summer,3.6,No,Express,Yes,Yes,11,Cash,Every 3 Months
3038,18,Male,Belt,Accessories,37,Alaska,L,Cyan,Spring,3.5,No,Express,No,No,10,Cash,Annually
3039,18,Male,Skirt,Clothing,21,Delaware,M,Silver,Summer,4.3,No,Free Shipping,No,No,2,Credit Card,Quarterly
3040,63,Female,Coat,Outerwear,54,Colorado,S,Silver,Fall,3.4,No,2-Day Shipping,No,No,10,Cash,Annually
3041,62,Male,Handbag,Accessories,67,Wisconsin,L,Gold,Winter,3.5,No,2-Day Shipping,No,No,1,Bank Transfer,Every 3 Months
3042,70,Female,Coat,Outerwear,85,Kansas,S,Beige,Winter,3.7,No,Express,Yes,Yes,10,Bank Transfer,Annually
3043,44,Female,Belt,Accessories,53,Michigan,M,Gold,Summer,4.5,No,Store Pickup,No,No,10,Cash,Annually
3044,25,Male,Handbag,Accessories,55,Pennsylvania,XL,Gold,Winter,3.7,Yes,Free Shipping,Yes,Yes,28,Cash,Monthly
3045,38,Female,Coat,Outerwear,59,Arizona,M,Red,Summer,3.1,No,Store Pickup,No,No,18,Bank Transfer,Quarterly
3046,44,Female,Jacket,Outerwear,73,Arkansas,XL,Olive,Summer,3.9,No,Free Shipping,No,No,8,Credit Card,Quarterly
3047,29,Male,Jacket,Outerwear,88,Georgia,M,Lavender,Winter,3.4,Yes,Next Day Air,No,No,16,Debit Card,Fortnightly
3048,69,Female,Boots,Footwear,58,North Dakota,M,Magenta,Summer,4.0,No,Express,No,No,3,Credit Card,Annually
3049,70,Female,Sunglasses,Accessories,51,Wisconsin,S,White,Fall,2.5,No,Free Shipping,Yes,Yes,20,Debit Card,Quarterly
3050,51,Male,Pants,Clothing,70,New York,M,White,Spring,3.7,No,Standard,No,No,7,PayPal,Every 3 Months
3051,44,Female,Sweater,Clothing,82,Utah,M,Beige,Summer,3.6,No,Next Day Air,Yes,Yes,24,Credit Card,Bi-Weekly
3052,25,Male,Jacket,Outerwear,63,Vermont,L,Turquoise,Winter,3.0,No,Standard,Yes,Yes,28,Venmo,Fortnightly
3053,67,Female,Sweater,Clothing,59,Indiana,XL,Indigo,Spring,3.0,No,2-Day Shipping,No,No,4,Venmo,Quarterly
3054,45,Female,Gloves,Accessories,45,Georgia,S,Red,Winter,3.6,No,Store Pickup,No,No,8,Credit Card,Every 3 Months
3055,40,Female,Coat,Outerwear,69,Florida,S,Yellow,Summer,3.0,No,Express,Yes,Yes,38,Credit Card,Monthly
3056,51,Male,Coat,Outerwear,53,South Carolina,L,Maroon,Winter,1.8,No,Express,Yes,Yes,10,Venmo,Quarterly
3057,35,Female,Jacket,Outerwear,91,North Dakota,M,Peach,Summer,2.9,No,Next Day Air,No,No,14,Bank Transfer,Annually
3058,46,Male,Handbag,Accessories,71,Utah,M,Lavender,Summer,3.0,No,Next Day Air,No,No,20,Debit Card,Fortnightly
3059,22,Male,Belt,Accessories,85,Montana,M,Black,Summer,3.8,No,Next Day Air,No,No,20,Venmo,Quarterly
3060,60,Male,Jacket,Outerwear,59,Wisconsin,M,Beige,Spring,2.9,No,Standard,Yes,Yes,9,Venmo,Quarterly
3061,42,Female,Pants,Clothing,91,Vermont,M,Indigo,Winter,3.7,No,Standard,No,No,25,Bank Transfer,Monthly
3062,61,Male,Jeans,Clothing,68,South Dakota,S,Teal,Fall,3.1,Yes,2-Day Shipping,No,No,23,Credit Card,Quarterly
3063,41,Male,Jacket,Outerwear,72,South Dakota,L,Green,Fall,4.1,Yes,Store Pickup,Yes,Yes,2,Debit Card,Annually
3064,42,Female,Scarf,Accessories,77,Connecticut,M,Lavender,Summer,4.0,No,2-Day Shipping,No,No,6,PayPal,Every 3 Months
3065,26,Male,Scarf,Accessories,41,Pennsylvania,M,Olive,Winter,3.6,No,Next Day Air,Yes,Yes,18,Credit Card,Fortnightly
3066,55,Male,Dress,Clothing,65,West Virginia,M,Green,Summer,3.8,Yes,Express,Yes,Yes,7,Cash,Quarterly
3067,31,Male,Jewelry,Accessories,60,Iowa,M,Maroon,Spring,4.1,Yes,Standard,No,No,10,Bank Transfer,Quarterly
3068,37,Male,Coat,Outerwear,75,South Dakota,L,Peach,Spring,3.6,No,Standard,No,No,24,Cash,Bi-Weekly
3069,44,Female,Sunglasses,Accessories,50,Louisiana,L,Turquoise,Winter,3.8,No,Store Pickup,No,No,12,PayPal,Annually
3070,46,Male,Dress,Clothing,55,Hawaii,L,Red,Spring,2.4,Yes,Express,Yes,Yes,6,Debit Card,Every 3 Months
3071,18,Male,Scarf,Accessories,51,Oregon,M,Teal,Winter,3.4,No,Express,No,No,23,Cash,Fortnightly
3072,41,Female,Sneakers,Footwear,61,Florida,M,Olive,Summer,3.2,Yes,Next Day Air,Yes,Yes,5,Venmo,Quarterly
3073,56,Female,Boots,Footwear,67,Missouri,M,Purple,Spring,4.3,Yes,Standard,Yes,Yes,8,PayPal,Quarterly
3074,38,Female,Sweater,Clothing,79,Washington,M,Brown,Winter,3.5,No,Free Shipping,Yes,Yes,1,Bank Transfer,Every 3 Months
3075,41,Female,Gloves,Accessories,22,Delaware,M,Brown,Fall,3.3,No,Free Shipping,Yes,Yes,17,Venmo,Quarterly
3076,46,Female,T-shirt,Clothing,70,Delaware,M,White,Fall,4.0,No,Express,No,No,22,Debit Card,Monthly
3077,42,Male,Handbag,Accessories,49,West Virginia,S,Peach,Fall,2.8,No,2-Day Shipping,Yes,Yes,11,Bank Transfer,Annually
3078,29,Female,Pants,Clothing,55,Rhode Island,M,Blue,Winter,3.6,No,2-Day Shipping,No,No,27,Credit Card,Quarterly
3079,43,Female,Sunglasses,Accessories,40,Mississippi,S,Lavender,Spring,2.6,No,Express,No,No,18,Cash,Fortnightly
3080,59,Male,Handbag,Accessories,58,Massachusetts,M,Yellow,Spring,3.3,No,Store Pickup,No,No,13,Credit Card,Every 3 Months
3081,28,Male,T-shirt,Clothing,52,Wisconsin,M,Beige,Fall,3.4,No,Express,No,No,19,Credit Card,Monthly
3082,38,Male,Sweater,Clothing,54,Oregon,XL,Magenta,Fall,4.6,No,Free Shipping,No,No,9,Bank Transfer,Monthly
3083,23,Female,Shirt,Clothing,73,Virginia,M,Teal,Fall,3.6,Yes,Store Pickup,Yes,Yes,3,Bank Transfer,Annually
3084,58,Female,Sweater,Clothing,74,California,S,White,Summer,3.2,Yes,Standard,Yes,Yes,18,Credit Card,Bi-Weekly
3085,43,Female,Sunglasses,Accessories,80,Nebraska,M,Indigo,Fall,3.7,No,2-Day Shipping,No,No,5,Credit Card,Quarterly
3086,31,Male,Blouse,Clothing,49,Oregon,S,Violet,Spring,4.6,No,Next Day Air,No,No,18,PayPal,Quarterly
3087,45,Male,T-shirt,Clothing,69,Alaska,L,Purple,Fall,2.5,No,2-Day Shipping,No,No,5,PayPal,Every 3 Months
3088,26,Male,Coat,Outerwear,84,Montana,S,Lavender,Summer,4.1,Yes,Express,No,No,9,Bank Transfer,Quarterly
3089,28,Male,Hoodie,Clothing,65,Arizona,XL,Silver,Summer,3.9,Yes,Express,Yes,Yes,37,Credit Card,Weekly
3090,22,Female,Sandals,Footwear,87,Virginia,L,Teal,Spring,3.6,No,Standard,Yes,Yes,19,PayPal,Quarterly
3091,28,Female,Gloves,Accessories,47,Ohio,M,Gold,Winter,3.6,No,Free Shipping,No,No,7,Bank Transfer,Annually
3092,64,Female,Belt,Accessories,59,Georgia,XL,Blue,Winter,4.6,No,Standard,No,No,10,Venmo,Annually
3093,33,Female,Backpack,Accessories,62,Nebraska,L,Silver,Winter,4.2,No,Express,Yes,Yes,10,Venmo,Annually
3094,51,Female,T-shirt,Clothing,39,Colorado,XL,Blue,Winter,3.1,No,2-Day Shipping,No,No,19,PayPal,Quarterly
3095,31,Male,Sneakers,Footwear,80,South Dakota,M,Silver,Fall,3.7,No,Express,No,No,9,PayPal,Quarterly
3096,55,Male,Boots,Footwear,58,Georgia,XL,Green,Summer,4.4,No,2-Day Shipping,Yes,Yes,6,Debit Card,Quarterly
3097,29,Male,Jeans,Clothing,65,New Mexico,M,Purple,Spring,4.0,No,Free Shipping,No,No,8,Debit Card,Every 3 Months
3098,45,Male,Shoes,Footwear,91,Arkansas,M,Peach,Fall,3.8,Yes,2-Day Shipping,Yes,Yes,21,Credit Card,Quarterly
3099,45,Male,Gloves,Accessories,60,Delaware,XL,Beige,Winter,3.0,No,Free Shipping,Yes,Yes,14,Cash,Monthly
3100,70,Male,Shoes,Footwear,61,Wyoming,M,Beige,Summer,5.0,No,Standard,No,No,26,Bank Transfer,Fortnightly
3101,53,Female,Sneakers,Footwear,61,Maryland,M,Peach,Winter,4.1,No,Express,No,No,29,Bank Transfer,Monthly
3102,35,Male,Hoodie,Clothing,42,Connecticut,S,Maroon,Spring,4.8,No,2-Day Shipping,Yes,Yes,23,PayPal,Bi-Weekly
3103,54,Female,Boots,Footwear,54,Ohio,S,Black,Summer,3.8,No,Free Shipping,No,No,19,PayPal,Monthly
3104,70,Female,Jacket,Outerwear,72,Hawaii,M,Yellow,Fall,3.6,Yes,Store Pickup,Yes,Yes,21,Credit Card,Monthly
3105,20,Female,Backpack,Accessories,65,New Jersey,M,Cyan,Summer,3.4,Yes,Express,No,No,22,Venmo,Monthly
3106,31,Female,Hoodie,Clothing,80,South Dakota,M,Turquoise,Winter,4.3,No,Next Day Air,No,No,8,Venmo,Annually
3107,40,Male,Boots,Footwear,81,Ohio,L,Blue,Summer,4.5,Yes,Store Pickup,No,No,25,Debit Card,Monthly
3108,38,Female,Backpack,Accessories,48,Illinois,S,Cyan,Winter,4.4,No,Store Pickup,Yes,Yes,8,Debit Card,Quarterly
3109,39,Male,Sweater,Clothing,58,Idaho,L,Olive,Summer,5.0,No,Standard,No,No,29,Cash,Quarterly
3110,24,Female,Boots,Footwear,82,Idaho,M,Olive,Spring,3.7,No,2-Day Shipping,No,No,10,Cash,Annually
3111,65,Male,Sunglasses,Accessories,35,New York,L,Peach,Fall,3.4,Yes,Next Day Air,No,No,31,PayPal,Monthly
3112,23,Male,Shoes,Footwear,56,North Dakota,L,Charcoal,Fall,3.8,No,Standard,No,No,10,Cash,Annually
3113,41,Female,Jewelry,Accessories,36,Nebraska,XL,Gold,Fall,4.2,No,2-Day Shipping,No,No,17,Bank Transfer,Monthly
3114,60,Female,Jeans,Clothing,100,Maryland,S,Gold,Spring,3.5,Yes,2-Day Shipping,Yes,Yes,30,Debit Card,Fortnightly
3115,44,Male,Coat,Outerwear,80,Arkansas,M,Magenta,Summer,3.6,No,Free Shipping,No,No,7,Debit Card,Every 3 Months
3116,29,Female,Handbag,Accessories,55,Tennessee,XL,White,Spring,3.9,Yes,2-Day Shipping,Yes,Yes,18,Bank Transfer,Bi-Weekly
3117,24,Male,Scarf,Accessories,56,North Dakota,L,Magenta,Winter,4.0,No,2-Day Shipping,No,No,33,PayPal,Fortnightly
3118,41,Female,Shorts,Clothing,45,New York,S,Yellow,Spring,3.8,No,2-Day Shipping,No,No,17,Venmo,Fortnightly
3119,33,Male,Shorts,Clothing,90,Colorado,M,Gold,Winter,3.8,No,Free Shipping,No,No,29,Credit Card,Quarterly
3120,47,Male,Handbag,Accessories,20,Iowa,L,Gold,Spring,4.1,No,Store Pickup,Yes,Yes,12,Cash,Monthly
3121,23,Male,Skirt,Clothing,63,Kansas,M,Blue,Fall,4.2,No,2-Day Shipping,No,No,18,PayPal,Quarterly
3122,56,Male,Coat,Outerwear,67,New Jersey,L,Cyan,Summer,3.3,No,Store Pickup,Yes,Yes,19,Credit Card,Fortnightly
3123,46,Male,Jacket,Outerwear,52,South Carolina,L,Gray,Spring,2.5,No,Store Pickup,Yes,Yes,10,Debit Card,Quarterly
3124,47,Male,Sandals,Footwear,56,Utah,M,Indigo,Summer,3.0,No,Standard,No,No,22,Debit Card,Quarterly
3125,66,Male,Blouse,Clothing,38,Nebraska,M,Purple,Spring,4.0,Yes,Store Pickup,No,No,24,Cash,Quarterly
3126,37,Male,Jewelry,Accessories,88,Maine,M,Magenta,Fall,3.3,Yes,Store Pickup,Yes,Yes,3,Bank Transfer,Annually
3127,33,Male,Shorts,Clothing,64,Massachusetts,M,Purple,Winter,3.9,Yes,Store Pickup,No,No,23,Credit Card,Monthly
3128,36,Male,Boots,Footwear,81,Oregon,M,Blue,Summer,3.6,Yes,Standard,Yes,Yes,7,Credit Card,Monthly
3129,41,Female,Hat,Accessories,55,Kansas,L,White,Summer,3.8,Yes,Free Shipping,Yes,Yes,33,Debit Card,Monthly
3130,43,Female,Coat,Outerwear,90,Massachusetts,M,Brown,Spring,3.9,No,Next Day Air,No,No,31,Cash,Fortnightly
3131,32,Male,T-shirt,Clothing,65,South Carolina,L,Beige,Summer,4.4,Yes,Free Shipping,Yes,Yes,4,Credit Card,Quarterly
3132,18,Female,Jeans,Clothing,75,Nevada,L,Lavender,Winter,3.7,No,2-Day Shipping,No,No,3,PayPal,Quarterly
3133,36,Male,Jacket,Outerwear,77,Mississippi,L,Pink,Fall,3.0,No,Free Shipping,No,No,4,Debit Card,Every 3 Months
3134,49,Male,Scarf,Accessories,56,Oregon,M,Cyan,Winter,3.9,No,2-Day Shipping,Yes,Yes,12,Debit Card,Every 3 Months
3135,46,Female,Sneakers,Footwear,76,Iowa,M,Charcoal,Winter,4.1,No,Next Day Air,Yes,Yes,5,Debit Card,Annually
3136,62,Female,Sneakers,Footwear,100,Arkansas,L,Turquoise,Spring,2.3,No,Store Pickup,Yes,Yes,9,Venmo,Every 3 Months
3137,70,Female,Handbag,Accessories,39,South Carolina,S,Teal,Spring,3.3,No,2-Day Shipping,No,No,18,Debit Card,Monthly
3138,55,Male,Backpack,Accessories,55,Minnesota,M,Red,Summer,3.8,No,Store Pickup,No,No,9,Debit Card,Annually
3139,65,Female,Hat,Accessories,36,Kentucky,S,Cyan,Winter,3.5,No,Free Shipping,No,No,6,Credit Card,Every 3 Months
3140,56,Male,Shoes,Footwear,67,California,M,Olive,Spring,3.7,No,Next Day Air,No,No,23,Venmo,Monthly
3141,70,Male,Jacket,Outerwear,72,Washington,L,Purple,Spring,3.2,No,Store Pickup,No,No,10,Bank Transfer,Every 3 Months
3142,70,Male,Blouse,Clothing,89,Oregon,M,Lavender,Winter,4.3,No,2-Day Shipping,No,No,18,Venmo,Bi-Weekly
3143,58,Female,Gloves,Accessories,59,Indiana,M,Charcoal,Spring,3.8,Yes,Next Day Air,Yes,Yes,12,PayPal,Every 3 Months
3144,55,Male,Dress,Clothing,73,New Mexico,S,Teal,Summer,2.6,No,Free Shipping,No,No,18,Bank Transfer,Fortnightly
3145,41,Female,Backpack,Accessories,24,Mississippi,M,White,Winter,4.2,No,Store Pickup,No,No,3,Debit Card,Quarterly
3146,43,Female,Sandals,Footwear,62,Kentucky,M,Charcoal,Spring,4.1,No,Standard,No,No,30,Cash,Fortnightly
3147,39,Female,Boots,Footwear,52,Kansas,L,Purple,Spring,3.6,Yes,Standard,Yes,Yes,8,Credit Card,Every 3 Months
3148,53,Female,Backpack,Accessories,66,Arkansas,XL,Violet,Fall,2.6,No,Standard,No,No,12,PayPal,Every 3 Months
3149,33,Female,Shorts,Clothing,76,Wisconsin,XL,Olive,Spring,4.2,No,Free Shipping,No,No,13,Bank Transfer,Annually
3150,41,Male,Socks,Clothing,54,Washington,S,Black,Fall,3.1,Yes,Express,Yes,Yes,3,Debit Card,Annually
3151,18,Male,Pants,Clothing,67,Utah,M,Purple,Fall,3.5,No,Store Pickup,Yes,Yes,20,Bank Transfer,Bi-Weekly
3152,70,Female,T-shirt,Clothing,52,Kansas,M,White,Spring,3.4,No,Store Pickup,No,No,15,Venmo,Annually
3153,41,Male,Boots,Footwear,61,Wyoming,L,Gold,Fall,2.8,No,Store Pickup,No,No,20,Venmo,Monthly
3154,51,Male,Jeans,Clothing,71,Indiana,L,Brown,Summer,3.7,Yes,2-Day Shipping,Yes,Yes,28,Cash,Quarterly
3155,66,Male,Socks,Clothing,42,Tennessee,L,Gold,Winter,3.8,No,Express,No,No,2,Cash,Annually
3156,49,Male,Backpack,Accessories,41,Colorado,M,Teal,Summer,3.8,No,2-Day Shipping,No,No,11,Cash,Every 3 Months
3157,66,Male,Jeans,Clothing,72,Kansas,M,Olive,Fall,3.6,No,Next Day Air,Yes,Yes,18,PayPal,Monthly
3158,25,Male,Hoodie,Clothing,47,New Hampshire,XL,Beige,Summer,3.3,No,2-Day Shipping,Yes,Yes,3,Venmo,Every 3 Months
3159,70,Female,Coat,Outerwear,88,Wisconsin,M,Orange,Winter,4.5,No,2-Day Shipping,Yes,Yes,1,Bank Transfer,Monthly
3160,60,Male,T-shirt,Clothing,30,Indiana,L,Teal,Summer,3.8,No,Next Day Air,Yes,Yes,29,PayPal,Monthly
3161,47,Female,Sweater,Clothing,73,Michigan,L,Charcoal,Fall,3.1,No,Store Pickup,No,No,35,Bank Transfer,Fortnightly
3162,65,Female,Jewelry,Accessories,57,Texas,S,Orange,Winter,4.0,No,2-Day Shipping,No,No,5,Debit Card,Annually
3163,26,Male,Shirt,Clothing,63,Mississippi,XL,Cyan,Winter,3.9,Yes,Express,Yes,Yes,16,Debit Card,Fortnightly
3164,40,Female,Shorts,Clothing,60,Ohio,L,Beige,Winter,4.1,No,Store Pickup,Yes,Yes,23,Venmo,Fortnightly
3165,66,Female,Skirt,Clothing,35,Massachusetts,L,Lavender,Fall,3.7,No,Standard,Yes,Yes,16,PayPal,Monthly
3166,18,Female,Jeans,Clothing,76,Alabama,S,Silver,Fall,3.3,No,Store Pickup,No,No,8,Bank Transfer,Annually
3167,52,Male,Shoes,Footwear,59,Iowa,S,Pink,Summer,2.8,Yes,Standard,No,No,28,Bank Transfer,Quarterly
3168,52,Male,Blouse,Clothing,45,New Hampshire,L,Blue,Fall,3.4,No,Store Pickup,No,No,13,Venmo,Quarterly
3169,70,Male,Shirt,Clothing,99,Alabama,S,Charcoal,Fall,2.7,Yes,Express,No,No,5,Credit Card,Annually
3170,20,Female,Pants,Clothing,52,Idaho,S,Olive,Fall,3.9,No,Express,Yes,Yes,8,PayPal,Quarterly
3171,68,Female,Coat,Outerwear,54,West Virginia,M,Green,Summer,2.6,No,Free Shipping,No,No,26,Credit Card,Fortnightly
3172,36,Female,Shorts,Clothing,71,Alabama,S,Green,Summer,3.5,No,Free Shipping,Yes,Yes,24,Cash,Quarterly
3173,37,Female,Shoes,Footwear,64,Illinois,L,Lavender,Spring,4.1,No,Next Day Air,No,No,18,Bank Transfer,Monthly
3174,26,Female,Jeans,Clothing,74,New Mexico,M,Red,Fall,3.6,No,Next Day Air,No,No,11,Cash,Quarterly
3175,28,Female,Jacket,Outerwear,69,New Hampshire,S,Orange,Spring,3.6,No,Free Shipping,No,No,3,Venmo,Every 3 Months
3176,50,Male,T-shirt,Clothing,79,Hawaii,M,Turquoise,Spring,4.0,Yes,2-Day Shipping,No,No,6,Cash,Annually
3177,27,Female,Socks,Clothing,97,Arizona,S,Blue,Summer,4.0,Yes,2-Day Shipping,Yes,Yes,19,PayPal,Monthly
3178,55,Male,Scarf,Accessories,45,Vermont,S,Magenta,Spring,4.4,No,Free Shipping,Yes,Yes,30,Venmo,Quarterly
3179,34,Male,Shirt,Clothing,57,Nevada,M,Olive,Fall,4.0,Yes,Free Shipping,No,No,4,Cash,Annually
3180,26,Male,Gloves,Accessories,31,New Hampshire,M,Red,Spring,4.0,No,Free Shipping,No,No,23,Debit Card,Quarterly
3181,36,Female,Backpack,Accessories,63,Arizona,M,Maroon,Summer,2.6,No,Next Day Air,No,No,4,Cash,Monthly
3182,49,Male,Belt,Accessories,65,Hawaii,L,Violet,Fall,3.9,Yes,2-Day Shipping,No,No,21,Venmo,Bi-Weekly
3183,40,Male,Jeans,Clothing,78,Arkansas,M,Teal,Fall,4.7,No,Store Pickup,No,No,25,Venmo,Monthly
3184,45,Male,Belt,Accessories,57,Wisconsin,M,Purple,Fall,4.1,No,Express,No,No,19,Venmo,Quarterly
3185,54,Male,Dress,Clothing,63,Rhode Island,M,Indigo,Summer,4.3,Yes,Standard,No,No,20,Bank Transfer,Monthly
3186,60,Male,Jacket,Outerwear,71,Nevada,L,Green,Summer,3.2,No,Free Shipping,Yes,Yes,12,Venmo,Quarterly
3187,39,Female,Belt,Accessories,53,Ohio,M,Olive,Winter,3.7,No,Store Pickup,No,No,8,Debit Card,Quarterly
3188,28,Female,Handbag,Accessories,63,Florida,S,Magenta,Summer,4.1,No,Store Pickup,Yes,Yes,2,Venmo,Annually
3189,45,Male,Sandals,Footwear,70,Wyoming,L,Beige,Fall,3.9,Yes,2-Day Shipping,Yes,Yes,21,Venmo,Monthly
3190,51,Male,Handbag,Accessories,66,Montana,L,Cyan,Winter,4.2,No,Standard,No,No,13,Credit Card,Every 3 Months
3191,22,Male,Backpack,Accessories,59,Montana,S,Teal,Spring,3.1,Yes,Store Pickup,Yes,Yes,23,Credit Card,Monthly
3192,31,Male,Socks,Clothing,73,West Virginia,M,Magenta,Spring,3.2,Yes,Standard,No,No,31,PayPal,Quarterly
3193,33,Female,Handbag,Accessories,67,California,L,White,Summer,3.0,No,Store Pickup,No,No,37,Venmo,Weekly
3194,41,Female,Sweater,Clothing,53,Michigan,S,Gold,Summer,3.9,No,Free Shipping,No,No,7,PayPal,Quarterly
3195,33,Female,Dress,Clothing,57,California,XL,Yellow,Spring,3.6,No,Store Pickup,No,No,30,PayPal,Quarterly
3196,55,Male,Sneakers,Footwear,57,Michigan,M,Teal,Winter,3.5,No,Standard,Yes,Yes,15,Venmo,Annually
3197,20,Female,Sweater,Clothing,44,Indiana,L,Green,Fall,3.3,Yes,Store Pickup,Yes,Yes,8,PayPal,Monthly
3198,20,Male,Hat,Accessories,49,Mississippi,XL,Peach,Fall,3.2,No,Next Day Air,No,No,26,Bank Transfer,Monthly
3199,39,Male,T-shirt,Clothing,76,Oklahoma,XL,Yellow,Fall,3.7,Yes,Express,Yes,Yes,8,Credit Card,Monthly
3200,41,Female,Jeans,Clothing,72,Iowa,M,Peach,Summer,4.4,No,Standard,No,No,17,Bank Transfer,Fortnightly
3201,22,Female,Sandals,Footwear,71,Arizona,L,White,Fall,4.6,Yes,2-Day Shipping,No,No,5,Debit Card,Annually
3202,35,Female,Jeans,Clothing,42,Florida,M,Blue,Spring,4.6,No,Standard,No,No,12,PayPal,Annually
3203,38,Female,Sunglasses,Accessories,73,Oklahoma,M,Charcoal,Fall,3.5,No,Free Shipping,Yes,Yes,15,Venmo,Every 3 Months
3204,38,Female,Scarf,Accessories,87,New Hampshire,L,Beige,Winter,3.0,No,Standard,No,No,7,Bank Transfer,Every 3 Months
3205,46,Female,Sandals,Footwear,69,Wisconsin,M,Green,Winter,4.2,No,Standard,No,No,11,Bank Transfer,Every 3 Months
3206,34,Male,Shirt,Clothing,58,Vermont,L,Silver,Summer,4.5,No,Free Shipping,No,No,13,Bank Transfer,Quarterly
3207,66,Male,Sandals,Footwear,46,Florida,S,Yellow,Spring,3.9,No,Next Day Air,No,No,10,Credit Card,Every 3 Months
3208,51,Male,Backpack,Accessories,57,Oregon,M,Olive,Winter,3.7,No,Next Day Air,Yes,Yes,4,Credit Card,Annually
3209,32,Male,Dress,Clothing,50,California,M,Lavender,Fall,3.3,No,Standard,No,No,3,Credit Card,Annually
3210,45,Male,Blouse,Clothing,55,California,M,White,Winter,4.1,No,Express,No,No,9,Debit Card,Every 3 Months
3211,46,Male,Blouse,Clothing,85,South Carolina,S,Orange,Summer,4.0,Yes,Standard,Yes,Yes,10,Venmo,Every 3 Months
3212,62,Female,Scarf,Accessories,71,Massachusetts,M,Olive,Winter,3.9,No,2-Day Shipping,No,No,12,Bank Transfer,Monthly
3213,35,Female,Skirt,Clothing,53,Wyoming,XL,Blue,Winter,3.0,No,Store Pickup,No,No,15,Cash,Annually
3214,56,Female,Sweater,Clothing,59,Alabama,L,Cyan,Spring,3.1,No,Standard,No,No,4,Cash,Quarterly
3215,45,Male,Jewelry,Accessories,57,Montana,L,Purple,Fall,3.7,No,Express,No,No,22,Bank Transfer,Monthly
3216,66,Female,Hat,Accessories,50,Kansas,S,Purple,Summer,4.4,No,Free Shipping,Yes,Yes,5,Bank Transfer,Annually
3217,63,Male,Dress,Clothing,37,Wyoming,M,Maroon,Fall,4.2,No,2-Day Shipping,No,No,5,Cash,Quarterly
3218,47,Male,Sweater,Clothing,77,North Dakota,L,Purple,Summer,3.5,Yes,Express,Yes,Yes,25,Debit Card,Bi-Weekly
3219,40,Male,Shorts,Clothing,77,Rhode Island,S,Purple,Spring,2.6,No,Standard,Yes,Yes,9,Credit Card,Annually
3220,52,Male,Sunglasses,Accessories,47,Iowa,M,Black,Summer,4.6,No,Standard,Yes,Yes,5,Cash,Every 3 Months
3221,41,Male,Boots,Footwear,50,Vermont,XL,Teal,Fall,4.4,No,2-Day Shipping,No,No,3,Venmo,Every 3 Months
3222,69,Female,Belt,Accessories,78,Texas,S,Purple,Summer,3.8,Yes,Next Day Air,Yes,Yes,19,PayPal,Fortnightly
3223,45,Female,Jewelry,Accessories,46,South Carolina,XL,Cyan,Summer,3.5,No,Next Day Air,No,No,40,Credit Card,Bi-Weekly
3224,38,Female,Jeans,Clothing,36,Mississippi,M,Cyan,Summer,3.5,No,Express,Yes,Yes,16,PayPal,Monthly
3225,37,Male,Coat,Outerwear,61,Washington,M,White,Fall,4.2,No,Standard,Yes,Yes,9,Credit Card,Quarterly
3226,26,Female,Hoodie,Clothing,80,North Dakota,M,Gold,Summer,4.0,No,Store Pickup,Yes,Yes,15,Venmo,Annually
3227,52,Female,Socks,Clothing,50,Arkansas,XL,Beige,Spring,3.4,No,Store Pickup,No,No,19,Bank Transfer,Monthly
3228,32,Male,Shirt,Clothing,48,Vermont,M,Beige,Fall,5.0,No,Store Pickup,Yes,Yes,3,Credit Card,Annually
3229,60,Female,Pants,Clothing,50,Alaska,L,Cyan,Spring,2.8,No,Standard,No,No,18,Bank Transfer,Monthly
3230,25,Male,Sandals,Footwear,48,Ohio,M,Peach,Summer,3.3,Yes,Store Pickup,Yes,Yes,18,Cash,Fortnightly
3231,46,Male,Socks,Clothing,37,Illinois,L,Magenta,Fall,3.4,No,Express,No,No,6,Credit Card,Every 3 Months
3232,61,Male,Shirt,Clothing,54,Vermont,M,Red,Summer,3.8,No,Store Pickup,Yes,Yes,2,Bank Transfer,Quarterly
3233,18,Male,Sweater,Clothing,42,Oregon,M,Cyan,Spring,4.4,Yes,Free Shipping,Yes,Yes,21,Debit Card,Quarterly
3234,70,Male,Jacket,Outerwear,62,South Dakota,L,Cyan,Summer,4.1,No,Free Shipping,No,No,16,Credit Card,Monthly
3235,38,Male,Boots,Footwear,64,Ohio,L,Lavender,Summer,3.7,No,Free Shipping,No,No,15,Credit Card,Annually
3236,46,Male,Coat,Outerwear,74,New Hampshire,L,Silver,Fall,2.8,No,Standard,Yes,Yes,16,Cash,Monthly
3237,53,Female,Boots,Footwear,58,Utah,S,Maroon,Fall,4.2,No,Express,Yes,Yes,14,PayPal,Annually
3238,55,Male,Sandals,Footwear,41,Iowa,L,Silver,Spring,3.0,No,Next Day Air,No,No,11,Bank Transfer,Quarterly
3239,48,Male,Jewelry,Accessories,50,Nebraska,M,Blue,Winter,3.5,No,Store Pickup,Yes,Yes,8,Debit Card,Every 3 Months
3240,59,Male,Dress,Clothing,70,Iowa,XL,Lavender,Fall,3.7,Yes,Free Shipping,Yes,Yes,13,Bank Transfer,Annually
3241,52,Female,Skirt,Clothing,68,Colorado,M,Lavender,Spring,3.2,No,Standard,No,No,16,Credit Card,Monthly
3242,70,Female,Shorts,Clothing,54,Utah,S,Black,Summer,3.2,No,Standard,No,No,2,Venmo,Annually
3243,52,Female,Belt,Accessories,52,Missouri,M,Gray,Winter,4.3,Yes,Store Pickup,No,No,4,Venmo,Every 3 Months
3244,70,Male,Hoodie,Clothing,59,Arizona,M,Gray,Fall,4.6,No,Store Pickup,No,No,23,Cash,Quarterly
3245,58,Male,Sweater,Clothing,52,Tennessee,M,Magenta,Summer,3.7,No,Standard,No,No,14,Cash,Monthly
3246,18,Female,Gloves,Accessories,41,West Virginia,L,Charcoal,Winter,2.7,No,Store Pickup,No,No,6,PayPal,Quarterly
3247,70,Male,Sweater,Clothing,63,North Dakota,L,Gold,Fall,3.9,No,Free Shipping,Yes,Yes,30,Venmo,Bi-Weekly
3248,35,Female,Dress,Clothing,58,Kentucky,M,White,Fall,3.3,No,Free Shipping,No,No,3,Venmo,Quarterly
3249,66,Female,Shorts,Clothing,46,Texas,M,Brown,Spring,3.9,Yes,2-Day Shipping,No,No,38,Debit Card,Weekly
3250,44,Male,Scarf,Accessories,53,Oregon,L,Teal,Fall,3.9,Yes,2-Day Shipping,Yes,Yes,15,Bank Transfer,Every 3 Months
3251,60,Female,Sweater,Clothing,55,Iowa,XL,Olive,Spring,2.6,No,2-Day Shipping,No,No,19,Debit Card,Quarterly
3252,34,Female,Shirt,Clothing,34,Kentucky,M,Black,Winter,3.5,No,Free Shipping,No,No,17,Venmo,Monthly
3253,53,Male,Blouse,Clothing,46,Wyoming,XL,Lavender,Spring,4.1,No,Express,No,No,2,Bank Transfer,Every 3 Months
3254,40,Male,Gloves,Accessories,67,West Virginia,S,Maroon,Spring,3.7,No,2-Day Shipping,No,No,28,Cash,Fortnightly
3255,68,Male,Sweater,Clothing,56,North Dakota,L,Gold,Summer,3.0,Yes,Store Pickup,Yes,Yes,28,Debit Card,Fortnightly
3256,51,Female,Dress,Clothing,45,Alaska,L,Gold,Summer,4.1,No,2-Day Shipping,Yes,Yes,6,Debit Card,Monthly
3257,58,Male,Sandals,Footwear,83,Idaho,M,Purple,Summer,2.7,Yes,2-Day Shipping,Yes,Yes,18,Bank Transfer,Quarterly
3258,18,Male,Sandals,Footwear,66,Louisiana,S,Beige,Winter,3.8,No,Standard,Yes,Yes,17,Venmo,Bi-Weekly
3259,43,Female,Shorts,Clothing,69,Nebraska,L,White,Summer,3.4,No,2-Day Shipping,No,No,15,Credit Card,Annually
3260,50,Male,Socks,Clothing,51,Utah,M,Green,Winter,4.0,Yes,Free Shipping,Yes,Yes,21,Bank Transfer,Fortnightly
3261,47,Male,Dress,Clothing,53,Texas,S,Indigo,Spring,3.6,No,Free Shipping,No,No,12,Venmo,Quarterly
3262,58,Female,Gloves,Accessories,57,Indiana,S,Brown,Fall,4.0,No,Free Shipping,No,No,7,PayPal,Annually
3263,39,Male,T-shirt,Clothing,62,Colorado,L,Violet,Spring,4.5,No,2-Day Shipping,No,No,16,Venmo,Quarterly
3264,45,Male,Coat,Outerwear,100,Indiana,M,Cyan,Spring,4.0,No,2-Day Shipping,No,No,24,Credit Card,Monthly
3265,62,Male,Boots,Footwear,67,Idaho,M,Teal,Spring,4.1,Yes,Standard,No,No,6,Credit Card,Every 3 Months
3266,18,Male,Jewelry,Accessories,74,Vermont,XL,Green,Summer,4.1,No,2-Day Shipping,No,No,19,Cash,Quarterly
3267,53,Male,Dress,Clothing,95,Alabama,L,Beige,Summer,2.7,No,Free Shipping,Yes,Yes,8,Credit Card,Monthly
3268,39,Female,Shoes,Footwear,87,Tennessee,M,Lavender,Winter,3.7,No,Next Day Air,No,No,15,Venmo,Quarterly
3269,30,Female,Hat,Accessories,60,North Carolina,M,Olive,Winter,3.9,No,2-Day Shipping,Yes,Yes,21,Credit Card,Monthly
3270,49,Male,Boots,Footwear,78,Colorado,S,Magenta,Fall,4.0,No,2-Day Shipping,Yes,Yes,5,Bank Transfer,Quarterly
3271,62,Female,Sweater,Clothing,60,Ohio,M,Yellow,Summer,3.6,No,Standard,No,No,3,PayPal,Quarterly
3272,60,Female,Scarf,Accessories,56,New Jersey,S,Olive,Summer,4.2,No,Express,Yes,Yes,13,Credit Card,Every 3 Months
3273,42,Female,Shoes,Footwear,73,Alabama,S,Silver,Summer,3.1,No,Express,Yes,Yes,14,Cash,Every 3 Months
3274,57,Female,Coat,Outerwear,82,Idaho,S,Indigo,Spring,4.8,No,Next Day Air,Yes,Yes,12,Debit Card,Every 3 Months
3275,57,Female,Belt,Accessories,65,Louisiana,M,Brown,Fall,4.1,No,Express,No,No,9,Bank Transfer,Annually
3276,43,Female,Jewelry,Accessories,54,Hawaii,M,Maroon,Winter,3.2,No,2-Day Shipping,Yes,Yes,12,Debit Card,Every 3 Months
3277,34,Male,Shirt,Clothing,50,New Hampshire,S,Olive,Fall,4.5,No,Free Shipping,No,No,6,Debit Card,Annually
3278,34,Male,Jewelry,Accessories,44,New Mexico,L,Lavender,Fall,3.1,Yes,Store Pickup,Yes,Yes,18,PayPal,Monthly
3279,57,Male,Jacket,Outerwear,77,Florida,S,Silver,Summer,3.6,Yes,Standard,Yes,Yes,3,PayPal,Quarterly
3280,43,Male,Handbag,Accessories,67,Connecticut,L,Yellow,Winter,3.8,Yes,Store Pickup,Yes,Yes,8,Venmo,Quarterly
3281,28,Female,Sweater,Clothing,71,North Carolina,M,Blue,Winter,3.5,No,Store Pickup,No,No,12,Debit Card,Annually
3282,19,Male,Hoodie,Clothing,35,Mississippi,M,Black,Summer,3.6,No,Express,No,No,7,Cash,Quarterly
3283,56,Male,Sunglasses,Accessories,59,Indiana,S,Gold,Winter,3.8,No,Next Day Air,Yes,Yes,25,Debit Card,Fortnightly
3284,36,Male,Sandals,Footwear,57,Illinois,S,Orange,Summer,3.0,No,Express,No,No,16,Bank Transfer,Fortnightly
3285,49,Male,Jeans,Clothing,57,Alaska,L,Black,Spring,3.9,No,Express,No,No,11,Cash,Quarterly
3286,63,Female,Shorts,Clothing,78,Texas,M,Charcoal,Summer,3.7,No,Store Pickup,No,No,30,Debit Card,Bi-Weekly
3287,24,Female,Coat,Outerwear,95,Texas,S,Lavender,Winter,4.8,Yes,Next Day Air,Yes,Yes,10,Debit Card,Quarterly
3288,43,Male,Belt,Accessories,73,Nevada,M,Indigo,Summer,4.6,No,Store Pickup,Yes,Yes,12,Venmo,Annually
3289,41,Male,Sweater,Clothing,66,Louisiana,M,Turquoise,Winter,3.3,Yes,Next Day Air,No,No,18,Credit Card,Fortnightly
3290,50,Male,Shorts,Clothing,55,Hawaii,S,Olive,Summer,3.6,No,Standard,Yes,Yes,8,PayPal,Every 3 Months
3291,63,Male,Jeans,Clothing,77,Kansas,M,Turquoise,Summer,3.3,No,Standard,No,No,6,Bank Transfer,Annually
3292,24,Female,Shirt,Clothing,85,Washington,M,Red,Spring,3.5,No,Free Shipping,No,No,2,Cash,Quarterly
3293,53,Female,Handbag,Accessories,83,California,M,Lavender,Winter,4.3,No,Free Shipping,Yes,Yes,18,Debit Card,Fortnightly
3294,59,Male,Gloves,Accessories,65,Tennessee,L,Yellow,Summer,3.7,No,Store Pickup,Yes,Yes,16,Cash,Bi-Weekly
3295,41,Male,Gloves,Accessories,64,Kansas,M,Turquoise,Spring,3.5,Yes,Standard,Yes,Yes,18,Credit Card,Fortnightly
3296,42,Female,Sunglasses,Accessories,68,Indiana,L,Maroon,Spring,4.1,No,Store Pickup,Yes,Yes,12,Credit Card,Quarterly
3297,50,Female,Jeans,Clothing,70,South Dakota,M,Turquoise,Fall,2.5,No,Express,No,No,2,Venmo,Annually
3298,49,Male,T-shirt,Clothing,58,Wisconsin,M,Gold,Winter,3.5,Yes,Free Shipping,No,No,20,Debit Card,Fortnightly
3299,53,Male,Shorts,Clothing,61,Wyoming,L,Cyan,Winter,4.5,Yes,Standard,Yes,Yes,7,Debit Card,Annually
3300,52,Male,Blouse,Clothing,100,Indiana,M,Silver,Spring,4.6,No,Free Shipping,Yes,Yes,6,Venmo,Annually
3301,29,Female,Sunglasses,Accessories,51,New Jersey,S,Silver,Fall,4.5,No,Express,No,No,5,Credit Card,Every 3 Months
3302,59,Male,Shorts,Clothing,78,Iowa,XL,Cyan,Summer,3.0,Yes,Free Shipping,Yes,Yes,32,Cash,Monthly
3303,62,Male,Hat,Accessories,55,Georgia,XL,Red,Fall,3.0,Yes,2-Day Shipping,No,No,8,Debit Card,Annually
3304,47,Female,Skirt,Clothing,56,Maryland,M,Maroon,Fall,3.4,No,2-Day Shipping,Yes,Yes,26,Venmo,Fortnightly
3305,22,Female,Sweater,Clothing,43,Arkansas,M,Olive,Spring,3.7,No,Store Pickup,No,No,2,PayPal,Quarterly
3306,42,Male,Shorts,Clothing,49,Florida,L,Turquoise,Spring,3.3,Yes,Express,No,No,25,Credit Card,Fortnightly
3307,47,Male,Jewelry,Accessories,67,New Jersey,XL,Charcoal,Fall,2.7,No,Standard,Yes,Yes,35,Credit Card,Fortnightly
3308,27,Male,Hat,Accessories,65,Ohio,M,Lavender,Fall,4.3,No,Free Shipping,Yes,Yes,15,Credit Card,Every 3 Months
3309,39,Female,Sneakers,Footwear,89,Indiana,S,Gray,Winter,4.1,No,Next Day Air,Yes,Yes,10,Bank Transfer,Every 3 Months
3310,23,Male,Jeans,Clothing,58,Nevada,L,Olive,Winter,3.3,No,Next Day Air,Yes,Yes,28,Credit Card,Monthly
3311,53,Female,Belt,Accessories,59,Rhode Island,S,Brown,Spring,4.2,No,Standard,No,No,6,Venmo,Quarterly
3312,46,Female,Shoes,Footwear,59,Vermont,L,Blue,Fall,4.2,No,Store Pickup,No,No,6,Venmo,Quarterly
3313,19,Male,Dress,Clothing,48,New Hampshire,M,Purple,Summer,2.3,Yes,Next Day Air,No,No,3,Venmo,Annually
3314,49,Female,Sweater,Clothing,73,Illinois,L,Black,Summer,4.1,Yes,Next Day Air,Yes,Yes,13,PayPal,Quarterly
3315,43,Male,Blouse,Clothing,55,Oklahoma,M,Lavender,Spring,3.7,No,Standard,No,No,11,PayPal,Every 3 Months
3316,52,Male,Hoodie,Clothing,41,Florida,M,Yellow,Winter,2.2,Yes,Express,Yes,Yes,17,PayPal,Bi-Weekly
3317,38,Female,Boots,Footwear,78,Connecticut,M,Yellow,Spring,4.3,No,Next Day Air,Yes,Yes,19,Bank Transfer,Monthly
3318,32,Male,Skirt,Clothing,55,Louisiana,M,Charcoal,Winter,3.7,Yes,Store Pickup,Yes,Yes,8,PayPal,Annually
3319,32,Male,Handbag,Accessories,68,Kentucky,M,White,Winter,2.8,Yes,Next Day Air,Yes,Yes,25,Venmo,Quarterly
3320,36,Male,Sneakers,Footwear,66,Delaware,M,Green,Winter,3.9,No,Standard,Yes,Yes,17,Cash,Bi-Weekly
3321,44,Male,Shirt,Clothing,67,Arizona,L,Charcoal,Spring,3.8,Yes,Store Pickup,Yes,Yes,11,Bank Transfer,Annually
3322,46,Male,Handbag,Accessories,41,West Virginia,M,Maroon,Summer,4.1,No,Express,No,No,11,Cash,Quarterly
3323,41,Female,Sweater,Clothing,80,North Dakota,L,Maroon,Spring,2.5,No,Free Shipping,No,No,19,Cash,Monthly
3324,38,Female,Scarf,Accessories,45,Oklahoma,M,Indigo,Fall,3.6,No,Free Shipping,No,No,6,Cash,Annually
3325,39,Female,Shorts,Clothing,20,Arkansas,L,Lavender,Winter,3.1,No,Standard,No,No,30,Venmo,Bi-Weekly
3326,70,Female,Skirt,Clothing,72,South Carolina,M,Blue,Fall,3.6,No,2-Day Shipping,Yes,Yes,19,Venmo,Quarterly
3327,32,Male,Pants,Clothing,71,Maine,S,Gold,Spring,2.7,No,Express,No,No,38,Bank Transfer,Fortnightly
3328,36,Female,Jewelry,Accessories,38,Pennsylvania,M,Charcoal,Summer,3.1,No,2-Day Shipping,Yes,Yes,26,Cash,Monthly
3329,70,Male,Jewelry,Accessories,63,Missouri,S,White,Spring,4.7,Yes,Standard,Yes,Yes,5,Bank Transfer,Annually
3330,50,Male,Backpack,Accessories,74,Illinois,L,Maroon,Summer,4.4,No,Store Pickup,Yes,Yes,18,PayPal,Bi-Weekly
3331,23,Female,Jeans,Clothing,81,Indiana,L,Olive,Summer,4.3,No,Standard,No,No,4,Debit Card,Every 3 Months
3332,57,Male,Coat,Outerwear,78,Delaware,L,Lavender,Winter,4.5,No,Express,Yes,Yes,13,Debit Card,Monthly
3333,30,Male,T-shirt,Clothing,77,Tennessee,L,Violet,Spring,2.6,Yes,Express,No,No,10,PayPal,Quarterly
3334,58,Male,Sandals,Footwear,77,Michigan,L,Silver,Summer,3.6,Yes,2-Day Shipping,No,No,7,Credit Card,Quarterly
3335,41,Male,Handbag,Accessories,61,South Carolina,XL,Purple,Spring,3.9,Yes,Standard,Yes,Yes,11,Bank Transfer,Annually
3336,37,Male,Backpack,Accessories,46,Tennessee,L,Gray,Winter,3.5,Yes,2-Day Shipping,No,No,10,PayPal,Quarterly
3337,68,Male,Dress,Clothing,54,Florida,M,Gray,Summer,2.6,No,2-Day Shipping,Yes,Yes,8,Debit Card,Every 3 Months
3338,52,Female,Sunglasses,Accessories,75,Kentucky,S,White,Winter,4.3,No,Free Shipping,Yes,Yes,39,Venmo,Weekly
3339,59,Male,Belt,Accessories,75,Connecticut,M,White,Fall,4.1,No,Store Pickup,Yes,Yes,15,Bank Transfer,Monthly
3340,51,Male,Jeans,Clothing,61,Alabama,L,Gray,Summer,3.3,No,Standard,Yes,Yes,20,Credit Card,Fortnightly
3341,37,Male,Shoes,Footwear,61,Wyoming,M,Green,Fall,4.2,Yes,2-Day Shipping,Yes,Yes,2,Debit Card,Every 3 Months
3342,53,Female,Pants,Clothing,86,North Dakota,M,Green,Spring,3.8,No,Store Pickup,Yes,Yes,6,Venmo,Every 3 Months
3343,62,Male,Belt,Accessories,59,Minnesota,L,Silver,Winter,4.1,No,Free Shipping,Yes,Yes,19,Bank Transfer,Monthly
3344,46,Male,Backpack,Accessories,67,Hawaii,M,White,Winter,3.2,No,Next Day Air,No,No,14,Debit Card,Monthly
3345,70,Male,Shoes,Footwear,41,New Jersey,M,Violet,Summer,3.8,No,Standard,No,No,13,Credit Card,Monthly
3346,57,Female,Handbag,Accessories,56,Nevada,L,Turquoise,Spring,3.9,No,Store Pickup,No,No,5,Bank Transfer,Annually
3347,47,Female,Socks,Clothing,75,Idaho,M,Green,Summer,3.6,No,Next Day Air,Yes,Yes,6,Bank Transfer,Annually
3348,48,Female,Sunglasses,Accessories,35,Alabama,M,Gray,Winter,2.1,No,Free Shipping,Yes,Yes,10,Cash,Every 3 Months
3349,46,Female,Jeans,Clothing,57,Mississippi,M,Violet,Fall,3.8,No,2-Day Shipping,No,No,27,Cash,Quarterly
3350,25,Male,Scarf,Accessories,64,Montana,M,Indigo,Spring,3.9,No,Store Pickup,No,No,12,Debit Card,Annually
3351,43,Male,Jewelry,Accessories,80,South Carolina,M,Cyan,Spring,3.2,No,Next Day Air,Yes,Yes,11,Venmo,Annually
3352,47,Male,Shoes,Footwear,82,Maryland,S,Turquoise,Spring,4.0,Yes,Standard,No,No,24,Debit Card,Monthly
3353,38,Male,Blouse,Clothing,91,California,M,Magenta,Winter,3.8,Yes,Express,No,No,5,Venmo,Annually
3354,49,Male,Shorts,Clothing,71,Vermont,L,Blue,Summer,3.9,No,Store Pickup,Yes,Yes,7,Venmo,Every 3 Months
3355,44,Male,Jewelry,Accessories,77,Massachusetts,S,Violet,Winter,3.5,Yes,Next Day Air,No,No,6,Credit Card,Every 3 Months
3356,56,Male,Pants,Clothing,49,Oregon,M,Gray,Summer,2.7,Yes,Standard,Yes,Yes,18,Credit Card,Monthly
3357,54,Female,Dress,Clothing,42,Arizona,M,Gray,Winter,2.7,No,Standard,No,No,23,Bank Transfer,Quarterly
3358,47,Male,Hoodie,Clothing,91,Alaska,M,Olive,Winter,4.1,Yes,Store Pickup,Yes,Yes,9,Debit Card,Annually
3359,23,Female,Sunglasses,Accessories,50,Alaska,M,Gold,Fall,3.1,No,Standard,No,No,13,Credit Card,Every 3 Months
3360,70,Female,Socks,Clothing,49,South Carolina,M,Teal,Spring,3.2,No,Next Day Air,Yes,Yes,34,Debit Card,Bi-Weekly
3361,42,Male,Scarf,Accessories,20,Illinois,M,Purple,Spring,4.3,No,Next Day Air,No,No,16,Credit Card,Monthly
3362,43,Male,Sneakers,Footwear,77,South Carolina,L,Orange,Spring,2.4,No,Store Pickup,Yes,Yes,21,PayPal,Bi-Weekly
3363,39,Female,Hat,Accessories,39,West Virginia,M,Cyan,Fall,2.8,No,Free Shipping,No,No,10,Cash,Every 3 Months
3364,37,Female,Sweater,Clothing,45,North Dakota,XL,Maroon,Fall,4.2,No,Standard,No,No,4,PayPal,Monthly
3365,67,Male,Hoodie,Clothing,76,Wyoming,M,Gold,Winter,3.8,No,Standard,Yes,Yes,14,Bank Transfer,Annually
3366,65,Male,Jeans,Clothing,23,Washington,L,Yellow,Winter,2.5,No,Store Pickup,No,No,12,Bank Transfer,Quarterly
3367,51,Female,Gloves,Accessories,79,Oregon,M,Silver,Summer,3.5,No,Express,No,No,17,Credit Card,Monthly
3368,42,Female,Sunglasses,Accessories,44,South Dakota,L,Blue,Summer,3.9,No,Standard,No,No,26,Debit Card,Bi-Weekly
3369,53,Male,T-shirt,Clothing,56,New Mexico,L,Olive,Winter,3.0,No,Express,No,No,23,Cash,Monthly
3370,45,Male,Shorts,Clothing,46,Hawaii,M,Silver,Winter,2.8,No,Free Shipping,Yes,Yes,8,Debit Card,Monthly
3371,41,Female,Skirt,Clothing,43,Colorado,M,Olive,Summer,2.7,Yes,Next Day Air,Yes,Yes,2,Debit Card,Every 3 Months
3372,49,Male,T-shirt,Clothing,46,Maryland,XL,Brown,Spring,4.2,No,Next Day Air,No,No,5,Venmo,Quarterly
3373,37,Female,Coat,Outerwear,55,Mississippi,XL,Brown,Spring,4.2,No,Express,No,No,4,Venmo,Annually
3374,48,Male,Shirt,Clothing,38,Louisiana,XL,Red,Winter,4.2,No,Next Day Air,Yes,Yes,9,PayPal,Every 3 Months
3375,47,Male,Socks,Clothing,83,Colorado,S,Olive,Summer,4.4,No,Standard,No,No,8,Bank Transfer,Annually
3376,53,Male,Sweater,Clothing,42,Montana,S,Olive,Fall,4.5,No,Standard,No,No,28,Credit Card,Fortnightly
3377,35,Male,Sweater,Clothing,28,Missouri,M,Gold,Winter,2.8,No,Express,No,No,20,Debit Card,Quarterly
3378,55,Female,Dress,Clothing,25,West Virginia,L,Gold,Winter,4.3,No,2-Day Shipping,No,No,14,Debit Card,Every 3 Months
3379,30,Male,Blouse,Clothing,65,West Virginia,S,Lavender,Summer,3.8,No,Next Day Air,Yes,Yes,25,Debit Card,Monthly
3380,35,Female,Socks,Clothing,36,New Mexico,M,Olive,Fall,4.8,Yes,Express,Yes,Yes,18,Venmo,Monthly
3381,36,Male,T-shirt,Clothing,61,Texas,M,Magenta,Spring,5.0,Yes,2-Day Shipping,Yes,Yes,3,PayPal,Monthly
3382,28,Female,Sunglasses,Accessories,89,Kansas,M,Turquoise,Winter,3.6,No,2-Day Shipping,No,No,15,Debit Card,Annually
3383,59,Female,Sunglasses,Accessories,60,Wisconsin,L,Charcoal,Winter,3.6,No,Free Shipping,No,No,22,Cash,Quarterly
3384,29,Female,Hoodie,Clothing,63,West Virginia,M,Magenta,Summer,3.5,No,Store Pickup,No,No,9,Cash,Every 3 Months
3385,34,Male,Shoes,Footwear,58,Connecticut,L,Cyan,Summer,3.7,Yes,Next Day Air,No,No,20,PayPal,Fortnightly
3386,63,Female,T-shirt,Clothing,58,Oklahoma,M,Beige,Fall,3.8,No,Next Day Air,No,No,27,Debit Card,Quarterly
3387,35,Male,Jacket,Outerwear,65,Minnesota,M,Lavender,Summer,5.0,No,Next Day Air,Yes,Yes,15,Credit Card,Quarterly
3388,41,Female,Coat,Outerwear,73,Indiana,M,Black,Fall,3.7,No,Express,Yes,Yes,27,Venmo,Quarterly
3389,29,Male,Jeans,Clothing,85,Massachusetts,M,Indigo,Spring,3.4,No,Standard,No,No,30,Cash,Bi-Weekly
3390,56,Male,Skirt,Clothing,51,Virginia,M,Peach,Summer,3.7,No,Next Day Air,No,No,20,Cash,Monthly
3391,57,Male,Shoes,Footwear,47,Washington,L,Indigo,Winter,3.2,No,Express,No,No,2,Debit Card,Every 3 Months
3392,55,Female,Shorts,Clothing,63,Louisiana,M,Pink,Winter,2.7,Yes,Express,No,No,8,Debit Card,Every 3 Months
3393,52,Female,Shirt,Clothing,73,Mississippi,S,Gray,Spring,3.6,No,Next Day Air,No,No,23,Venmo,Bi-Weekly
3394,45,Male,Jewelry,Accessories,52,Montana,L,Lavender,Winter,5.0,No,Store Pickup,Yes,Yes,9,PayPal,Every 3 Months
3395,36,Female,Hat,Accessories,61,Oregon,M,Turquoise,Spring,4.3,No,Store Pickup,No,No,3,Venmo,Every 3 Months
3396,32,Female,Sneakers,Footwear,68,Mississippi,M,Gold,Winter,3.4,No,Free Shipping,Yes,Yes,4,Credit Card,Annually
3397,63,Male,Scarf,Accessories,91,Maryland,M,Maroon,Summer,4.0,No,Express,No,No,18,Credit Card,Monthly
3398,55,Male,Sandals,Footwear,81,Washington,M,Purple,Summer,5.0,Yes,Express,No,No,22,Venmo,Fortnightly
3399,34,Female,Gloves,Accessories,43,Maine,S,Indigo,Fall,3.9,No,2-Day Shipping,No,No,3,PayPal,Every 3 Months
3400,45,Female,Backpack,Accessories,22,Indiana,M,Gray,Winter,3.2,No,Store Pickup,No,No,8,Cash,Every 3 Months
3401,39,Male,Gloves,Accessories,59,Kentucky,S,Purple,Summer,3.8,No,Standard,Yes,Yes,10,Debit Card,Annually
3402,27,Female,Jacket,Outerwear,57,Kentucky,M,Black,Summer,4.0,No,Next Day Air,No,No,15,Venmo,Every 3 Months
3403,47,Male,Jacket,Outerwear,66,Nevada,L,Gold,Winter,3.8,Yes,Next Day Air,No,No,4,Bank Transfer,Every 3 Months
3404,38,Female,Sneakers,Footwear,44,North Dakota,L,Lavender,Winter,4.5,No,Store Pickup,Yes,Yes,25,Venmo,Fortnightly
3405,30,Female,Shoes,Footwear,58,Connecticut,S,Cyan,Fall,3.7,Yes,Store Pickup,No,No,9,Credit Card,Every 3 Months
3406,22,Female,Hat,Accessories,49,Vermont,S,Olive,Spring,2.3,No,Store Pickup,Yes,Yes,15,Cash,Every 3 Months
3407,21,Male,Socks,Clothing,56,Illinois,L,Peach,Winter,4.0,No,Store Pickup,No,No,21,PayPal,Monthly
3408,38,Male,Sandals,Footwear,55,Colorado,M,Yellow,Fall,3.9,Yes,Next Day Air,Yes,Yes,15,Venmo,Every 3 Months
3409,43,Male,Blouse,Clothing,47,North Dakota,L,Peach,Fall,3.9,No,Express,Yes,Yes,14,PayPal,Quarterly
3410,31,Male,Sweater,Clothing,66,Hawaii,M,Orange,Spring,3.2,No,Next Day Air,No,No,20,PayPal,Monthly
3411,54,Female,Sweater,Clothing,58,Pennsylvania,S,Red,Winter,4.9,No,Express,No,No,3,Bank Transfer,Every 3 Months
3412,43,Male,Backpack,Accessories,57,West Virginia,M,Cyan,Fall,3.1,No,Free Shipping,No,No,2,PayPal,Every 3 Months
3413,53,Male,Sunglasses,Accessories,56,Ohio,L,Magenta,Spring,3.2,No,Standard,No,No,17,Credit Card,Bi-Weekly
3414,41,Male,Sweater,Clothing,50,Rhode Island,M,Teal,Summer,3.6,Yes,Standard,No,No,21,Cash,Bi-Weekly
3415,32,Male,Shorts,Clothing,81,Missouri,S,Charcoal,Summer,4.5,No,Express,No,No,26,PayPal,Bi-Weekly
3416,46,Male,Hoodie,Clothing,91,Louisiana,S,Gray,Winter,4.5,No,Standard,No,No,17,Debit Card,Quarterly
3417,25,Female,Shorts,Clothing,84,New Mexico,L,Cyan,Summer,4.1,Yes,2-Day Shipping,No,No,18,Credit Card,Monthly
3418,52,Female,Jeans,Clothing,30,Louisiana,M,White,Winter,4.2,No,Next Day Air,No,No,35,Credit Card,Bi-Weekly
3419,30,Male,Jewelry,Accessories,46,Utah,L,Green,Fall,3.0,No,Standard,No,No,15,Debit Card,Every 3 Months
3420,58,Female,T-shirt,Clothing,69,Mississippi,M,Green,Summer,2.7,No,Store Pickup,No,No,18,Credit Card,Bi-Weekly
3421,39,Female,Shorts,Clothing,46,Missouri,M,Teal,Summer,3.5,No,Free Shipping,Yes,Yes,29,Credit Card,Monthly
3422,60,Male,Shorts,Clothing,47,North Dakota,M,Violet,Winter,4.2,No,Standard,No,No,24,Bank Transfer,Quarterly
3423,27,Female,Belt,Accessories,35,Georgia,XL,Beige,Summer,4.3,No,Next Day Air,No,No,8,Debit Card,Every 3 Months
3424,34,Male,Sneakers,Footwear,54,New Hampshire,S,Turquoise,Fall,3.1,No,Free Shipping,Yes,Yes,22,Bank Transfer,Monthly
3425,50,Male,Shirt,Clothing,51,Pennsylvania,S,Purple,Spring,3.1,Yes,Next Day Air,No,No,16,Cash,Monthly
3426,62,Male,Hoodie,Clothing,20,Rhode Island,L,Turquoise,Summer,4.4,No,Express,No,No,3,Bank Transfer,Quarterly
3427,69,Male,Jewelry,Accessories,75,Idaho,S,Blue,Fall,3.9,No,Standard,No,No,15,Bank Transfer,Quarterly
3428,45,Female,Dress,Clothing,71,Arizona,M,Beige,Summer,2.5,Yes,Free Shipping,Yes,Yes,16,PayPal,Fortnightly
3429,70,Female,Shoes,Footwear,39,Georgia,M,Green,Winter,3.0,No,Next Day Air,Yes,Yes,10,PayPal,Annually
3430,40,Female,Coat,Outerwear,82,South Dakota,L,Turquoise,Spring,3.9,No,Store Pickup,Yes,Yes,12,Venmo,Every 3 Months
3431,60,Female,Sunglasses,Accessories,59,Indiana,M,Maroon,Winter,3.0,No,Store Pickup,No,No,12,Credit Card,Annually
3432,30,Female,Jacket,Outerwear,87,Arizona,L,Red,Spring,3.0,No,Store Pickup,No,No,6,Venmo,Quarterly
3433,50,Female,Shirt,Clothing,70,New Jersey,L,Gold,Summer,3.1,No,Next Day Air,No,No,10,Cash,Monthly
3434,18,Male,Shirt,Clothing,52,Vermont,M,Green,Fall,4.2,Yes,Store Pickup,Yes,Yes,6,Credit Card,Every 3 Months
3435,27,Male,Skirt,Clothing,75,Idaho,M,Turquoise,Summer,3.7,Yes,Standard,Yes,Yes,18,Credit Card,Quarterly
3436,51,Female,Sweater,Clothing,69,Arizona,L,Maroon,Fall,4.7,No,Free Shipping,No,No,9,Credit Card,Every 3 Months
3437,24,Male,Blouse,Clothing,75,Delaware,L,Silver,Winter,3.4,No,2-Day Shipping,No,No,13,Debit Card,Annually
3438,50,Male,Scarf,Accessories,73,Connecticut,L,Peach,Summer,3.6,No,Express,No,No,3,PayPal,Annually
3439,58,Male,Gloves,Accessories,90,Hawaii,S,Charcoal,Fall,4.0,No,Next Day Air,No,No,13,Credit Card,Every 3 Months
3440,36,Female,Skirt,Clothing,73,Georgia,L,White,Winter,3.3,No,Standard,Yes,Yes,18,Venmo,Quarterly
3441,29,Male,Hat,Accessories,50,New York,L,White,Winter,2.8,Yes,Free Shipping,No,No,8,Credit Card,Quarterly
3442,37,Male,Skirt,Clothing,67,Idaho,XL,Silver,Spring,3.5,Yes,Next Day Air,No,No,21,Debit Card,Fortnightly
3443,30,Male,T-shirt,Clothing,47,Nevada,M,Magenta,Fall,3.3,Yes,2-Day Shipping,No,No,7,Credit Card,Every 3 Months
3444,42,Male,T-shirt,Clothing,77,Massachusetts,L,Lavender,Winter,3.6,No,Store Pickup,No,No,23,PayPal,Quarterly
3445,46,Female,Handbag,Accessories,43,North Carolina,L,Gray,Winter,3.4,No,Free Shipping,Yes,Yes,43,Cash,Fortnightly
3446,39,Male,Hat,Accessories,93,North Carolina,L,Pink,Winter,4.0,No,Next Day Air,No,No,12,Credit Card,Monthly
3447,69,Female,Hat,Accessories,52,New Jersey,L,Gray,Spring,3.5,No,2-Day Shipping,Yes,Yes,26,Venmo,Fortnightly
3448,33,Female,Jeans,Clothing,57,Vermont,L,Charcoal,Winter,2.7,No,Store Pickup,No,No,11,Venmo,Every 3 Months
3449,65,Male,Socks,Clothing,57,Georgia,M,Black,Winter,3.3,Yes,Store Pickup,Yes,Yes,15,Bank Transfer,Annually
3450,28,Female,Coat,Outerwear,57,Nebraska,S,Lavender,Fall,2.9,No,2-Day Shipping,No,No,14,Debit Card,Every 3 Months
3451,45,Female,T-shirt,Clothing,50,Maryland,M,Teal,Spring,4.9,No,Standard,No,No,12,PayPal,Annually
3452,62,Female,Sweater,Clothing,62,Nebraska,L,Silver,Spring,3.7,No,Store Pickup,No,No,23,Bank Transfer,Fortnightly
3453,61,Male,Skirt,Clothing,58,Connecticut,S,Turquoise,Summer,4.1,No,Standard,No,No,22,Bank Transfer,Bi-Weekly
3454,38,Male,Hoodie,Clothing,57,Kansas,L,Peach,Winter,3.6,Yes,Free Shipping,Yes,Yes,26,PayPal,Monthly
3455,52,Female,Hat,Accessories,62,West Virginia,XL,Turquoise,Spring,4.9,No,2-Day Shipping,Yes,Yes,13,Cash,Annually
3456,50,Female,Sweater,Clothing,49,South Dakota,XL,Silver,Fall,2.9,No,Store Pickup,No,No,8,Bank Transfer,Annually
3457,36,Female,Handbag,Accessories,57,Michigan,L,Teal,Spring,3.3,No,Express,Yes,Yes,20,Venmo,Monthly
3458,53,Female,Jacket,Outerwear,96,Colorado,L,Maroon,Winter,4.3,No,Store Pickup,Yes,Yes,19,Credit Card,Quarterly
3459,70,Male,T-shirt,Clothing,49,North Carolina,S,Blue,Spring,3.4,No,Express,No,No,8,Debit Card,Every 3 Months
3460,51,Female,Skirt,Clothing,53,Kansas,M,Indigo,Spring,3.3,No,Free Shipping,Yes,Yes,13,Credit Card,Annually
3461,52,Male,Sandals,Footwear,42,Kentucky,M,Turquoise,Spring,3.3,No,Next Day Air,Yes,Yes,14,Bank Transfer,Monthly
3462,54,Female,Belt,Accessories,52,California,L,Red,Fall,4.9,No,2-Day Shipping,No,No,11,Bank Transfer,Quarterly
3463,22,Male,Sneakers,Footwear,66,Iowa,M,Beige,Winter,4.9,No,2-Day Shipping,No,No,23,Venmo,Monthly
3464,51,Male,Blouse,Clothing,50,Hawaii,S,Blue,Summer,3.9,No,Standard,Yes,Yes,27,Credit Card,Monthly
3465,29,Female,Jewelry,Accessories,39,Alaska,L,Pink,Fall,3.9,No,Express,No,No,29,Cash,Monthly
3466,35,Female,Coat,Outerwear,74,New Jersey,M,Yellow,Fall,4.1,No,2-Day Shipping,No,No,10,Debit Card,Quarterly
3467,70,Female,Socks,Clothing,65,Wisconsin,L,Red,Summer,3.9,No,Express,No,No,7,Bank Transfer,Every 3 Months
3468,40,Male,Boots,Footwear,76,Connecticut,M,White,Winter,3.8,Yes,Store Pickup,Yes,Yes,2,Cash,Annually
3469,33,Male,Handbag,Accessories,43,Arizona,L,Black,Summer,3.5,Yes,Free Shipping,No,No,3,Debit Card,Quarterly
3470,61,Female,Shoes,Footwear,82,Colorado,M,Violet,Spring,,No,Next Day Air,No,No,6,Venmo,Annually
3471,30,Male,Blouse,Clothing,50,Nevada,L,Brown,Spring,4.0,No,Free Shipping,Yes,Yes,11,Cash,Every 3 Months
3472,37,Male,Dress,Clothing,42,Tennessee,L,Violet,Spring,3.8,No,Express,No,No,24,Credit Card,Monthly
3473,63,Female,Sweater,Clothing,74,Kansas,M,Yellow,Spring,4.6,No,Store Pickup,Yes,Yes,7,Cash,Annually
3474,45,Male,Jacket,Outerwear,89,Colorado,M,Maroon,Spring,3.4,No,Free Shipping,No,No,17,Cash,Quarterly
3475,21,Female,Blouse,Clothing,53,California,XL,Olive,Spring,3.1,No,Express,No,No,30,PayPal,Monthly
3476,52,Male,T-shirt,Clothing,45,New Mexico,M,Maroon,Spring,2.8,No,Store Pickup,No,No,14,PayPal,Every 3 Months
3477,38,Female,Sandals,Footwear,67,Louisiana,L,Olive,Fall,3.2,No,Next Day Air,No,No,8,Venmo,Every 3 Months
3478,67,Female,Jeans,Clothing,37,Louisiana,S,Teal,Spring,2.8,No,Standard,No,No,8,Bank Transfer,Every 3 Months
3479,35,Female,Gloves,Accessories,98,Idaho,L,Gray,Fall,4.4,No,Store Pickup,Yes,Yes,6,Venmo,Quarterly
3480,60,Female,T-shirt,Clothing,41,Vermont,M,Gray,Spring,3.4,No,Standard,No,No,22,Bank Transfer,Monthly
3481,70,Male,Handbag,Accessories,69,Maine,M,Yellow,Winter,3.3,Yes,Standard,No,No,8,Bank Transfer,Annually
3482,31,Female,Sweater,Clothing,55,Oklahoma,M,Turquoise,Summer,4.0,No,Express,No,No,26,Venmo,Bi-Weekly
3483,41,Female,Belt,Accessories,48,Pennsylvania,M,Olive,Summer,4.9,Yes,Express,Yes,Yes,12,PayPal,Annually
3484,50,Female,Gloves,Accessories,42,Arizona,M,Cyan,Fall,3.5,No,Free Shipping,Yes,Yes,18,Bank Transfer,Fortnightly
3485,31,Female,Dress,Clothing,76,Illinois,L,White,Winter,3.0,No,Free Shipping,No,No,6,Cash,Every 3 Months
3486,48,Female,Sweater,Clothing,64,Vermont,L,Turquoise,Winter,3.5,No,Next Day Air,No,No,23,Debit Card,Bi-Weekly
3487,41,Female,Sweater,Clothing,53,Vermont,XL,Green,Summer,2.6,Yes,Next Day Air,No,No,25,Bank Transfer,Fortnightly
3488,40,Female,Jewelry,Accessories,48,Massachusetts,L,Olive,Summer,4.1,No,Store Pickup,No,No,6,PayPal,Quarterly
3489,45,Male,Pants,Clothing,45,Delaware,L,Lavender,Summer,4.0,No,2-Day Shipping,Yes,Yes,22,Credit Card,Monthly
3490,45,Male,Sweater,Clothing,72,Iowa,M,Turquoise,Spring,3.4,No,2-Day Shipping,Yes,Yes,12,PayPal,Annually
3491,46,Female,Pants,Clothing,73,West Virginia,XL,Purple,Summer,3.0,No,Next Day Air,No,No,21,Cash,Bi-Weekly
3492,35,Male,Belt,Accessories,65,North Dakota,M,Maroon,Winter,5.0,No,2-Day Shipping,No,No,2,Venmo,Quarterly
3493,36,Female,Sunglasses,Accessories,61,Arkansas,M,Yellow,Summer,3.0,No,Store Pickup,No,No,11,Cash,Annually
3494,42,Female,Socks,Clothing,68,Oklahoma,L,Peach,Summer,3.2,No,Free Shipping,Yes,Yes,10,Debit Card,Annually
3495,43,Male,Boots,Footwear,40,Delaware,XL,Maroon,Spring,3.7,Yes,Free Shipping,Yes,Yes,8,Credit Card,Every 3 Months
3496,37,Female,Jewelry,Accessories,61,Kansas,M,White,Summer,4.3,No,Express,No,No,7,Credit Card,Annually
3497,49,Female,Sandals,Footwear,77,Missouri,S,Magenta,Spring,3.6,No,Free Shipping,No,No,3,Debit Card,Every 3 Months
3498,18,Female,Jewelry,Accessories,61,Louisiana,M,Lavender,Summer,3.8,No,Standard,No,No,33,PayPal,Quarterly
3499,33,Male,Jeans,Clothing,65,Ohio,L,Indigo,Summer,4.1,Yes,Express,Yes,Yes,14,Cash,Annually
3500,40,Female,Coat,Outerwear,58,Delaware,M,Cyan,Winter,5.0,No,Store Pickup,No,No,25,Bank Transfer,Quarterly
3501,31,Male,Boots,Footwear,51,Utah,L,Gold,Fall,3.3,No,Standard,Yes,Yes,19,Debit Card,Bi-Weekly
3502,68,Female,Sunglasses,Accessories,49,New Jersey,M,Blue,Summer,3.4,No,Express,No,No,18,PayPal,Bi-Weekly
3503,44,Male,Shirt,Clothing,62,Kansas,M,Red,Fall,3.6,No,Express,No,No,21,Cash,Monthly
3504,47,Female,Hoodie,Clothing,50,West Virginia,L,Orange,Winter,4.1,No,Standard,Yes,Yes,21,Cash,Quarterly
3505,37,Female,Handbag,Accessories,28,Mississippi,M,White,Spring,5.0,No,Standard,No,No,23,Venmo,Bi-Weekly
3506,44,Female,Blouse,Clothing,77,Massachusetts,L,Peach,Summer,3.6,Yes,Express,Yes,Yes,23,Venmo,Quarterly
3507,26,Male,Jewelry,Accessories,71,Alaska,S,Blue,Fall,4.1,Yes,Standard,Yes,Yes,12,Bank Transfer,Every 3 Months
3508,41,Female,Socks,Clothing,64,Wyoming,L,Peach,Spring,2.4,No,Standard,Yes,Yes,13,Debit Card,Annually
3509,30,Female,Belt,Accessories,42,Texas,M,Charcoal,Fall,3.8,No,2-Day Shipping,No,No,15,Credit Card,Annually
3510,40,Male,Socks,Clothing,50,Florida,XL,Beige,Spring,3.7,No,2-Day Shipping,No,No,7,PayPal,Every 3 Months
3511,18,Female,T-shirt,Clothing,66,West Virginia,L,Pink,Winter,4.3,No,2-Day Shipping,Yes,Yes,5,PayPal,Quarterly
3512,27,Female,Sweater,Clothing,64,South Carolina,M,Beige,Winter,3.4,Yes,Store Pickup,Yes,Yes,2,Debit Card,Quarterly
3513,66,Female,Sneakers,Footwear,49,Michigan,XL,Lavender,Spring,2.9,No,Express,Yes,Yes,9,Debit Card,Every 3 Months
3514,56,Female,Hat,Accessories,78,Washington,M,Violet,Fall,3.9,No,Standard,No,No,13,Cash,Monthly
3515,64,Female,Coat,Outerwear,54,Nevada,M,Gold,Spring,2.7,No,2-Day Shipping,Yes,Yes,14,Venmo,Annually
3516,65,Female,Gloves,Accessories,20,Ohio,XL,Purple,Fall,3.3,No,Free Shipping,No,No,15,Credit Card,Quarterly
3517,54,Female,Shoes,Footwear,61,Georgia,XL,Indigo,Fall,3.7,No,2-Day Shipping,No,No,13,Venmo,Monthly
3518,37,Male,Belt,Accessories,59,Colorado,L,Blue,Winter,2.3,No,Next Day Air,No,No,11,Debit Card,Every 3 Months
3519,28,Male,Sneakers,Footwear,61,Nebraska,XL,Charcoal,Spring,3.5,No,2-Day Shipping,Yes,Yes,15,Credit Card,Annually
3520,61,Female,Jacket,Outerwear,74,Kentucky,M,Black,Fall,4.5,No,Express,No,No,9,Bank Transfer,Monthly
3521,45,Male,Handbag,Accessories,48,Wyoming,M,Brown,Winter,2.8,No,Standard,No,No,5,Bank Transfer,Every 3 Months
3522,70,Female,Blouse,Clothing,74,California,S,Charcoal,Spring,3.3,No,Express,No,No,19,Venmo,Monthly
3523,39,Male,Backpack,Accessories,35,Rhode Island,M,Violet,Summer,4.1,No,Express,No,No,8,Debit Card,Annually
3524,70,Male,Blouse,Clothing,58,New Mexico,M,Teal,Fall,4.2,No,Store Pickup,No,No,12,PayPal,Quarterly
3525,42,Male,Shirt,Clothing,48,Utah,M,Green,Spring,3.7,No,Next Day Air,No,No,30,Bank Transfer,Monthly
3526,64,Male,Belt,Accessories,73,Wyoming,M,Red,Spring,3.6,No,Store Pickup,No,No,11,Credit Card,Every 3 Months
3527,69,Male,Sneakers,Footwear,47,Utah,S,Cyan,Winter,4.6,No,Standard,No,No,16,Venmo,Monthly
3528,29,Male,Shorts,Clothing,65,Maine,M,Peach,Fall,3.8,Yes,Next Day Air,Yes,Yes,5,Cash,Every 3 Months
3529,37,Female,Shirt,Clothing,59,Ohio,L,Cyan,Spring,3.1,No,Next Day Air,No,No,27,Venmo,Quarterly
3530,29,Male,Shoes,Footwear,63,Florida,S,Pink,Winter,3.7,No,Free Shipping,No,No,13,PayPal,Every 3 Months
3531,26,Male,Socks,Clothing,46,Missouri,L,Green,Fall,3.6,No,Express,No,No,15,Credit Card,Monthly
3532,54,Male,Hoodie,Clothing,64,Indiana,L,Turquoise,Summer,3.4,No,Standard,Yes,Yes,6,PayPal,Every 3 Months
3533,41,Male,Jewelry,Accessories,57,Illinois,M,Teal,Winter,2.7,No,Free Shipping,No,No,5,Venmo,Quarterly
3534,45,Male,Sneakers,Footwear,65,New Hampshire,L,Green,Summer,3.6,No,Standard,Yes,Yes,4,Credit Card,Annually
3535,52,Female,Handbag,Accessories,82,Connecticut,XL,Black,Summer,4.1,No,2-Day Shipping,No,No,8,Credit Card,Every 3 Months
3536,18,Female,Sunglasses,Accessories,65,New Hampshire,S,Green,Fall,4.2,Yes,Express,Yes,Yes,24,PayPal,Quarterly
3537,63,Male,Jeans,Clothing,42,Massachusetts,L,Gray,Spring,3.7,No,Store Pickup,No,No,31,PayPal,Monthly
3538,39,Female,Shorts,Clothing,89,Idaho,M,Lavender,Spring,3.7,No,Store Pickup,No,No,30,Debit Card,Bi-Weekly
3539,52,Male,Gloves,Accessories,79,New Hampshire,M,Orange,Spring,3.4,Yes,Store Pickup,Yes,Yes,13,Cash,Every 3 Months
3540,53,Male,Boots,Footwear,70,Pennsylvania,L,Yellow,Summer,4.2,No,Free Shipping,No,No,5,PayPal,Annually
3541,65,Female,Sweater,Clothing,55,New Mexico,L,Black,Spring,3.0,No,Store Pickup,Yes,Yes,10,Bank Transfer,Annually
3542,42,Male,Shirt,Clothing,76,California,L,Olive,Fall,3.4,Yes,2-Day Shipping,No,No,5,Credit Card,Annually
3543,18,Female,Blouse,Clothing,25,New Hampshire,L,Charcoal,Winter,3.2,No,Next Day Air,No,No,14,PayPal,Annually
3544,45,Male,Blouse,Clothing,83,New York,L,Olive,Summer,3.6,No,Store Pickup,No,No,13,PayPal,Quarterly
3545,47,Male,Shorts,Clothing,72,Ohio,M,Peach,Spring,4.5,No,2-Day Shipping,No,No,6,Cash,Annually
3546,28,Male,Socks,Clothing,55,Michigan,S,Teal,Spring,3.0,No,Free Shipping,No,No,7,Debit Card,Quarterly
3547,46,Male,Sandals,Footwear,74,California,S,Olive,Spring,3.8,No,2-Day Shipping,No,No,14,PayPal,Quarterly
3548,39,Female,Pants,Clothing,68,Connecticut,M,Charcoal,Fall,3.9,No,Store Pickup,No,No,11,Cash,Quarterly
3549,24,Male,Scarf,Accessories,41,Kentucky,L,Violet,Summer,3.2,No,Next Day Air,Yes,Yes,18,Cash,Bi-Weekly
3550,54,Female,Hat,Accessories,60,New York,S,Lavender,Summer,3.6,No,2-Day Shipping,Yes,Yes,25,PayPal,Monthly
3551,36,Female,Boots,Footwear,66,Oregon,M,Magenta,Winter,3.1,No,2-Day Shipping,No,No,9,Debit Card,Quarterly
3552,38,Female,Jacket,Outerwear,66,North Dakota,M,Pink,Summer,3.7,No,Express,Yes,Yes,3,Cash,Every 3 Months
3553,37,Male,T-shirt,Clothing,60,Kansas,M,Gold,Fall,3.6,Yes,Next Day Air,Yes,Yes,27,Venmo,Monthly
3554,63,Male,Shorts,Clothing,72,Minnesota,M,Yellow,Winter,4.6,No,Next Day Air,Yes,Yes,31,PayPal,Fortnightly
3555,43,Male,Handbag,Accessories,60,Arizona,M,Black,Spring,3.3,No,2-Day Shipping,Yes,Yes,22,PayPal,Fortnightly
3556,45,Female,Socks,Clothing,94,South Carolina,S,Brown,Spring,3.6,Yes,Express,Yes,Yes,6,Venmo,Monthly
3557,37,Male,Socks,Clothing,54,Louisiana,M,Yellow,Spring,3.5,Yes,Standard,Yes,Yes,5,Credit Card,Quarterly
3558,51,Female,T-shirt,Clothing,71,Montana,M,Magenta,Spring,4.5,Yes,Next Day Air,No,No,14,Cash,Annually
3559,64,Female,Sneakers,Footwear,45,Minnesota,XL,Violet,Winter,3.4,No,Express,No,No,10,Cash,Quarterly
3560,54,Male,Shirt,Clothing,69,Iowa,M,Violet,Winter,3.2,No,Express,No,No,24,Debit Card,Fortnightly
3561,54,Female,Sunglasses,Accessories,39,Florida,M,Yellow,Fall,3.3,No,Standard,No,No,17,Venmo,Bi-Weekly
3562,53,Male,Shorts,Clothing,63,West Virginia,M,Red,Spring,3.2,No,2-Day Shipping,No,No,10,Venmo,Quarterly
3563,23,Female,Jewelry,Accessories,76,Colorado,L,Purple,Winter,3.4,No,Next Day Air,Yes,Yes,26,Bank Transfer,Fortnightly
3564,31,Male,Shirt,Clothing,59,West Virginia,M,Peach,Winter,3.2,No,Store Pickup,No,No,5,Debit Card,Quarterly
3565,41,Female,Boots,Footwear,44,Colorado,S,Purple,Summer,3.7,No,Store Pickup,No,No,26,Credit Card,Monthly
3566,33,Female,Backpack,Accessories,72,California,XL,Gold,Fall,3.0,No,Store Pickup,No,No,9,Debit Card,Annually
3567,28,Female,Jeans,Clothing,64,Virginia,XL,Teal,Fall,4.0,No,Free Shipping,Yes,Yes,26,Credit Card,Monthly
3568,18,Male,Pants,Clothing,57,West Virginia,M,Charcoal,Fall,3.7,No,Standard,No,No,6,Cash,Every 3 Months
3569,24,Female,Shoes,Footwear,45,Vermont,M,Magenta,Summer,4.6,No,Free Shipping,Yes,Yes,11,PayPal,Quarterly
3570,40,Male,Hat,Accessories,37,Rhode Island,S,Indigo,Summer,4.0,Yes,Express,Yes,Yes,15,Cash,Monthly
3571,43,Female,Socks,Clothing,94,Missouri,S,Silver,Summer,3.9,No,Store Pickup,No,No,46,Debit Card,Fortnightly
3572,32,Male,Socks,Clothing,49,Colorado,S,Gold,Summer,4.9,No,Free Shipping,No,No,13,Credit Card,Every 3 Months
3573,45,Male,Shorts,Clothing,42,New Jersey,L,Cyan,Winter,4.0,No,Next Day Air,No,No,34,PayPal,Weekly
3574,37,Male,Dress,Clothing,63,Montana,M,Teal,Winter,3.6,No,Store Pickup,No,No,21,PayPal,Monthly
3575,60,Male,Jeans,Clothing,42,Oregon,M,Maroon,Spring,3.2,No,Express,No,No,4,PayPal,Every 3 Months
3576,42,Male,Hoodie,Clothing,72,Alaska,S,Red,Spring,4.6,Yes,2-Day Shipping,No,No,36,Cash,Fortnightly
3577,54,Female,Socks,Clothing,80,Arkansas,S,Turquoise,Summer,3.1,No,2-Day Shipping,No,No,7,Bank Transfer,Annually
3578,47,Male,Shoes,Footwear,43,New Jersey,M,Teal,Winter,3.0,No,Store Pickup,No,No,4,Cash,Quarterly
3579,23,Female,Sandals,Footwear,55,Texas,M,Indigo,Fall,3.0,No,Free Shipping,Yes,Yes,23,Bank Transfer,Quarterly
3580,43,Male,Shoes,Footwear,73,Washington,M,Charcoal,Winter,3.2,Yes,Free Shipping,No,No,13,PayPal,Annually
3581,25,Female,Belt,Accessories,38,New Hampshire,M,Yellow,Fall,3.8,No,Free Shipping,No,No,8,Bank Transfer,Monthly
3582,42,Female,Handbag,Accessories,42,Maine,M,Gray,Fall,3.6,No,Free Shipping,Yes,Yes,10,Bank Transfer,Every 3 Months
3583,33,Male,Skirt,Clothing,56,Mississippi,L,Silver,Fall,4.0,No,Next Day Air,No,No,9,PayPal,Annually
3584,50,Female,Backpack,Accessories,94,Montana,M,Silver,Spring,3.1,Yes,2-Day Shipping,No,No,17,PayPal,Monthly
3585,24,Female,Dress,Clothing,44,New Mexico,M,Magenta,Spring,3.2,No,Express,No,No,5,Debit Card,Annually
3586,44,Female,Backpack,Accessories,52,Idaho,L,Charcoal,Fall,3.8,No,Express,Yes,Yes,5,Credit Card,Every 3 Months
3587,53,Male,Jacket,Outerwear,100,Maryland,L,Magenta,Summer,3.0,No,Standard,No,No,13,Debit Card,Every 3 Months
3588,58,Male,Sandals,Footwear,79,Nevada,M,Brown,Fall,2.8,Yes,Express,No,No,22,Venmo,Quarterly
3589,33,Female,Skirt,Clothing,37,Texas,M,Green,Summer,2.8,Yes,Next Day Air,No,No,7,PayPal,Quarterly
3590,44,Male,Belt,Accessories,53,South Dakota,S,Indigo,Spring,3.7,No,Store Pickup,Yes,Yes,14,Venmo,Every 3 Months
3591,47,Female,T-shirt,Clothing,67,Pennsylvania,S,Maroon,Fall,3.7,No,Free Shipping,No,No,12,Bank Transfer,Every 3 Months
3592,67,Male,Dress,Clothing,81,Hawaii,L,Charcoal,Winter,3.6,No,Next Day Air,No,No,26,Cash,Monthly
3593,22,Female,Socks,Clothing,80,Massachusetts,M,Turquoise,Summer,4.4,No,Store Pickup,Yes,Yes,9,Bank Transfer,Annually
3594,30,Male,Shirt,Clothing,73,Nevada,S,Black,Spring,3.9,Yes,Next Day Air,Yes,Yes,29,Debit Card,Quarterly
3595,70,Male,Scarf,Accessories,68,Wisconsin,S,Yellow,Summer,3.8,No,Store Pickup,No,No,2,Venmo,Annually
3596,40,Female,T-shirt,Clothing,37,Louisiana,M,Gray,Winter,4.5,No,Express,No,No,16,Credit Card,Fortnightly
3597,18,Female,Shorts,Clothing,47,Virginia,M,Maroon,Summer,4.3,No,2-Day Shipping,No,No,21,Debit Card,Bi-Weekly
3598,35,Female,Coat,Outerwear,47,Pennsylvania,M,Turquoise,Spring,3.2,No,Next Day Air,No,No,19,Bank Transfer,Quarterly
3599,18,Female,Hat,Accessories,73,New York,M,Pink,Winter,4.3,No,Store Pickup,No,No,8,Venmo,Annually
3600,48,Male,Skirt,Clothing,70,Oklahoma,L,Black,Spring,4.8,Yes,Standard,Yes,Yes,5,Debit Card,Every 3 Months
3601,56,Male,Gloves,Accessories,65,South Carolina,L,Peach,Spring,4.8,Yes,2-Day Shipping,Yes,Yes,11,Cash,Quarterly
3602,30,Male,Hat,Accessories,88,Ohio,XL,Orange,Fall,4.3,Yes,Next Day Air,No,No,23,PayPal,Monthly
3603,37,Male,Sunglasses,Accessories,66,North Dakota,L,White,Summer,4.0,No,2-Day Shipping,No,No,12,Cash,Annually
3604,58,Male,Handbag,Accessories,75,Maine,XL,Orange,Spring,3.9,No,Express,No,No,21,Venmo,Monthly
3605,18,Female,Boots,Footwear,72,Michigan,XL,Yellow,Spring,4.5,No,Next Day Air,No,No,11,Debit Card,Every 3 Months
3606,24,Male,Shorts,Clothing,72,New Jersey,M,Olive,Spring,2.9,No,Free Shipping,Yes,Yes,13,PayPal,Annually
3607,41,Male,Sunglasses,Accessories,40,Texas,M,Charcoal,Spring,4.5,No,Express,No,No,5,Credit Card,Annually
3608,33,Male,Jeans,Clothing,80,North Carolina,S,Maroon,Spring,3.8,Yes,Store Pickup,No,No,28,Cash,Quarterly
3609,40,Male,Sandals,Footwear,68,Wyoming,L,Violet,Summer,3.1,No,Free Shipping,No,No,30,PayPal,Monthly
3610,25,Male,Jeans,Clothing,51,Ohio,L,Beige,Winter,3.0,No,Store Pickup,Yes,Yes,38,Cash,Bi-Weekly
3611,47,Female,Hoodie,Clothing,69,Massachusetts,S,Indigo,Summer,2.7,No,Store Pickup,No,No,26,Bank Transfer,Bi-Weekly
3612,42,Male,Jacket,Outerwear,89,New Hampshire,L,Black,Spring,3.9,No,2-Day Shipping,Yes,Yes,11,Venmo,Annually
3613,52,Female,Hat,Accessories,55,New York,L,Turquoise,Winter,4.9,No,Next Day Air,No,No,18,Bank Transfer,Fortnightly
3614,47,Female,Blouse,Clothing,46,Utah,L,Maroon,Fall,3.4,No,Store Pickup,No,No,12,Bank Transfer,Every 3 Months
3615,47,Female,Pants,Clothing,47,Illinois,M,Purple,Winter,3.2,No,2-Day Shipping,No,No,27,PayPal,Monthly
3616,22,Female,Socks,Clothing,36,Illinois,S,Yellow,Fall,4.4,No,Next Day Air,Yes,Yes,6,Cash,Annually
3617,51,Male,Jacket,Outerwear,71,Hawaii,M,Teal,Summer,3.7,Yes,2-Day Shipping,No,No,34,Credit Card,Weekly
3618,39,Male,Shorts,Clothing,67,Arizona,S,Lavender,Fall,4.5,No,Store Pickup,Yes,Yes,29,Venmo,Monthly
3619,42,Male,Skirt,Clothing,86,North Dakota,M,White,Spring,3.1,No,2-Day Shipping,Yes,Yes,14,PayPal,Quarterly
3620,60,Female,Jewelry,Accessories,44,Wisconsin,M,Magenta,Summer,4.1,No,Express,No,No,18,Venmo,Monthly
3621,33,Female,T-shirt,Clothing,64,New Mexico,M,Yellow,Summer,4.8,No,Express,No,No,14,Cash,Annually
3622,64,Male,Socks,Clothing,58,Arkansas,M,Yellow,Summer,3.1,No,2-Day Shipping,Yes,Yes,18,Credit Card,Fortnightly
3623,66,Male,Sandals,Footwear,60,Maine,M,Cyan,Winter,3.5,No,Next Day Air,No,No,19,Credit Card,Monthly
3624,55,Female,Dress,Clothing,34,Virginia,M,Silver,Winter,3.5,No,Free Shipping,No,No,12,Debit Card,Every 3 Months
3625,29,Female,Sandals,Footwear,44,Arizona,XL,Purple,Summer,4.1,No,Store Pickup,No,No,6,Cash,Monthly
3626,18,Female,Shoes,Footwear,89,New Mexico,S,Silver,Winter,4.4,No,Free Shipping,No,No,13,Bank Transfer,Annually
3627,60,Female,Shirt,Clothing,74,Minnesota,XL,Charcoal,Spring,3.3,No,Standard,No,No,19,Bank Transfer,Bi-Weekly
3628,46,Female,Backpack,Accessories,62,Virginia,S,Maroon,Winter,5.0,No,Express,Yes,Yes,12,Debit Card,Every 3 Months
3629,33,Female,Boots,Footwear,67,Montana,M,Brown,Fall,3.7,No,Free Shipping,Yes,Yes,14,Venmo,Quarterly
3630,62,Male,Belt,Accessories,75,New Hampshire,XL,Violet,Fall,3.4,Yes,Next Day Air,Yes,Yes,11,Cash,Annually
3631,31,Male,Sunglasses,Accessories,50,Oregon,L,Turquoise,Fall,4.6,No,Next Day Air,No,No,4,Cash,Annually
3632,38,Female,Sweater,Clothing,57,Tennessee,L,Orange,Winter,3.8,Yes,Next Day Air,No,No,10,Debit Card,Quarterly
3633,52,Female,Hoodie,Clothing,48,Montana,L,Brown,Fall,3.5,No,Express,Yes,Yes,11,PayPal,Annually
3634,27,Male,Handbag,Accessories,60,Oregon,M,Pink,Winter,3.4,No,Store Pickup,Yes,Yes,19,Venmo,Quarterly
3635,42,Female,Shorts,Clothing,40,South Dakota,L,Lavender,Fall,5.0,No,Next Day Air,No,No,5,Venmo,Annually
3636,60,Male,Socks,Clothing,47,Nebraska,S,Silver,Summer,3.1,No,Express,Yes,Yes,12,Credit Card,Every 3 Months
3637,47,Female,Scarf,Accessories,71,Oklahoma,L,Blue,Spring,4.4,Yes,Next Day Air,No,No,24,PayPal,Quarterly
3638,63,Male,Blouse,Clothing,58,Maine,XL,Lavender,Winter,3.2,Yes,Express,No,No,27,PayPal,Bi-Weekly
3639,61,Female,Boots,Footwear,38,Louisiana,L,Indigo,Spring,3.3,Yes,Express,No,No,23,Venmo,Monthly
3640,44,Male,Shoes,Footwear,54,Alabama,L,White,Spring,3.6,No,Store Pickup,No,No,13,Debit Card,Annually
3641,18,Male,Sneakers,Footwear,69,North Dakota,L,Gray,Spring,3.9,No,2-Day Shipping,No,No,6,Debit Card,Quarterly
3642,27,Male,Skirt,Clothing,66,Illinois,M,Yellow,Spring,2.7,Yes,Standard,Yes,Yes,19,PayPal,Fortnightly
3643,55,Female,Skirt,Clothing,31,South Dakota,M,White,Spring,3.4,No,Free Shipping,No,No,4,PayPal,Quarterly
3644,21,Male,Shoes,Footwear,77,West Virginia,L,Orange,Summer,4.3,No,2-Day Shipping,Yes,Yes,29,Venmo,Monthly
3645,39,Male,Socks,Clothing,54,Utah,L,Charcoal,Summer,4.3,No,2-Day Shipping,Yes,Yes,7,Cash,Quarterly
3646,49,Female,Belt,Accessories,62,Indiana,M,Cyan,Summer,3.6,No,Store Pickup,No,No,24,Credit Card,Bi-Weekly
3647,66,Male,Jewelry,Accessories,74,North Carolina,L,Beige,Summer,3.0,No,Standard,Yes,Yes,4,PayPal,Annually
3648,35,Male,Socks,Clothing,56,Pennsylvania,S,Silver,Summer,3.8,No,Standard,No,No,16,PayPal,Fortnightly
3649,34,Male,Socks,Clothing,27,Montana,L,Red,Spring,4.2,No,Next Day Air,Yes,Yes,22,Venmo,Monthly
3650,43,Female,Handbag,Accessories,85,Montana,L,Green,Fall,3.9,No,2-Day Shipping,No,No,7,Venmo,Monthly
3651,49,Male,Shirt,Clothing,23,Michigan,M,Red,Summer,4.5,No,Standard,No,No,18,Credit Card,Quarterly
3652,42,Male,Shoes,Footwear,55,Kansas,S,Orange,Fall,3.5,No,Express,Yes,Yes,6,Credit Card,Quarterly
3653,60,Male,Gloves,Accessories,78,New Hampshire,L,Teal,Spring,3.0,No,Store Pickup,Yes,Yes,17,Credit Card,Bi-Weekly
3654,32,Male,Pants,Clothing,53,Wyoming,M,Blue,Winter,3.3,Yes,Next Day Air,Yes,Yes,3,Cash,Every 3 Months
3655,46,Male,Hat,Accessories,47,Hawaii,XL,Charcoal,Fall,3.8,No,Next Day Air,Yes,Yes,17,Bank Transfer,Monthly
3656,51,Male,Shirt,Clothing,55,Arizona,S,Teal,Summer,3.3,No,Express,Yes,Yes,21,Cash,Quarterly
3657,38,Male,Sweater,Clothing,55,Arizona,M,Indigo,Summer,3.4,No,Express,Yes,Yes,9,Venmo,Quarterly
3658,57,Male,Jacket,Outerwear,60,New Jersey,S,White,Summer,4.2,Yes,Standard,Yes,Yes,13,Venmo,Quarterly
3659,46,Female,Hat,Accessories,47,Indiana,L,Violet,Winter,3.3,No,Free Shipping,No,No,10,Debit Card,Every 3 Months
3660,56,Male,Scarf,Accessories,74,Mississippi,M,Blue,Fall,3.0,No,Next Day Air,No,No,11,Credit Card,Every 3 Months
3661,47,Male,Boots,Footwear,58,West Virginia,L,Lavender,Summer,4.1,Yes,Store Pickup,Yes,Yes,6,Bank Transfer,Every 3 Months
3662,50,Female,Sunglasses,Accessories,71,Arkansas,XL,Red,Fall,4.1,Yes,Standard,No,No,22,Debit Card,Monthly
3663,35,Female,Jeans,Clothing,49,Florida,M,Brown,Spring,3.1,Yes,Standard,No,No,17,Venmo,Bi-Weekly
3664,35,Female,T-shirt,Clothing,80,Hawaii,M,Turquoise,Winter,4.1,No,2-Day Shipping,No,No,28,Bank Transfer,Quarterly
3665,62,Male,Shirt,Clothing,79,Minnesota,S,Blue,Fall,3.0,Yes,Free Shipping,No,No,7,Debit Card,Annually
3666,54,Male,Socks,Clothing,63,Ohio,L,Blue,Summer,3.3,Yes,Free Shipping,No,No,20,Debit Card,Quarterly
3667,29,Male,Belt,Accessories,67,Georgia,M,Olive,Fall,3.1,No,Store Pickup,Yes,Yes,13,Venmo,Annually
3668,47,Male,Handbag,Accessories,81,Colorado,XL,Gold,Spring,3.5,No,Standard,No,No,18,PayPal,Bi-Weekly
3669,18,Male,Dress,Clothing,42,California,L,Peach,Summer,4.0,No,Free Shipping,No,No,37,Bank Transfer,Monthly
3670,35,Female,Belt,Accessories,40,South Dakota,L,Indigo,Winter,3.9,No,Standard,Yes,Yes,24,Credit Card,Bi-Weekly
3671,58,Male,Sneakers,Footwear,66,Alaska,M,Gold,Winter,3.2,No,Store Pickup,Yes,Yes,4,Bank Transfer,Every 3 Months
3672,42,Female,Coat,Outerwear,53,New York,XL,Teal,Spring,3.7,Yes,Store Pickup,Yes,Yes,1,Debit Card,Every 3 Months
3673,46,Male,Blouse,Clothing,33,New Hampshire,L,Brown,Fall,3.9,No,Next Day Air,Yes,Yes,15,Bank Transfer,Quarterly
3674,18,Male,Sandals,Footwear,40,Colorado,L,Maroon,Fall,4.2,Yes,Free Shipping,Yes,Yes,10,Credit Card,Quarterly
3675,38,Female,Sandals,Footwear,68,Nevada,M,Charcoal,Fall,3.9,Yes,2-Day Shipping,Yes,Yes,4,Venmo,Every 3 Months
3676,49,Female,Jeans,Clothing,25,Iowa,M,Brown,Summer,4.1,No,Next Day Air,No,No,26,Debit Card,Monthly
3677,51,Male,Shirt,Clothing,58,Montana,M,Cyan,Fall,3.7,Yes,Store Pickup,Yes,Yes,15,Debit Card,Annually
3678,58,Female,T-shirt,Clothing,20,Connecticut,XL,Gold,Summer,3.2,No,Express,No,No,9,Debit Card,Every 3 Months
3679,41,Male,Hat,Accessories,64,North Dakota,L,Lavender,Winter,3.8,No,2-Day Shipping,No,No,8,Bank Transfer,Annually
3680,42,Male,Sunglasses,Accessories,65,South Carolina,L,Magenta,Winter,4.5,No,Free Shipping,No,No,6,Venmo,Quarterly
3681,24,Female,Handbag,Accessories,60,Alabama,S,Brown,Winter,4.5,Yes,Next Day Air,No,No,14,Credit Card,Every 3 Months
3682,41,Male,Sandals,Footwear,79,Nebraska,L,Beige,Summer,2.1,No,2-Day Shipping,No,No,13,Debit Card,Quarterly
3683,25,Male,Shirt,Clothing,71,North Carolina,M,Blue,Fall,4.1,No,Standard,Yes,Yes,23,Cash,Monthly
3684,18,Male,Hoodie,Clothing,45,Alabama,L,Peach,Spring,3.4,No,2-Day Shipping,Yes,Yes,16,Venmo,Monthly
3685,28,Male,Sandals,Footwear,52,Oregon,S,Yellow,Winter,3.9,Yes,Next Day Air,Yes,Yes,24,Cash,Fortnightly
3686,67,Male,Coat,Outerwear,82,Nevada,XL,Beige,Winter,2.8,No,Free Shipping,No,No,14,Credit Card,Annually
3687,40,Male,Sneakers,Footwear,71,Kansas,L,Beige,Winter,3.4,No,2-Day Shipping,Yes,Yes,14,Credit Card,Quarterly
3688,47,Female,Sweater,Clothing,54,Missouri,M,Silver,Spring,2.7,No,Free Shipping,No,No,10,Cash,Every 3 Months
3689,36,Female,Blouse,Clothing,30,Ohio,M,Red,Summer,3.4,No,Express,No,No,6,Cash,Annually
3690,18,Male,Jeans,Clothing,73,North Carolina,M,Red,Summer,4.1,No,Next Day Air,No,No,4,Venmo,Every 3 Months
3691,58,Male,Sweater,Clothing,65,Rhode Island,M,Charcoal,Winter,4.0,Yes,Express,No,No,16,Debit Card,Quarterly
3692,18,Female,Hoodie,Clothing,57,Alaska,S,Turquoise,Fall,5.0,No,Standard,Yes,Yes,18,Venmo,Monthly
3693,36,Male,Boots,Footwear,20,South Carolina,M,Peach,Fall,,No,Free Shipping,Yes,Yes,24,PayPal,Quarterly
3694,43,Male,Hat,Accessories,72,Alaska,M,Brown,Summer,3.2,Yes,Store Pickup,Yes,Yes,13,Credit Card,Annually
3695,47,Female,Hoodie,Clothing,57,North Carolina,M,Blue,Spring,4.5,No,Express,Yes,Yes,19,PayPal,Quarterly
3696,33,Male,Hoodie,Clothing,49,Louisiana,L,Peach,Fall,2.7,No,Next Day Air,No,No,21,PayPal,Quarterly
3697,18,Male,T-shirt,Clothing,45,Arkansas,M,Silver,Fall,3.8,No,Free Shipping,No,No,10,PayPal,Annually
3698,32,Male,Handbag,Accessories,59,Ohio,S,Silver,Summer,4.1,No,Next Day Air,No,No,23,Debit Card,Quarterly
3699,33,Male,Gloves,Accessories,64,Nevada,L,Orange,Fall,2.4,No,Store Pickup,No,No,7,Cash,Every 3 Months
3700,32,Male,Dress,Clothing,58,North Dakota,M,Maroon,Summer,3.0,Yes,Express,Yes,Yes,6,Cash,Every 3 Months
3701,59,Female,Shoes,Footwear,69,Maine,L,Purple,Fall,2.8,No,2-Day Shipping,Yes,Yes,18,Venmo,Monthly
3702,26,Male,Hoodie,Clothing,40,Indiana,XL,Brown,Summer,4.2,No,2-Day Shipping,No,No,18,Cash,Monthly
3703,49,Female,Dress,Clothing,48,New York,L,Indigo,Winter,3.3,No,2-Day Shipping,No,No,9,PayPal,Every 3 Months
3704,46,Female,Coat,Outerwear,79,Hawaii,M,Blue,Winter,3.4,No,Next Day Air,No,No,4,PayPal,Every 3 Months
3705,58,Male,Blouse,Clothing,52,South Dakota,M,Teal,Summer,2.7,No,Express,No,No,3,Credit Card,Annually
3706,42,Male,Sweater,Clothing,91,Ohio,L,Peach,Spring,3.2,Yes,Free Shipping,No,No,18,Cash,Bi-Weekly
3707,56,Male,Handbag,Accessories,67,Wyoming,L,Silver,Fall,3.3,Yes,Standard,Yes,Yes,7,Bank Transfer,Every 3 Months
3708,41,Female,Shorts,Clothing,39,Alaska,M,Maroon,Winter,3.6,No,Free Shipping,Yes,Yes,11,Credit Card,Every 3 Months
3709,51,Male,Hoodie,Clothing,33,New Jersey,L,White,Fall,3.5,No,Express,No,No,36,Venmo,Fortnightly
3710,21,Female,Shirt,Clothing,71,Nevada,L,White,Summer,4.6,No,Next Day Air,No,No,3,PayPal,Every 3 Months
3711,18,Female,Skirt,Clothing,48,Texas,L,Peach,Fall,4.1,No,2-Day Shipping,Yes,Yes,7,PayPal,Every 3 Months
3712,50,Female,Sunglasses,Accessories,72,Michigan,S,Teal,Summer,2.7,No,Express,Yes,Yes,17,Cash,Bi-Weekly
3713,50,Female,Skirt,Clothing,49,Washington,M,Pink,Winter,4.3,No,2-Day Shipping,No,No,15,Debit Card,Annually
3714,51,Female,Boots,Footwear,64,Idaho,M,Red,Fall,4.2,No,Express,No,No,11,Venmo,Every 3 Months
3715,36,Female,Sneakers,Footwear,55,Texas,M,Gold,Fall,3.7,No,Next Day Air,Yes,Yes,3,Venmo,Annually
3716,66,Female,Dress,Clothing,62,Nebraska,L,Yellow,Summer,4.3,No,Next Day Air,No,No,13,Bank Transfer,Annually
3717,37,Female,Socks,Clothing,70,West Virginia,M,Charcoal,Spring,4.4,No,Free Shipping,Yes,Yes,26,Cash,Bi-Weekly
3718,50,Female,Skirt,Clothing,58,Hawaii,M,Purple,Fall,3.4,No,Next Day Air,Yes,Yes,15,Credit Card,Every 3 Months
3719,53,Female,Shorts,Clothing,69,Indiana,M,Peach,Summer,3.0,No,Next Day Air,Yes,Yes,4,Cash,Every 3 Months
3720,70,Male,Sweater,Clothing,31,New Hampshire,L,Blue,Winter,4.0,No,2-Day Shipping,Yes,Yes,9,Credit Card,Annually
3721,39,Female,Boots,Footwear,73,Nevada,L,Silver,Spring,3.2,Yes,2-Day Shipping,No,No,28,Cash,Monthly
3722,34,Male,Skirt,Clothing,58,Delaware,L,Black,Winter,3.9,No,Store Pickup,Yes,Yes,33,PayPal,Fortnightly
3723,22,Female,Handbag,Accessories,53,North Carolina,XL,Maroon,Winter,3.1,No,Standard,No,No,18,Venmo,Monthly
3724,67,Male,Hat,Accessories,20,Massachusetts,XL,Teal,Fall,4.3,No,Standard,No,No,13,Bank Transfer,Annually
3725,50,Female,Boots,Footwear,33,Delaware,M,Brown,Winter,3.2,No,Store Pickup,Yes,Yes,22,PayPal,Bi-Weekly
3726,51,Female,Socks,Clothing,68,Montana,S,Indigo,Fall,3.6,Yes,2-Day Shipping,No,No,9,PayPal,Every 3 Months
3727,70,Female,Jeans,Clothing,64,Ohio,L,Maroon,Spring,3.5,No,2-Day Shipping,No,No,19,Venmo,Bi-Weekly
3728,49,Male,Coat,Outerwear,81,Alaska,L,White,Summer,2.8,Yes,2-Day Shipping,Yes,Yes,8,Bank Transfer,Every 3 Months
3729,24,Female,Socks,Clothing,58,Washington,M,Indigo,Winter,4.3,No,Standard,Yes,Yes,6,PayPal,Quarterly
3730,41,Female,Belt,Accessories,38,New Mexico,XL,Blue,Winter,4.5,No,Free Shipping,No,No,3,Debit Card,Quarterly
3731,29,Female,Hat,Accessories,47,Indiana,M,Brown,Spring,3.7,Yes,Express,Yes,Yes,24,Cash,Monthly
3732,38,Female,Jewelry,Accessories,23,Pennsylvania,XL,Charcoal,Spring,3.3,No,Store Pickup,Yes,Yes,11,Venmo,Annually
3733,38,Female,Hoodie,Clothing,60,Texas,M,Turquoise,Winter,3.6,No,Store Pickup,No,No,17,Debit Card,Monthly
3734,35,Female,Skirt,Clothing,88,West Virginia,S,Silver,Spring,3.4,No,Express,No,No,19,Credit Card,Bi-Weekly
3735,23,Male,Hat,Accessories,56,South Carolina,L,Lavender,Winter,3.7,No,2-Day Shipping,No,No,14,Credit Card,Quarterly
3736,68,Female,Gloves,Accessories,45,Hawaii,L,Turquoise,Fall,3.6,No,Standard,No,No,27,Debit Card,Quarterly
3737,48,Male,Sneakers,Footwear,60,Florida,L,Violet,Winter,3.1,No,Next Day Air,No,No,2,Credit Card,Quarterly
3738,41,Female,Backpack,Accessories,61,Hawaii,M,Turquoise,Spring,4.4,Yes,Free Shipping,Yes,Yes,17,PayPal,Fortnightly
3739,55,Female,Sandals,Footwear,32,Utah,M,Beige,Summer,3.5,No,Next Day Air,Yes,Yes,19,Debit Card,Bi-Weekly
3740,51,Male,Jacket,Outerwear,78,Kansas,M,Blue,Fall,4.8,Yes,Free Shipping,Yes,Yes,18,Debit Card,Fortnightly
3741,48,Male,Hat,Accessories,55,Kentucky,S,Red,Spring,3.8,No,Express,No,No,23,Venmo,Bi-Weekly
3742,54,Male,T-shirt,Clothing,61,Vermont,S,Indigo,Spring,3.5,Yes,Next Day Air,Yes,Yes,9,Debit Card,Monthly
3743,46,Female,Shirt,Clothing,90,Hawaii,M,Brown,Fall,3.5,No,Standard,No,No,5,Cash,Annually
3744,54,Male,Gloves,Accessories,61,Massachusetts,M,Pink,Spring,3.5,Yes,Standard,Yes,Yes,20,Venmo,Quarterly
3745,55,Male,Hat,Accessories,92,Iowa,S,Green,Winter,3.7,Yes,Next Day Air,No,No,17,Cash,Fortnightly
3746,46,Female,Jeans,Clothing,45,Kansas,M,Violet,Fall,3.8,No,Standard,No,No,17,Debit Card,Fortnightly
3747,41,Male,Sunglasses,Accessories,39,New Jersey,M,Orange,Fall,3.1,Yes,Store Pickup,No,No,6,Bank Transfer,Quarterly
3748,67,Female,Jeans,Clothing,45,Pennsylvania,M,Cyan,Fall,3.1,No,Free Shipping,No,No,15,Bank Transfer,Annually
3749,37,Male,Shirt,Clothing,83,Indiana,XL,White,Fall,4.2,Yes,Store Pickup,No,No,19,Cash,Monthly
3750,50,Male,Shoes,Footwear,48,Alaska,XL,Peach,Winter,4.0,No,Express,No,No,20,Cash,Quarterly
3751,50,Male,T-shirt,Clothing,35,New York,L,Gray,Spring,2.8,No,Free Shipping,Yes,Yes,8,Bank Transfer,Annually
3752,35,Male,Gloves,Accessories,62,Nevada,S,Brown,Spring,4.1,No,2-Day Shipping,No,No,14,Debit Card,Every 3 Months
3753,32,Male,Backpack,Accessories,51,North Carolina,L,Olive,Fall,4.3,No,Standard,No,No,22,Venmo,Monthly
3754,39,Female,Scarf,Accessories,66,Minnesota,M,Red,Spring,3.9,No,Express,No,No,11,PayPal,Annually
3755,37,Male,Skirt,Clothing,53,Rhode Island,M,Teal,Spring,2.7,Yes,Free Shipping,No,No,23,Venmo,Fortnightly
3756,22,Male,Jewelry,Accessories,42,New York,XL,Brown,Spring,2.9,No,Free Shipping,Yes,Yes,4,PayPal,Annually
3757,34,Male,Jeans,Clothing,85,Pennsylvania,M,Lavender,Spring,3.7,No,2-Day Shipping,No,No,10,Cash,Annually
3758,48,Male,Hat,Accessories,44,Oregon,XL,Yellow,Summer,4.9,No,2-Day Shipping,No,No,23,Credit Card,Bi-Weekly
3759,63,Female,T-shirt,Clothing,45,Missouri,L,Pink,Fall,3.4,No,Standard,Yes,Yes,14,Bank Transfer,Quarterly
3760,52,Male,Coat,Outerwear,75,Kentucky,M,Blue,Spring,4.0,No,2-Day Shipping,No,No,11,PayPal,Every 3 Months
3761,18,Female,Sandals,Footwear,20,New Jersey,S,Violet,Winter,3.3,No,Express,No,No,18,Debit Card,Quarterly
3762,54,Male,Sweater,Clothing,76,New York,L,Purple,Winter,4.7,Yes,Standard,Yes,Yes,12,PayPal,Every 3 Months
3763,36,Male,Jeans,Clothing,87,New Hampshire,M,Magenta,Fall,3.7,No,Express,Yes,Yes,11,PayPal,Every 3 Months
3764,51,Male,Sweater,Clothing,78,Nebraska,S,Silver,Spring,3.0,Yes,2-Day Shipping,No,No,21,Credit Card,Fortnightly
3765,44,Male,Sunglasses,Accessories,40,Louisiana,S,Pink,Fall,3.3,No,Standard,Yes,Yes,7,PayPal,Annually
3766,41,Female,Handbag,Accessories,45,Connecticut,XL,Gold,Winter,3.2,No,Store Pickup,Yes,Yes,30,Credit Card,Monthly
3767,42,Male,Jewelry,Accessories,64,Michigan,M,Silver,Spring,3.8,Yes,Standard,No,No,3,PayPal,Every 3 Months
3768,44,Male,Shoes,Footwear,72,Vermont,XL,Gold,Fall,3.2,Yes,Free Shipping,Yes,Yes,7,Venmo,Quarterly
3769,64,Female,Sunglasses,Accessories,83,Oklahoma,L,Cyan,Fall,3.5,No,2-Day Shipping,Yes,Yes,15,Credit Card,Annually
3770,44,Female,Jewelry,Accessories,88,Pennsylvania,M,Orange,Fall,4.9,Yes,Next Day Air,No,No,10,Cash,Monthly
3771,60,Female,Socks,Clothing,55,Oregon,M,Beige,Winter,3.3,No,Standard,No,No,24,PayPal,Quarterly
3772,58,Female,Sunglasses,Accessories,48,Washington,L,Peach,Spring,3.9,No,Next Day Air,Yes,Yes,38,Bank Transfer,Weekly
3773,54,Female,Gloves,Accessories,44,Idaho,M,Olive,Spring,3.6,No,Express,Yes,Yes,3,Cash,Every 3 Months
3774,18,Female,Shoes,Footwear,70,Oregon,S,Red,Spring,3.6,No,2-Day Shipping,Yes,Yes,12,Cash,Every 3 Months
3775,61,Female,Pants,Clothing,75,Arkansas,M,Brown,Summer,4.1,No,Express,No,No,6,Credit Card,Every 3 Months
3776,37,Male,Shirt,Clothing,65,Illinois,L,Orange,Summer,2.4,Yes,Store Pickup,Yes,Yes,24,PayPal,Quarterly
3777,55,Female,Shirt,Clothing,58,Alaska,L,Magenta,Winter,3.8,No,2-Day Shipping,Yes,Yes,6,Credit Card,Quarterly
3778,29,Male,Coat,Outerwear,100,Michigan,M,Charcoal,Fall,3.4,Yes,Express,No,No,16,Bank Transfer,Monthly
3779,26,Female,Sunglasses,Accessories,68,Delaware,M,Magenta,Fall,3.9,No,Store Pickup,No,No,11,Cash,Quarterly
3780,70,Female,Shirt,Clothing,25,Maryland,M,White,Fall,3.6,No,Express,No,No,7,Bank Transfer,Quarterly
3781,30,Male,T-shirt,Clothing,63,Connecticut,L,Teal,Winter,3.6,Yes,2-Day Shipping,No,No,9,Credit Card,Annually
3782,61,Female,Handbag,Accessories,60,Alaska,S,Charcoal,Summer,3.9,No,Free Shipping,No,No,22,Cash,Monthly
3783,46,Female,Shoes,Footwear,56,Mississippi,XL,Turquoise,Fall,3.3,No,Next Day Air,Yes,Yes,8,Debit Card,Annually
3784,38,Male,Jacket,Outerwear,94,Massachusetts,L,Orange,Summer,4.8,Yes,Express,Yes,Yes,36,PayPal,Weekly
3785,43,Male,Sandals,Footwear,61,Massachusetts,M,Black,Spring,3.1,Yes,2-Day Shipping,Yes,Yes,24,Cash,Quarterly
3786,24,Female,Sandals,Footwear,44,Louisiana,L,White,Winter,4.5,No,Store Pickup,Yes,Yes,17,Bank Transfer,Monthly
3787,44,Female,Skirt,Clothing,47,Massachusetts,L,Olive,Spring,3.0,No,Store Pickup,No,No,33,Cash,Fortnightly
3788,28,Male,Jeans,Clothing,69,Alabama,L,Violet,Summer,3.5,No,Standard,No,No,28,Bank Transfer,Monthly
3789,38,Male,Gloves,Accessories,35,Mississippi,S,Blue,Summer,3.9,No,Store Pickup,Yes,Yes,6,PayPal,Annually
3790,58,Female,Sunglasses,Accessories,55,Texas,XL,Charcoal,Spring,3.2,Yes,Store Pickup,Yes,Yes,19,Bank Transfer,Monthly
3791,48,Male,Sweater,Clothing,72,Connecticut,M,Violet,Winter,3.1,No,Express,No,No,3,Bank Transfer,Monthly
3792,22,Male,Jewelry,Accessories,35,Delaware,L,Cyan,Summer,3.6,No,2-Day Shipping,No,No,4,Cash,Every 3 Months
3793,57,Male,Shirt,Clothing,47,South Carolina,M,Olive,Summer,4.2,Yes,Next Day Air,No,No,5,Debit Card,Annually
3794,44,Male,Sweater,Clothing,31,Montana,M,Peach,Summer,3.7,No,Express,No,No,5,PayPal,Annually
3795,36,Female,Pants,Clothing,44,Illinois,XL,White,Winter,4.8,No,Express,No,No,4,PayPal,Every 3 Months
3796,55,Female,Sneakers,Footwear,52,South Carolina,M,Green,Summer,4.0,No,Next Day Air,Yes,Yes,8,Cash,Monthly
3797,41,Female,Hat,Accessories,53,Kentucky,S,Red,Winter,3.5,No,Express,No,No,14,Credit Card,Quarterly
3798,27,Female,Sunglasses,Accessories,48,New Mexico,L,Red,Fall,2.1,Yes,Free Shipping,No,No,21,Debit Card,Monthly
3799,70,Male,Sandals,Footwear,54,Nevada,M,Purple,Winter,2.7,No,Store Pickup,No,No,6,Bank Transfer,Annually
3800,44,Male,Sandals,Footwear,76,Florida,L,Olive,Fall,3.5,No,Express,Yes,Yes,7,PayPal,Quarterly
3801,43,Male,Blouse,Clothing,63,Pennsylvania,XL,Black,Winter,2.8,No,Next Day Air,No,No,21,Bank Transfer,Quarterly
3802,38,Male,Boots,Footwear,94,New Mexico,S,Gold,Fall,3.5,No,Express,No,No,15,Credit Card,Monthly
3803,62,Male,Jeans,Clothing,47,Hawaii,M,Orange,Spring,3.8,No,Standard,No,No,9,Debit Card,Quarterly
3804,36,Male,Jewelry,Accessories,50,Pennsylvania,XL,Lavender,Spring,3.6,No,2-Day Shipping,Yes,Yes,4,Bank Transfer,Every 3 Months
3805,21,Male,Skirt,Clothing,66,New York,XL,Charcoal,Winter,3.5,Yes,Free Shipping,Yes,Yes,7,Venmo,Quarterly
3806,34,Male,Sweater,Clothing,50,Texas,M,Purple,Spring,4.9,No,Express,No,No,9,PayPal,Quarterly
3807,64,Female,Hat,Accessories,57,Tennessee,L,Magenta,Spring,3.8,No,Express,Yes,Yes,4,Debit Card,Quarterly
3808,56,Female,Dress,Clothing,33,Kansas,M,Silver,Winter,3.6,Yes,Free Shipping,Yes,Yes,14,PayPal,Quarterly
3809,40,Female,Belt,Accessories,51,Washington,M,Olive,Summer,3.2,No,Standard,No,No,2,Credit Card,Every 3 Months
3810,65,Female,Handbag,Accessories,77,Alaska,L,Indigo,Spring,3.7,Yes,2-Day Shipping,Yes,Yes,2,Debit Card,Annually
3811,55,Female,Handbag,Accessories,87,Kentucky,M,Blue,Spring,3.5,No,Express,No,No,35,Debit Card,Fortnightly
3812,40,Male,Hoodie,Clothing,87,New Mexico,M,Blue,Summer,4.8,Yes,Express,Yes,Yes,13,Bank Transfer,Every 3 Months
3813,42,Female,Shorts,Clothing,60,Nebraska,M,Maroon,Winter,4.0,No,2-Day Shipping,No,No,11,Credit Card,Annually
3814,49,Male,Blouse,Clothing,66,Idaho,L,Green,Summer,4.6,No,Free Shipping,Yes,Yes,30,Bank Transfer,Bi-Weekly
3815,32,Male,Shoes,Footwear,65,Georgia,M,Purple,Winter,3.8,No,2-Day Shipping,No,No,14,Cash,Quarterly
3816,44,Male,Sneakers,Footwear,57,South Carolina,M,Peach,Fall,4.4,Yes,Express,No,No,8,Credit Card,Monthly
3817,49,Male,Socks,Clothing,43,Utah,S,Gray,Summer,3.1,No,Standard,No,No,26,Debit Card,Fortnightly
3818,19,Male,Gloves,Accessories,61,North Dakota,S,Red,Spring,3.9,No,Standard,Yes,Yes,28,Debit Card,Monthly
3819,41,Female,Hat,Accessories,55,Nebraska,XL,Orange,Winter,3.2,No,Store Pickup,Yes,Yes,21,Bank Transfer,Monthly
3820,39,Female,Coat,Outerwear,81,Rhode Island,M,Turquoise,Winter,3.3,No,Next Day Air,Yes,Yes,18,Bank Transfer,Monthly
3821,59,Female,Hoodie,Clothing,20,Illinois,M,White,Spring,3.7,No,Standard,Yes,Yes,16,Debit Card,Quarterly
3822,18,Female,Sunglasses,Accessories,54,Wisconsin,XL,Yellow,Summer,3.2,No,Standard,No,No,12,Debit Card,Annually
3823,38,Male,Belt,Accessories,76,Connecticut,S,Brown,Fall,2.9,No,Next Day Air,No,No,16,Credit Card,Monthly
3824,37,Male,Skirt,Clothing,67,New Jersey,M,Olive,Winter,4.3,No,Express,No,No,22,Credit Card,Monthly
3825,58,Female,Shirt,Clothing,42,Louisiana,L,Beige,Winter,2.7,No,Store Pickup,Yes,Yes,15,Debit Card,Every 3 Months
3826,43,Male,Socks,Clothing,37,Virginia,L,Violet,Summer,4.7,No,Standard,No,No,12,Venmo,Quarterly
3827,70,Male,Hat,Accessories,62,Illinois,M,Purple,Winter,3.3,Yes,Free Shipping,No,No,1,Cash,Annually
3828,54,Male,Scarf,Accessories,70,North Carolina,L,Gold,Fall,4.1,No,2-Day Shipping,No,No,10,Debit Card,Every 3 Months
3829,38,Female,Sunglasses,Accessories,65,Delaware,L,Peach,Summer,4.1,No,Store Pickup,No,No,26,Debit Card,Bi-Weekly
3830,48,Female,Pants,Clothing,60,Georgia,L,Olive,Summer,3.0,No,Free Shipping,No,No,3,Cash,Quarterly
3831,39,Male,Sneakers,Footwear,70,Massachusetts,M,Olive,Winter,3.9,No,Store Pickup,No,No,14,PayPal,Annually
3832,57,Female,Sweater,Clothing,62,South Carolina,L,Olive,Winter,3.8,No,Free Shipping,Yes,Yes,6,Cash,Quarterly
3833,24,Male,Coat,Outerwear,78,Indiana,M,Yellow,Winter,4.0,No,Standard,No,No,12,Credit Card,Every 3 Months
3834,32,Male,Pants,Clothing,73,Ohio,L,Silver,Summer,4.4,No,Free Shipping,No,No,9,PayPal,Quarterly
3835,51,Male,Boots,Footwear,53,New Hampshire,XL,Lavender,Summer,,No,2-Day Shipping,No,No,13,Cash,Annually
3836,62,Male,Sneakers,Footwear,46,Wisconsin,L,Silver,Winter,3.1,No,Store Pickup,No,No,16,Venmo,Bi-Weekly
3837,18,Female,Sandals,Footwear,72,Kansas,L,Brown,Summer,3.6,No,Standard,Yes,Yes,9,Venmo,Annually
3838,65,Male,Shoes,Footwear,52,Illinois,M,Gray,Winter,3.2,No,Next Day Air,No,No,13,Cash,Annually
3839,42,Female,Sweater,Clothing,27,Virginia,S,Blue,Fall,3.4,No,2-Day Shipping,No,No,17,Debit Card,Monthly
3840,18,Male,Handbag,Accessories,86,Kentucky,M,Violet,Fall,4.0,Yes,Store Pickup,Yes,Yes,3,Credit Card,Every 3 Months
3841,18,Female,Backpack,Accessories,61,Hawaii,S,Beige,Spring,4.1,No,Standard,Yes,Yes,25,Credit Card,Quarterly
3842,21,Female,Dress,Clothing,61,Tennessee,L,Violet,Spring,4.0,No,Store Pickup,No,No,15,Cash,Annually
3843,44,Female,Coat,Outerwear,65,South Dakota,L,Teal,Fall,3.8,No,Next Day Air,No,No,20,Cash,Bi-Weekly
3844,43,Female,Jeans,Clothing,71,Arkansas,M,White,Summer,4.0,No,2-Day Shipping,No,No,16,Debit Card,Monthly
3845,53,Female,Jeans,Clothing,37,Texas,S,Silver,Fall,3.4,No,Free Shipping,No,No,20,Venmo,Bi-Weekly
3846,36,Male,Shoes,Footwear,60,New York,L,Magenta,Winter,4.5,No,Next Day Air,Yes,Yes,2,Debit Card,Quarterly
3847,27,Female,Pants,Clothing,63,Indiana,M,Teal,Spring,4.1,No,Free Shipping,No,No,21,PayPal,Monthly
3848,38,Female,Hoodie,Clothing,67,Nebraska,M,Yellow,Winter,3.7,No,Next Day Air,Yes,Yes,8,Venmo,Every 3 Months
3849,45,Male,Sweater,Clothing,31,Idaho,M,Violet,Spring,4.4,No,Free Shipping,Yes,Yes,20,Cash,Quarterly
3850,47,Male,Belt,Accessories,67,Florida,S,Silver,Spring,3.4,No,Store Pickup,No,No,4,Bank Transfer,Quarterly
3851,32,Male,Sandals,Footwear,53,Connecticut,L,Silver,Winter,3.7,No,Store Pickup,No,No,7,Credit Card,Quarterly
3852,58,Male,Socks,Clothing,54,Florida,S,Pink,Spring,4.2,Yes,2-Day Shipping,No,No,23,Debit Card,Quarterly
3853,35,Male,Belt,Accessories,38,New Jersey,M,Violet,Fall,3.0,Yes,Standard,Yes,Yes,7,Credit Card,Every 3 Months
3854,31,Male,Scarf,Accessories,93,South Dakota,S,Lavender,Spring,5.0,No,Standard,No,No,22,Debit Card,Bi-Weekly
3855,36,Female,Belt,Accessories,55,Missouri,M,Maroon,Spring,3.4,No,Next Day Air,No,No,17,Bank Transfer,Quarterly
3856,60,Male,Backpack,Accessories,61,Alabama,M,Turquoise,Spring,3.5,No,Free Shipping,No,No,6,Debit Card,Annually
3857,42,Female,Jacket,Outerwear,51,Michigan,S,Gold,Fall,3.6,No,Free Shipping,No,No,12,Bank Transfer,Annually
3858,34,Male,Blouse,Clothing,34,Pennsylvania,XL,Silver,Summer,4.1,No,Store Pickup,No,No,23,Cash,Bi-Weekly
3859,58,Female,Blouse,Clothing,71,Tennessee,L,Blue,Spring,4.2,No,Standard,Yes,Yes,3,PayPal,Quarterly
3860,70,Male,Gloves,Accessories,41,Oregon,S,Orange,Winter,4.6,Yes,Express,Yes,Yes,23,Cash,Monthly
3861,47,Male,Hoodie,Clothing,79,Maine,S,Beige,Spring,3.7,No,Free Shipping,Yes,Yes,14,Venmo,Every 3 Months
3862,63,Male,Hat,Accessories,92,North Carolina,L,Yellow,Spring,3.9,Yes,Free Shipping,No,No,37,Debit Card,Monthly
3863,60,Female,Shirt,Clothing,46,Arkansas,S,Turquoise,Spring,2.8,No,Standard,No,No,10,Debit Card,Annually
3864,35,Male,Shorts,Clothing,51,Massachusetts,M,Gold,Winter,3.1,No,2-Day Shipping,No,No,7,Venmo,Quarterly
3865,44,Female,Coat,Outerwear,27,Nebraska,S,Brown,Summer,3.5,No,Next Day Air,No,No,30,Credit Card,Quarterly
3866,25,Male,Shorts,Clothing,30,Alaska,M,Pink,Winter,3.9,No,Standard,No,No,13,Venmo,Annually
3867,41,Female,Backpack,Accessories,67,Alabama,XL,Violet,Winter,3.7,No,Next Day Air,No,No,20,Bank Transfer,Fortnightly
3868,35,Male,Belt,Accessories,77,South Dakota,M,Green,Summer,4.1,No,Next Day Air,No,No,5,Credit Card,Every 3 Months
3869,38,Female,Shorts,Clothing,45,Idaho,XL,Yellow,Winter,3.7,No,Store Pickup,Yes,Yes,37,Credit Card,Bi-Weekly
3870,33,Male,T-shirt,Clothing,48,Connecticut,L,Magenta,Summer,3.6,No,Standard,No,No,7,Bank Transfer,Every 3 Months
3871,40,Male,Blouse,Clothing,33,New Jersey,XL,Magenta,Fall,5.0,No,Store Pickup,Yes,Yes,21,Bank Transfer,Quarterly
3872,52,Male,Belt,Accessories,45,Iowa,L,Green,Fall,3.6,Yes,2-Day Shipping,No,No,14,Bank Transfer,Annually
3873,42,Male,Pants,Clothing,79,Wisconsin,L,Gold,Winter,4.3,No,Express,No,No,12,Bank Transfer,Quarterly
3874,18,Male,Hat,Accessories,62,West Virginia,M,Green,Spring,3.0,No,Store Pickup,No,No,18,Credit Card,Quarterly
3875,33,Female,Shorts,Clothing,29,Tennessee,L,Charcoal,Spring,3.8,No,2-Day Shipping,Yes,Yes,4,Debit Card,Quarterly
3876,21,Male,Shorts,Clothing,73,Kansas,S,Indigo,Fall,3.3,Yes,Standard,Yes,Yes,29,Bank Transfer,Bi-Weekly
3877,48,Male,Shirt,Clothing,96,Utah,L,Gray,Winter,4.9,No,Standard,Yes,Yes,4,Venmo,Every 3 Months
3878,52,Female,Socks,Clothing,52,Illinois,L,Black,Fall,3.4,No,Free Shipping,Yes,Yes,33,Debit Card,Fortnightly
3879,48,Male,Blouse,Clothing,47,Idaho,S,Indigo,Spring,3.7,No,Free Shipping,No,No,5,Debit Card,Quarterly
3880,32,Male,Jacket,Outerwear,77,Wisconsin,M,Beige,Spring,3.1,No,Standard,Yes,Yes,20,Credit Card,Bi-Weekly
3881,48,Female,Socks,Clothing,74,North Dakota,M,Charcoal,Fall,3.2,No,Free Shipping,No,No,23,Cash,Bi-Weekly
3882,37,Female,Hat,Accessories,70,California,M,Red,Winter,3.7,No,Store Pickup,No,No,17,Venmo,Fortnightly
3883,27,Female,Backpack,Accessories,52,Vermont,M,Beige,Fall,4.0,No,Free Shipping,No,No,17,Bank Transfer,Fortnightly
3884,55,Male,Hat,Accessories,50,Florida,M,Gray,Summer,4.4,No,Free Shipping,No,No,10,PayPal,Annually
3885,56,Female,Hat,Accessories,29,Ohio,M,Purple,Fall,3.4,No,Next Day Air,No,No,13,Cash,Every 3 Months
3886,58,Male,Skirt,Clothing,44,Michigan,M,Beige,Spring,3.3,Yes,Next Day Air,No,No,21,Venmo,Fortnightly
3887,35,Female,Gloves,Accessories,63,Alabama,S,Red,Summer,4.5,No,Express,No,No,8,Cash,Every 3 Months
3888,62,Female,Pants,Clothing,49,South Carolina,M,Blue,Winter,4.7,No,Store Pickup,No,No,30,Bank Transfer,Monthly
3889,37,Female,Boots,Footwear,64,Ohio,M,Black,Fall,3.6,No,2-Day Shipping,Yes,Yes,20,Debit Card,Bi-Weekly
3890,54,Male,Skirt,Clothing,60,Vermont,M,Charcoal,Spring,4.0,Yes,Store Pickup,No,No,26,Cash,Monthly
3891,36,Male,Belt,Accessories,58,New Mexico,S,Turquoise,Spring,4.8,No,Standard,No,No,36,Venmo,Fortnightly
3892,41,Female,Gloves,Accessories,57,Pennsylvania,XL,Black,Spring,5.0,No,Free Shipping,Yes,Yes,21,Cash,Quarterly
3893,18,Male,Sunglasses,Accessories,75,Virginia,M,Blue,Summer,4.0,Yes,Store Pickup,Yes,Yes,12,Cash,Every 3 Months
3894,39,Male,T-shirt,Clothing,72,Wisconsin,M,White,Spring,4.2,No,Store Pickup,No,No,21,Credit Card,Bi-Weekly
3895,45,Female,Backpack,Accessories,57,New Hampshire,M,Peach,Winter,3.8,No,Next Day Air,No,No,6,Bank Transfer,Quarterly
3896,38,Female,Scarf,Accessories,60,Alabama,L,Orange,Summer,2.9,Yes,2-Day Shipping,No,No,25,Cash,Monthly
3897,70,Male,Belt,Accessories,56,Louisiana,M,Black,Spring,4.0,No,Free Shipping,Yes,Yes,4,Bank Transfer,Every 3 Months
3898,27,Male,Sweater,Clothing,45,New Mexico,M,Indigo,Summer,4.5,No,Store Pickup,No,No,5,Debit Card,Every 3 Months
3899,36,Male,Pants,Clothing,75,Colorado,M,Orange,Fall,3.2,No,Free Shipping,Yes,Yes,13,PayPal,Every 3 Months
3900,30,Male,Skirt,Clothing,49,Colorado,M,Olive,Fall,2.6,No,Express,No,No,27,Venmo,Bi-Weekly
